strategy,seed,emitter_count,directional_count,cleared_count,clear_rate,all_cleared,average_localize_clear_time_s,virtual_time_s,movement_time_s,movement_distance_m,measure_time_s,measure_count,channel_switch_count,optical_count,clear_attempt_count,clear_success_count,directional_loss_count,directional_reacquisition_count,mean_first_seen_time_s,max_first_seen_time_s,wall_time_s
deferred,10000,14,14,14,1.0,True,871.0929348217403,12195.301087504364,8364.301087504364,41821.50543752182,3135.0,627,626,14,14,14,14,14,3330.714285714286,7691.0,0.03102386399768875
deferred,10001,12,12,12,1.0,True,1062.2431493693002,12746.917792431603,8127.917792431603,40639.58896215801,3800.0,760,759,12,12,12,14,14,3384.5,7193.0,0.026973451997037046
deferred,10002,13,13,13,1.0,True,983.4514260490973,12784.868538638266,8460.86853863827,42304.34269319136,3550.0,710,709,13,13,13,12,12,4179.615384615385,8795.0,0.032024365002143895
deferred,10003,16,16,16,1.0,True,653.6032251120054,10457.651601792086,6964.651601792088,34823.25800896043,2845.0,569,568,16,16,16,13,13,3167.375,6005.0,0.030706651999935275
deferred,10004,14,14,14,1.0,True,850.713491040235,11909.98887456329,8576.988874563296,42884.94437281647,2720.0,544,543,14,14,14,11,11,1514.857142857143,5747.0,0.023440820001269458
deferred,10005,16,16,16,1.0,True,672.533357283042,10760.533716528673,7141.533716528669,35707.668582643346,2950.0,590,589,16,16,16,21,21,2023.625,5501.0,0.03590044900192879
deferred,10006,11,11,11,1.0,True,1118.2096906996276,12300.306597695902,7992.3065976959,39961.5329884795,3545.0,709,708,11,11,11,11,11,3678.090909090909,7781.0,0.02306685100120376
deferred,10007,12,12,12,1.0,True,1056.0604123795858,12672.724948555031,8287.72494855503,41438.624742775144,3605.0,721,720,12,12,12,11,11,3033.5,7505.0,0.024235234002844663
deferred,10008,11,11,11,1.0,True,1097.2490373650683,12069.739411015751,7971.739411015752,39858.69705507875,3370.0,674,673,11,11,11,15,15,1341.3636363636363,4955.0,0.02354130000094301
deferred,10009,12,12,12,1.0,True,1010.9892231641493,12131.870677969791,7920.870677969792,39604.35338984895,3460.0,692,691,12,12,12,15,15,2267.0,9053.0,0.025963858999602962
deferred,10010,14,14,14,1.0,True,920.6499471696017,12889.099260374423,8386.099260374425,41930.496301872125,3695.0,739,738,14,14,14,18,18,2943.714285714286,7925.0,0.03327726000134135
deferred,10011,11,11,11,1.0,True,1147.966305948996,12627.629365438956,8037.629365438955,40188.14682719478,3780.0,756,755,11,11,11,10,10,4108.454545454545,7667.0,0.022538571000040974
deferred,10012,13,13,13,1.0,True,966.3333098054361,12562.33302747067,8112.333027470668,40561.66513735335,3655.0,731,730,13,13,13,14,14,4615.307692307692,8759.0,0.020924814001773484
deferred,10013,12,12,12,1.0,True,1035.2087371902123,12422.504846282549,8145.504846282547,40727.52423141274,3515.0,703,702,12,12,12,12,12,3349.0,8075.0,0.0318727099984244
deferred,10014,13,13,13,1.0,True,896.9047737148014,11659.76205829242,7995.762058292419,39978.81029146208,3000.0,600,599,13,13,13,10,10,2266.5384615384614,6707.0,0.02390604099855409
deferred,10015,11,11,11,1.0,True,1105.406098242094,12159.467080663035,7779.467080663031,38897.33540331516,3605.0,721,720,11,11,11,15,15,1811.5454545454545,8981.0,0.027671081999869784
deferred,10016,13,13,13,1.0,True,974.8640525744316,12673.232683467611,8517.232683467611,42586.16341733805,3410.0,682,681,13,13,13,12,12,2887.769230769231,6449.0,0.024200438001571456
deferred,10017,14,14,14,1.0,True,899.5542024583061,12593.758834416285,8528.758834416289,42643.79417208145,3330.0,666,665,14,14,14,14,14,3390.714285714286,6305.0,0.02530876899982104
deferred,10018,14,14,14,1.0,True,923.5772781238845,12930.081893734383,8715.081893734385,43575.409468671925,3455.0,691,690,14,14,14,14,14,3017.4285714285716,7871.0,0.033480807000159984
deferred,10019,13,13,13,1.0,True,966.3332662202637,12562.332460863428,8364.33246086343,41821.66230431716,3445.0,689,688,13,13,13,13,13,3899.0,8861.0,0.02209118400060106
deferred,10020,15,15,15,1.0,True,911.7728939896728,13676.59340984509,9511.59340984509,47557.96704922546,3410.0,682,680,15,15,15,17,17,2516.2,7721.0,0.047222494999004994
deferred,10021,14,14,14,1.0,True,889.7718790930629,12456.80630730288,8535.806307302886,42679.03153651442,3210.0,642,641,14,14,14,18,18,3278.8571428571427,7457.0,0.025899477001075866
deferred,10022,15,15,15,1.0,True,869.5364697227617,13043.047045841426,9311.047045841422,46555.23522920714,3050.0,610,607,15,15,15,16,16,2269.0,5705.0,0.04386829099894385
deferred,10023,15,15,15,1.0,True,804.9772147929048,12074.658221893571,8196.658221893571,40983.29110946786,3170.0,634,633,15,15,15,14,14,3361.8,7481.0,0.02571218199955183
deferred,10024,11,11,11,1.0,True,1113.5547057544272,12249.101763298699,7833.1017632987,39165.508816493486,3635.0,727,726,11,11,11,8,8,3176.818181818182,5381.0,0.02657486600219272
deferred,10025,13,13,13,1.0,True,931.4293266611063,12108.581246594382,8342.581246594385,41712.90623297192,3085.0,617,616,13,13,13,9,9,1715.923076923077,8135.0,0.02008850000129314
deferred,10026,14,14,14,1.0,True,935.7359568863778,13100.30339640929,9017.303396409285,45086.51698204642,3345.0,669,668,14,14,14,18,18,2992.5714285714284,7331.0,0.03758201500022551
deferred,10027,11,11,11,1.0,True,1128.522183828179,12413.74402210997,7973.744022109969,39868.72011054984,3655.0,731,730,11,11,11,12,12,2595.3636363636365,8885.0,0.024956609999208013
deferred,10028,12,12,12,1.0,True,1012.0262217693042,12144.31466123165,7981.314661231649,39906.57330615823,3420.0,684,683,12,12,12,12,12,2786.0,7871.0,0.022604585999943083
deferred,10029,11,11,11,1.0,True,1086.446599352018,11950.912592872199,7786.912592872202,38934.562964361,3425.0,685,684,11,11,11,12,12,2040.6363636363637,5129.0,0.022976500000368105
deferred,10030,14,14,14,1.0,True,900.4297997261249,12606.017196165749,8877.01719616575,44385.085980828735,3050.0,610,609,14,14,14,10,10,2836.1428571428573,7127.0,0.02645113200196647
deferred,10031,12,12,12,1.0,True,1035.4790000613302,12425.748000735963,8184.748000735959,40923.7400036798,3485.0,697,696,12,12,12,9,9,3170.0,8891.0,0.021288163003191585
deferred,10032,10,10,10,1.0,True,1258.7668285511645,12587.668285511645,8044.668285511642,40223.34142755822,3745.0,749,748,10,10,10,9,9,3300.8,8213.0,0.026481910001166398
deferred,10033,14,14,14,1.0,True,897.4285145703333,12563.999203984666,8330.999203984662,41654.9960199233,3470.0,694,693,14,14,14,16,16,2864.0,8291.0,0.030931548000808107
deferred,10034,14,14,14,1.0,True,996.7888228457758,13955.043519840861,9519.043519840865,47595.217599204334,3640.0,728,726,14,14,14,15,15,4169.857142857143,8219.0,0.04490767999959644
deferred,10035,16,16,16,1.0,True,704.2240983953784,11267.585574326054,7318.585574326057,36592.92787163027,3225.0,645,644,16,16,16,15,15,4235.375,8957.0,0.02711973799887346
deferred,10036,12,12,12,1.0,True,1041.6775843296089,12500.131011955305,8499.131011955305,42495.65505977652,3285.0,657,656,12,12,12,8,8,2805.0,5579.0,0.02281729800233734
deferred,10037,11,11,11,1.0,True,1109.9559351518194,12209.515286670014,8093.515286670014,40467.576433350085,3385.0,677,676,11,11,11,11,11,1352.8181818181818,7265.0,0.021519650999834994
deferred,10038,10,10,10,1.0,True,1245.8415073698209,12458.415073698208,7819.415073698207,39097.075368491045,3825.0,765,764,10,10,10,10,10,4187.0,7403.0,0.021929286001977744
deferred,10039,11,11,11,1.0,True,1149.2015368354275,12641.216905189704,8357.216905189705,41786.084525948514,3525.0,705,704,11,11,11,11,11,3198.6363636363635,6005.0,0.017254332000447903
deferred,10040,15,15,15,1.0,True,864.6826925559866,12970.240388339798,8919.240388339796,44596.201941699,3315.0,663,661,15,15,15,17,17,2796.6,8093.0,0.04116476999843144
deferred,10041,13,13,13,1.0,True,974.4432589887094,12667.762366853223,8745.762366853221,43728.8118342661,3215.0,643,642,13,13,13,12,12,2905.3076923076924,8081.0,0.026959925002302043
deferred,10042,12,12,12,1.0,True,1036.852887703197,12442.234652438365,8327.234652438367,41636.17326219183,3380.0,676,675,12,12,12,14,14,2495.5,5543.0,0.024341415999515448
deferred,10043,10,10,10,1.0,True,1241.8774930450347,12418.774930450347,8001.774930450345,40008.87465225173,3640.0,728,727,10,10,10,9,9,2502.8,8075.0,0.021546571999351727
deferred,10044,11,11,11,1.0,True,1202.1239778234697,13223.363756058166,8813.363756058166,44066.818780290836,3630.0,726,725,11,11,11,12,12,3324.6363636363635,6473.0,0.019771039002080215
deferred,10045,12,12,12,1.0,True,1025.423059464052,12305.076713568624,8550.076713568626,42750.38356784314,3080.0,616,615,12,12,12,11,11,1849.0,5537.0,0.025062070999410935
deferred,10046,12,12,12,1.0,True,1043.483885470391,12521.806625644693,8478.806625644691,42394.033128223455,3320.0,664,663,12,12,12,6,6,3259.5,8717.0,0.020851876000961056
deferred,10047,13,13,13,1.0,True,975.7444970246484,12684.678461320429,8258.678461320433,41293.392306602174,3635.0,727,726,13,13,13,15,15,2381.0,7295.0,0.029846225999790477
deferred,10048,15,15,15,1.0,True,819.4757197368536,12292.135796052804,8234.135796052804,41170.67898026403,3320.0,664,663,15,15,15,19,19,3264.2,7733.0,0.03433374200176331
deferred,10049,10,10,10,1.0,True,1251.5352923953303,12515.352923953304,8014.3529239533045,40071.76461976652,3710.0,742,741,10,10,10,8,8,1913.6,8753.0,0.017224864997842815
deferred,10050,11,11,11,1.0,True,1173.84941178657,12912.34352965227,8418.34352965227,42091.71764826134,3700.0,740,739,11,11,11,12,12,2643.909090909091,5795.0,0.02321898900117958
deferred,10051,12,12,12,1.0,True,1103.6902413466357,13244.28289615963,8649.282896159628,43246.41448079814,3780.0,756,755,12,12,12,11,11,4253.5,9197.0,0.020538228000077652
deferred,10052,13,13,13,1.0,True,1015.7777217903541,13205.110383274603,9037.110383274601,45185.551916373,3420.0,684,683,13,13,13,11,11,3117.153846153846,7583.0,0.030594078998547047
deferred,10053,13,13,13,1.0,True,977.0518792488679,12701.674430235282,8690.674430235282,43453.37215117642,3290.0,658,656,13,13,13,9,9,2774.230769230769,6035.0,0.04219806800028891
deferred,10054,15,15,15,1.0,True,812.38135279651,12185.72029194765,8727.720291947648,43638.60145973824,2820.0,564,563,15,15,15,17,17,2528.2,8375.0,0.028490384000178892
deferred,10055,14,14,14,1.0,True,856.0923840144213,11985.293376201898,8250.293376201897,41251.46688100948,3055.0,611,610,14,14,14,15,15,2394.285714285714,6281.0,0.025713464001455577
deferred,10056,10,10,10,1.0,True,1247.239802580139,12472.398025801389,8019.398025801391,40096.99012900695,3670.0,734,733,10,10,10,12,12,1626.2,5021.0,0.021733014000346884
deferred,10057,10,10,10,1.0,True,1214.2698594126337,12142.698594126336,7689.698594126335,38448.49297063168,3670.0,734,733,10,10,10,11,11,1694.0,5543.0,0.01605077199928928
deferred,10058,11,11,11,1.0,True,1120.6587795377486,12327.246574915234,7983.246574915235,39916.23287457618,3575.0,715,714,11,11,11,12,12,2703.3636363636365,8099.0,0.020204149001074256
deferred,10059,12,12,12,1.0,True,1020.1935059043846,12242.322070852615,8271.322070852615,41356.61035426309,3260.0,652,651,12,12,12,12,12,1969.0,5939.0,0.022320366999338148
deferred,10060,13,13,13,1.0,True,997.7284381214008,12970.469695578211,8442.469695578211,42212.34847789106,3720.0,744,743,13,13,13,18,18,3970.5384615384614,9185.0,0.02573454400044284
deferred,10061,15,15,15,1.0,True,867.5728369797288,13013.592554695932,8939.592554695926,44697.96277347965,3335.0,667,664,15,15,15,14,14,3359.8,7235.0,0.04672572399795172
deferred,10062,13,13,13,1.0,True,966.0202550890028,12558.263316157037,8432.263316157036,42161.31658078519,3385.0,677,676,13,13,13,8,8,3891.6153846153848,8159.0,0.0254245770011039
deferred,10063,11,11,11,1.0,True,1124.2048119874325,12366.252931861758,8100.252931861756,40501.26465930878,3510.0,702,701,11,11,11,11,11,2453.5454545454545,7427.0,0.021839295997779118
deferred,10064,16,16,16,1.0,True,673.0973431463584,10769.557490341735,7210.5574903417355,36052.78745170869,2900.0,580,579,16,16,16,18,18,2192.0,6617.0,0.03615020199868013
deferred,10065,16,16,16,1.0,True,722.678673493054,11562.858775888864,7703.858775888863,38519.29387944431,3150.0,630,629,16,16,16,19,19,3296.75,6665.0,0.028832893000071635
deferred,10066,12,12,12,1.0,True,1009.6172653202112,12115.407183842535,8204.407183842533,41022.03591921268,3210.0,642,641,12,12,12,10,10,1883.5,7661.0,0.021314673002052587
deferred,10067,12,12,12,1.0,True,1036.8946387496026,12442.73566499523,8231.735664995234,41158.67832497617,3460.0,692,691,12,12,12,14,14,1968.0,5831.0,0.029616487001476344
deferred,10068,10,10,10,1.0,True,1234.5614724652987,12345.614724652987,8084.614724652988,40423.07362326494,3510.0,702,701,10,10,10,14,14,1943.0,6755.0,0.021421243996883277
deferred,10069,12,12,12,1.0,True,1078.9816587323444,12947.779904788133,8220.779904788136,41103.89952394067,3890.0,778,777,12,12,12,20,20,3334.0,8069.0,0.02868129600028624
deferred,10070,16,16,16,1.0,True,675.5549853429844,10808.87976548775,7153.879765487756,35769.398827438774,2980.0,596,595,16,16,16,19,19,2484.5,6449.0,0.03324710299784783
deferred,10071,11,11,11,1.0,True,1168.7961996474314,12856.758196121746,8471.758196121744,42358.79098060871,3610.0,722,720,11,11,11,12,12,3366.090909090909,7667.0,0.03150762999939616
deferred,10072,16,16,16,1.0,True,666.7717279708917,10668.347647534267,7283.347647534269,36416.73823767135,2755.0,551,550,16,16,16,14,14,3105.875,5651.0,0.02839082600257825
deferred,10073,15,15,15,1.0,True,841.0257670885352,12615.386506328028,8587.386506328028,42936.93253164012,3295.0,659,658,15,15,15,19,19,2955.0,8429.0,0.027236788999289274
deferred,10074,10,10,10,1.0,True,1254.4345813852922,12544.345813852922,8361.34581385292,41806.72906926461,3445.0,689,688,10,10,10,7,7,2760.8,7481.0,0.020949690999259474
deferred,10075,14,14,14,1.0,True,830.798101170388,11631.173416385433,8184.173416385436,40920.86708192717,2815.0,563,562,14,14,14,14,14,1934.0,6989.0,0.028338716001599096
deferred,10076,16,16,16,1.0,True,626.5102005478384,10024.163208765414,6945.1632087654125,34725.816043827064,2500.0,500,499,16,16,16,14,14,2475.125,7487.0,0.025011514000652824
deferred,10077,10,10,10,1.0,True,1237.1969981048803,12371.969981048804,8158.969981048806,40794.849905244024,3470.0,694,693,10,10,10,10,10,1752.8,5699.0,0.02076230700185988
deferred,10078,13,13,13,1.0,True,948.7796401351935,12334.135321757516,8376.135321757518,41880.67660878758,3245.0,649,648,13,13,13,10,10,2939.923076923077,7175.0,0.030337713000335498
deferred,10079,12,12,12,1.0,True,1041.6934258498397,12500.321110198076,8019.321110198077,40096.60555099038,3685.0,737,736,12,12,12,10,10,4932.5,8435.0,0.022027402999810874
deferred,10080,16,16,16,1.0,True,817.7085569489225,13083.33691118276,9536.336911182758,47681.684555913795,2890.0,578,577,16,16,16,15,15,2312.75,5249.0,0.03333535100318841
deferred,10081,11,11,11,1.0,True,1150.396948179252,12654.366429971771,8328.366429971775,41641.83214985887,3560.0,712,711,11,11,11,13,13,2609.5454545454545,8531.0,0.031157135003013536
deferred,10082,10,10,10,1.0,True,1281.3135782579488,12813.135782579488,8600.135782579486,43000.678912897434,3470.0,694,693,10,10,10,6,6,3228.8,7523.0,0.018250318000355037
deferred,10083,13,13,13,1.0,True,942.4308133709515,12251.600573822368,8155.600573822369,40778.002869111835,3360.0,672,671,13,13,13,13,13,2914.5384615384614,6797.0,0.025014240000018617
deferred,10084,14,14,14,1.0,True,965.2910158057414,13514.07422128038,9324.074221280383,46620.371106401915,3435.0,687,685,14,14,14,15,15,3107.0,8351.0,0.044668998998531606
deferred,10085,14,14,14,1.0,True,837.5605624721833,11725.847874610567,8152.847874610565,40764.23937305282,2920.0,584,583,14,14,14,12,12,2063.4285714285716,6497.0,0.022846122999908403
deferred,10086,10,10,10,1.0,True,1252.9414882981976,12529.414882981975,8268.414882981975,41342.074414909875,3510.0,702,701,10,10,10,13,13,516.8,3785.0,0.024176904000341892
deferred,10087,15,15,15,1.0,True,825.725739064195,12385.886085962924,9103.886085962924,45519.43042981464,2675.0,535,532,15,15,15,11,11,1945.4,5393.0,0.03693246400143835
deferred,10088,10,10,10,1.0,True,1260.40858620339,12604.0858620339,7965.0858620338995,39825.4293101695,3825.0,765,764,10,10,10,9,9,3861.2,8051.0,0.017703893001453253
deferred,10089,16,16,16,1.0,True,817.3450519487568,13077.520831180109,9394.520831180109,46972.60415590056,3005.0,601,598,16,16,16,19,19,2300.75,7361.0,0.06032555400088313
deferred,10090,15,15,15,1.0,True,843.8614329770262,12657.921494655393,8690.921494655393,43454.60747327698,3245.0,649,647,15,15,15,14,14,2911.8,8201.0,0.04410633299994515
deferred,10091,12,12,12,1.0,True,1055.759107785225,12669.1092934227,8182.109293422705,40910.54646711353,3690.0,738,737,12,12,12,7,7,5419.5,9155.0,0.01908012000058079
deferred,10092,13,13,13,1.0,True,966.0807138835618,12559.049280486302,8709.0492804863,43545.24640243151,3155.0,631,630,13,13,13,10,10,3176.6923076923076,8075.0,0.028580805999808945
deferred,10093,10,10,10,1.0,True,1324.3422853865827,13243.422853865826,8641.422853865826,43207.11426932913,3795.0,759,757,10,10,10,7,7,3626.0,7931.0,0.040728952997596934
deferred,10094,15,15,15,1.0,True,866.3006346107703,12994.509519161555,8684.509519161551,43422.54759580775,3530.0,706,705,15,15,15,18,18,3793.8,8963.0,0.054436046000773786
deferred,10095,10,10,10,1.0,True,1236.5215332028235,12365.215332028236,7786.215332028234,38931.076660141174,3775.0,755,754,10,10,10,10,10,3963.8,8615.0,0.026995463002094766
deferred,10096,12,12,12,1.0,True,994.8986562696259,11938.783875235511,7937.783875235511,39688.919376177546,3285.0,657,656,12,12,12,12,12,2865.0,6707.0,0.03131897999992361
deferred,10097,10,10,10,1.0,True,1390.4505152029787,13904.505152029787,9008.505152029786,45042.52576014892,4040.0,808,806,10,10,10,11,11,2861.6,8609.0,0.04780907199892681
deferred,10098,15,15,15,1.0,True,831.3721660871355,12470.582491307032,8244.58249130703,41222.912456535145,3460.0,692,691,15,15,15,22,22,3570.6,8417.0,0.03453347999675316
deferred,10099,12,12,12,1.0,True,1030.9280008038404,12371.136009646085,8406.13600964608,42030.680048230395,3255.0,651,650,12,12,12,11,11,2658.0,8399.0,0.03696834500078694
deferred,10100,15,15,15,1.0,True,794.2332797131166,11913.49919569675,8227.499195696748,41137.49597848375,3010.0,602,601,15,15,15,12,12,3195.4,7823.0,0.03071466999972472
deferred,10101,15,15,15,1.0,True,763.550745378408,11453.26118067612,8259.26118067612,41296.305903380606,2600.0,520,519,15,15,15,12,12,2246.2,6887.0,0.026780405001773033
deferred,10102,15,15,15,1.0,True,830.6294170581302,12459.441255871954,8725.441255871952,43627.206279359765,3050.0,610,609,15,15,15,15,15,1979.8,8465.0,0.03238433400110807
deferred,10103,12,12,12,1.0,True,987.6837010380688,11852.204412456826,7899.204412456821,39496.022062284115,3245.0,649,648,12,12,12,10,10,2342.5,5687.0,0.027707381999789504
deferred,10104,15,15,15,1.0,True,801.2485510645844,12018.728265968766,8530.728265968766,42653.64132984383,2845.0,569,568,15,15,15,20,20,1907.0,8231.0,0.03447001799941063
deferred,10105,10,10,10,1.0,True,1256.0052012646863,12560.052012646864,7981.052012646865,39905.260063234324,3775.0,755,754,10,10,10,9,9,2532.8,6935.0,0.03446986600101809
deferred,10106,11,11,11,1.0,True,1128.93704811058,12418.307529216381,8032.30752921638,40161.5376460819,3610.0,722,721,11,11,11,15,15,1219.7272727272727,5561.0,0.02900573499937309
deferred,10107,10,10,10,1.0,True,1277.373784031341,12773.737840313412,8200.737840313413,41003.68920156708,3770.0,754,753,10,10,10,12,12,1937.6,9179.0,0.023377241999696707
deferred,10108,14,14,14,1.0,True,894.5050490465838,12523.070686652174,8440.070686652174,42200.35343326086,3345.0,669,668,14,14,14,15,15,2423.8571428571427,8015.0,0.030483579001156613
deferred,10109,14,14,14,1.0,True,862.8512840402722,12079.917976563811,8146.917976563808,40734.589882819055,3220.0,644,643,14,14,14,15,15,2264.0,8669.0,0.03163991899782559
deferred,10110,13,13,13,1.0,True,899.1823979639321,11689.371173531117,8049.371173531115,40246.855867655584,2980.0,596,595,13,13,13,13,13,1111.7692307692307,5639.0,0.027048365998780355
deferred,10111,11,11,11,1.0,True,1161.509838213169,12776.608220344859,8620.60822034486,43103.041101724295,3420.0,684,681,11,11,11,13,13,2142.090909090909,7493.0,0.039410645000316435
deferred,10112,10,10,10,1.0,True,1201.536795357389,12015.367953573892,7820.36795357389,39101.839767869445,3455.0,691,690,10,10,10,9,9,1768.4,8453.0,0.020888531998934923
deferred,10113,15,15,15,1.0,True,814.9819912072089,12224.729868108134,8472.729868108134,42363.64934054064,3065.0,613,612,15,15,15,13,13,2312.2,5363.0,0.03418638400034979
deferred,10114,10,10,10,1.0,True,1190.2126955412823,11902.126955412823,7995.126955412824,39975.63477706411,3215.0,643,642,10,10,10,8,8,1616.6,5195.0,0.025568176999513526
deferred,10115,14,14,14,1.0,True,834.5818847987472,11684.14638718246,8249.14638718246,41245.7319359123,2805.0,561,560,14,14,14,11,11,1985.857142857143,7043.0,0.030634177001047647
deferred,10116,16,16,16,1.0,True,659.7669491557109,10556.271186491374,6955.271186491374,34776.35593245688,2935.0,587,586,16,16,16,13,13,2619.875,8357.0,0.02905244999783463
deferred,10117,13,13,13,1.0,True,1015.7970268114337,13205.361348548638,8876.36134854864,44381.8067427432,3555.0,711,709,13,13,13,15,15,2338.076923076923,6551.0,0.05063798599803704
deferred,10118,12,12,12,1.0,True,1041.7286146830104,12500.743376196124,8253.743376196124,41268.71688098063,3490.0,698,697,12,12,12,12,12,3258.5,8927.0,0.030001090999576263
deferred,10119,16,16,16,1.0,True,690.0588782692984,11040.942052308774,7217.942052308775,36089.71026154387,3120.0,624,623,16,16,16,15,15,3501.875,7895.0,0.03506157200172311
deferred,10120,13,13,13,1.0,True,998.5579569123782,12981.253439860917,8549.253439860915,42746.26719930458,3640.0,728,727,13,13,13,12,12,4394.692307692308,8783.0,0.025298131000454305
deferred,10121,14,14,14,1.0,True,858.4915998647331,12018.882398106263,8493.882398106265,42469.41199053133,2880.0,576,575,14,14,14,12,12,2250.714285714286,7091.0,0.033604126001591794
deferred,10122,16,16,16,1.0,True,641.9335356385133,10270.936570216212,7227.936570216215,36139.68285108107,2470.0,494,493,16,16,16,8,8,2649.125,7943.0,0.02416631999949459
deferred,10123,12,12,12,1.0,True,1125.9337089184576,13511.204507021492,8816.204507021492,44081.02253510746,3865.0,773,770,12,12,12,15,15,3033.0,5969.0,0.04305949500121642
deferred,10124,10,10,10,1.0,True,1273.7874862006497,12737.874862006496,7948.8748620064935,39744.37431003247,3950.0,790,789,10,10,10,10,10,4064.6,8189.0,0.020356061999336816
deferred,10125,12,12,12,1.0,True,1008.036315850216,12096.435790202593,8041.435790202592,40207.17895101296,3330.0,666,665,12,12,12,11,11,2363.0,5627.0,0.021872577999602072
deferred,10126,12,12,12,1.0,True,1039.6134901818245,12475.361882181895,8216.361882181895,41081.809410909475,3500.0,700,699,12,12,12,9,9,3384.0,7655.0,0.030807925999397412
deferred,10127,11,11,11,1.0,True,1096.2976256929824,12059.273882622807,7919.273882622806,39596.36941311404,3405.0,681,680,11,11,11,10,10,2012.2727272727273,6323.0,0.03055252299964195
deferred,10128,14,14,14,1.0,True,905.4951942885413,12676.932720039578,9020.93272003958,45104.66360019789,2990.0,598,596,14,14,14,7,7,2486.0,8147.0,0.04137311500016949
deferred,10129,15,15,15,1.0,True,846.8851078950619,12703.276618425929,8837.276618425933,44186.38309212966,3160.0,632,631,15,15,15,15,15,2997.0,6755.0,0.02874777000033646
deferred,10130,10,10,10,1.0,True,1262.9981891227792,12629.981891227791,8506.98189122779,42534.90945613895,3395.0,679,678,10,10,10,9,9,1997.0,4691.0,0.02173486399988178
deferred,10131,16,16,16,1.0,True,633.4981557247015,10135.970491595224,6882.9704915952225,34414.852457976114,2645.0,529,528,16,16,16,17,17,1697.75,5837.0,0.029605271000036737
deferred,10132,16,16,16,1.0,True,843.5742656546871,13497.188250474994,8901.188250474994,44505.941252374956,3765.0,753,751,16,16,16,21,21,3693.875,7625.0,0.05138756599990302
deferred,10133,16,16,16,1.0,True,756.8990885319497,12110.385416511195,8588.385416511195,42941.92708255598,2870.0,574,572,16,16,16,16,16,3158.375,7979.0,0.0437735289997363
deferred,10134,11,11,11,1.0,True,1139.5857872638965,12535.443659902861,8493.443659902861,42467.21829951432,3325.0,665,662,11,11,11,9,9,2130.6363636363635,6749.0,0.0467076620006992
deferred,10135,12,12,12,1.0,True,1035.1581339799902,12421.897607759882,8414.897607759882,42074.4880387994,3290.0,658,657,12,12,12,11,11,2647.0,6023.0,0.021638926002196968
deferred,10136,15,15,15,1.0,True,830.9917444692661,12464.876167038992,8612.876167038994,43064.380835194956,3150.0,630,627,15,15,15,12,12,3188.2,7895.0,0.04264652599886176
deferred,10137,12,12,12,1.0,True,1039.4467723946243,12473.361268735493,8058.361268735493,40291.806343677476,3630.0,726,725,12,12,12,13,13,2894.0,7703.0,0.018280353000591276
deferred,10138,13,13,13,1.0,True,966.4197511170928,12563.456764522207,8575.456764522205,42877.28382261101,3270.0,654,653,13,13,13,14,14,2105.4615384615386,8501.0,0.02606379800272407
deferred,10139,11,11,11,1.0,True,1104.652157570763,12151.173733278392,7927.173733278392,39635.86866639196,3475.0,695,694,11,11,11,12,12,1423.7272727272727,5423.0,0.01995008299854817
deferred,10140,13,13,13,1.0,True,1024.1489841097257,13313.936793426434,8912.936793426434,44564.68396713216,3615.0,723,721,13,13,13,14,14,3771.153846153846,7733.0,0.03533779699864681
deferred,10141,12,12,12,1.0,True,993.8088571222388,11925.706285466866,7942.7062854668675,39713.531427334325,3270.0,654,653,12,12,12,10,10,1944.5,5303.0,0.026557551998848794
deferred,10142,16,16,16,1.0,True,796.6770183044634,12746.832292871415,9506.832292871415,47534.16146435708,2635.0,527,525,16,16,16,17,17,1881.875,6251.0,0.0467905299992708
deferred,10143,10,10,10,1.0,True,1246.4965735529827,12464.965735529826,8017.965735529829,40089.82867764914,3665.0,733,732,10,10,10,10,10,3408.2,7931.0,0.02211150500079384
deferred,10144,13,13,13,1.0,True,958.5325766120476,12460.923495956618,8364.923495956622,41824.6174797831,3360.0,672,671,13,13,13,11,11,3322.076923076923,5741.0,0.02991926199683803
deferred,10145,16,16,16,1.0,True,672.7841039800712,10764.54566368114,7271.545663681138,36357.728318405694,2845.0,569,568,16,16,16,14,14,3207.5,6665.0,0.0316284580003412
deferred,10146,14,14,14,1.0,True,895.629025904812,12538.806362667368,8389.806362667368,41949.031813336835,3400.0,680,679,14,14,14,20,20,1832.4285714285713,5585.0,0.03234085300209699
deferred,10147,16,16,16,1.0,True,691.385322116965,11062.16515387144,7485.165153871437,37425.82576935718,2915.0,583,582,16,16,16,15,15,2053.625,5711.0,0.033915101001184667
deferred,10148,12,12,12,1.0,True,1082.7266397480905,12992.719676977087,8902.719676977089,44513.598384885445,3360.0,672,670,12,12,12,14,14,1320.5,5351.0,0.05155575900062104
deferred,10149,12,12,12,1.0,True,1038.6826742548008,12464.192091057608,8367.192091057606,41835.96045528804,3365.0,673,672,12,12,12,11,11,2540.5,8693.0,0.032066772000689525
deferred,10150,13,13,13,1.0,True,892.6531317484364,11604.490712729674,8024.4907127296765,40122.453563648385,2930.0,586,585,13,13,13,8,8,2322.3846153846152,5489.0,0.022750484000425786
deferred,10151,11,11,11,1.0,True,1074.9206308667,11824.1269395337,7936.1269395336985,39680.634697668494,3195.0,639,638,11,11,11,10,10,1875.3636363636363,5675.0,0.02455378299782751
deferred,10152,10,10,10,1.0,True,1215.8659481764248,12158.659481764247,8065.659481764249,40328.29740882123,3370.0,674,673,10,10,10,8,8,1656.2,3755.0,0.024077860998659162
deferred,10153,10,10,10,1.0,True,1246.7939318848407,12467.939318848408,7924.93931884841,39624.69659424206,3745.0,749,748,10,10,10,11,11,2817.2,5723.0,0.023874350998084992
deferred,10154,12,12,12,1.0,True,995.0289114459624,11940.346937351549,8161.346937351548,40806.73468675774,3100.0,620,619,12,12,12,13,13,1815.5,5213.0,0.022128567998151993
deferred,10155,16,16,16,1.0,True,690.0981039605116,11041.569663368186,7320.569663368183,36602.84831684092,3035.0,607,606,16,16,16,15,15,3667.625,8591.0,0.027588803000980988
deferred,10156,15,15,15,1.0,True,842.1152345838593,12631.72851875789,8555.728518757891,42778.64259378945,3335.0,667,666,15,15,15,16,16,3885.0,8183.0,0.03215608699974837
deferred,10157,12,12,12,1.0,True,1000.2581764119908,12003.09811694389,8140.098116943888,40700.490584719446,3170.0,634,633,12,12,12,11,11,2215.5,6911.0,0.02588880099938251
deferred,10158,10,10,10,1.0,True,1257.0136427115795,12570.136427115795,7919.1364271157945,39595.68213557897,3835.0,767,766,10,10,10,10,10,3602.6,8879.0,0.02530514300087816
deferred,10159,16,16,16,1.0,True,828.2883657297515,13252.613851676024,9192.613851676022,45963.06925838011,3320.0,664,660,16,16,16,19,19,3021.125,8111.0,0.07703123200190021
deferred,10160,13,13,13,1.0,True,914.9396249693684,11894.21512460179,8524.215124601786,42621.07562300893,2755.0,551,550,13,13,13,12,12,1753.7692307692307,4835.0,0.02650836300017545
deferred,10161,12,12,12,1.0,True,1057.9895434757652,12695.874521709184,8648.874521709182,43244.37260854591,3325.0,665,662,12,12,12,10,10,1626.0,7049.0,0.042591213998093735
deferred,10162,13,13,13,1.0,True,981.502886452392,12759.537523881096,8471.537523881094,42357.687619405464,3520.0,704,703,13,13,13,13,13,3672.3846153846152,8495.0,0.028483357000368414
deferred,10163,14,14,14,1.0,True,849.9150850112077,11898.811190156908,8073.8111901569155,40369.055950784576,3130.0,626,625,14,14,14,5,5,3568.5714285714284,8345.0,0.020379571000376018
deferred,10164,10,10,10,1.0,True,1230.0135009112732,12300.135009112731,8159.135009112731,40795.67504556365,3410.0,682,681,10,10,10,6,6,1847.6,6413.0,0.019316845999128418
deferred,10165,12,12,12,1.0,True,1028.9967773636724,12347.96132836407,7944.961328364069,39724.80664182035,3620.0,724,723,12,12,12,7,7,4110.5,9017.0,0.023682193997956347
deferred,10166,12,12,12,1.0,True,1036.3406805110146,12436.088166132176,8219.088166132176,41095.44083066089,3465.0,693,692,12,12,12,11,11,3588.5,6785.0,0.019494718999339966
deferred,10167,15,15,15,1.0,True,796.4630280760393,11946.94542114059,8548.945421140592,42744.72710570295,2770.0,554,553,15,15,15,8,8,2718.2,7553.0,0.02744874299969524
deferred,10168,13,13,13,1.0,True,903.7204758147268,11748.366185591449,7772.366185591443,38861.83092795721,3260.0,652,651,13,13,13,17,17,2963.4615384615386,7319.0,0.028269050002563745
deferred,10169,14,14,14,1.0,True,882.8823958633435,12360.353542086808,8847.353542086807,44236.76771043402,2870.0,574,573,14,14,14,15,15,2146.1428571428573,6599.0,0.027215537000301993
deferred,10170,16,16,16,1.0,True,709.3141081351239,11349.025730161982,7610.025730161987,38050.12865080994,3050.0,610,609,16,16,16,19,19,3113.75,5735.0,0.034066795000399
deferred,10171,12,12,12,1.0,True,1001.3318651113568,12015.982381336282,8002.982381336283,40014.91190668143,3295.0,659,658,12,12,12,15,15,1716.0,4769.0,0.026168517000769498
deferred,10172,12,12,12,1.0,True,1128.0250841421016,13536.30100970522,8787.301009705217,43936.5050485261,3910.0,782,779,12,12,12,16,16,3669.0,8117.0,0.05633260000104201
deferred,10173,12,12,12,1.0,True,1017.5931914605221,12211.118297526265,7994.118297526265,39970.591487631325,3465.0,693,692,12,12,12,10,10,2962.5,6161.0,0.019913495001674164
deferred,10174,10,10,10,1.0,True,1299.526355774497,12995.26355774497,8663.26355774497,43316.31778872484,3570.0,714,712,10,10,10,11,11,2210.0,5897.0,0.036755924000317464
deferred,10175,11,11,11,1.0,True,1110.8021739785906,12218.823913764496,8078.823913764496,40394.11956882249,3405.0,681,680,11,11,11,9,9,3139.181818181818,8195.0,0.018289469000592362
deferred,10176,13,13,13,1.0,True,879.9271578436542,11439.053051967505,7901.053051967507,39505.26525983753,2895.0,579,578,13,13,13,11,11,1600.076923076923,5201.0,0.02643368799908785
deferred,10177,14,14,14,1.0,True,894.8701401125661,12528.181961575925,8919.181961575925,44595.90980787963,2950.0,590,589,14,14,14,12,12,2381.0,8021.0,0.022556797001016093
deferred,10178,10,10,10,1.0,True,1222.6249660495657,12226.249660495658,7947.249660495658,39736.248302478285,3525.0,705,704,10,10,10,8,8,2876.6,7145.0,0.024506439000106184
deferred,10179,11,11,11,1.0,True,1142.9982385181977,12572.980623700176,8084.980623700176,40424.90311850088,3695.0,739,738,11,11,11,14,14,3141.3636363636365,8513.0,0.021903794000536436
deferred,10180,16,16,16,1.0,True,650.7118902929196,10411.390244686714,6786.390244686715,33931.951223433556,2955.0,591,590,16,16,16,13,13,2659.25,8267.0,0.022820546000730246
deferred,10181,11,11,11,1.0,True,1187.2015646576676,13059.217211234345,8379.217211234343,41896.08605617173,3855.0,771,770,11,11,11,16,16,2582.818181818182,5861.0,0.02870243299912545
deferred,10182,12,12,12,1.0,True,1033.498782137392,12401.985385648704,8358.985385648704,41794.92692824351,3320.0,664,663,12,12,12,11,11,1803.5,5243.0,0.02280002199768205
deferred,10183,16,16,16,1.0,True,670.7481506150202,10731.970409840324,6962.970409840325,34814.852049201625,3075.0,615,614,16,16,16,25,25,2265.125,6887.0,0.033881759001815226
deferred,10184,15,15,15,1.0,True,800.9616463816993,12014.424695725489,8460.424695725487,42302.12347862743,2900.0,580,579,15,15,15,10,10,2838.2,7841.0,0.022871961002238095
deferred,10185,16,16,16,1.0,True,653.3198943271369,10453.11830923419,7314.118309234194,36570.59154617097,2550.0,510,509,16,16,16,12,12,1895.375,5267.0,0.026778397001180565
deferred,10186,12,12,12,1.0,True,1069.215247866577,12830.582974398925,8547.582974398923,42737.91487199464,3520.0,704,703,12,12,12,13,13,3620.5,6821.0,0.03222867799922824
deferred,10187,13,13,13,1.0,True,952.4450434150948,12381.785564396232,8285.785564396232,41428.92782198116,3360.0,672,671,13,13,13,16,16,2451.6153846153848,7199.0,0.03512488799970015
deferred,10188,11,11,11,1.0,True,1127.1523162135627,12398.67547834919,8199.67547834919,40998.37739174595,3455.0,691,689,11,11,11,13,13,1920.6363636363637,5267.0,0.03863782600092236
deferred,10189,16,16,16,1.0,True,684.1432187108127,10946.291499373003,7537.291499373003,37686.45749686502,2775.0,555,554,16,16,16,20,20,2027.75,5801.0,0.036915800999850035
deferred,10190,16,16,16,1.0,True,696.7364726575298,11147.783562520477,7666.783562520474,38333.91781260235,2835.0,567,566,16,16,16,17,17,2462.75,7019.0,0.027015207000658847
deferred,10191,12,12,12,1.0,True,1045.851757605965,12550.221091271582,8189.221091271584,40946.10545635792,3585.0,717,716,12,12,12,15,15,2541.0,6941.0,0.027415661999839358
deferred,10192,11,11,11,1.0,True,1147.0494989992824,12617.544488992105,8616.544488992105,43082.72244496053,3290.0,658,656,11,11,11,10,10,1923.909090909091,6941.0,0.03687453499878757
deferred,10193,10,10,10,1.0,True,1221.7723044269603,12217.723044269604,8082.723044269602,40413.61522134801,3405.0,681,680,10,10,10,8,8,1100.6,4907.0,0.015034972999274032
deferred,10194,11,11,11,1.0,True,1154.074287821278,12694.817166034058,8374.81716603406,41874.085830170305,3555.0,711,710,11,11,11,10,10,3290.2727272727275,7583.0,0.02595523700074409
deferred,10195,13,13,13,1.0,True,967.9637556376263,12583.528823289142,8157.5288232891435,40787.64411644573,3635.0,727,726,13,13,13,19,19,3004.5384615384614,7817.0,0.029285102002177155
deferred,10196,13,13,13,1.0,True,942.6072739858287,12253.894561815772,8127.894561815772,40639.472809078856,3385.0,677,676,13,13,13,16,16,1918.5384615384614,7475.0,0.02530932199806557
deferred,10197,10,10,10,1.0,True,1236.8711618056923,12368.711618056923,8005.711618056924,40028.55809028462,3595.0,719,718,10,10,10,8,8,2699.0,6497.0,0.02383311700032209
deferred,10198,15,15,15,1.0,True,774.8446070971864,11622.669106457797,8374.669106457799,41873.34553228898,2645.0,529,528,15,15,15,18,18,1573.8,5171.0,0.02510992500174325
deferred,10199,13,13,13,1.0,True,917.5264449684784,11927.843784590219,8275.843784590223,41379.21892295109,2990.0,598,597,13,13,13,9,9,2282.6923076923076,7031.0,0.02505712099809898
deferred,10200,16,16,16,1.0,True,625.8908148473578,10014.253037557724,6995.253037557729,34976.26518778864,2450.0,490,489,16,16,16,17,17,1703.0,5309.0,0.03654643199843122
deferred,10201,13,13,13,1.0,True,930.5754020050044,12097.480226065058,8445.48022606506,42227.40113032529,2990.0,598,597,13,13,13,15,15,1825.7692307692307,6575.0,0.02339111400215188
deferred,10202,13,13,13,1.0,True,947.1898236508521,12313.467707461077,8457.46770746108,42287.33853730539,3160.0,632,631,13,13,13,13,13,1783.7692307692307,5933.0,0.030813309000222944
deferred,10203,10,10,10,1.0,True,1295.7657000023178,12957.657000023177,8120.657000023175,40603.28500011587,3990.0,798,797,10,10,10,9,9,4947.2,8537.0,0.02204282199818408
deferred,10204,13,13,13,1.0,True,943.4277967760997,12264.561358089297,8642.561358089297,43212.80679044648,2965.0,593,592,13,13,13,12,12,2093.4615384615386,7163.0,0.025195161000738153
deferred,10205,15,15,15,1.0,True,846.5519803144203,12698.279704716306,8640.279704716304,43201.39852358152,3320.0,664,663,15,15,15,18,18,3346.2,7997.0,0.03107844799887971
deferred,10206,10,10,10,1.0,True,1226.3049761807572,12263.049761807571,7948.049761807574,39740.248809037854,3555.0,711,710,10,10,10,10,10,2600.6,6125.0,0.02078954500029795
deferred,10207,16,16,16,1.0,True,660.3153723354795,10565.045957367673,7168.045957367675,35840.229786838376,2765.0,553,552,16,16,16,15,15,2581.25,8327.0,0.032043152998085134
deferred,10208,12,12,12,1.0,True,1043.0396867810746,12516.476241372895,8281.476241372897,41407.38120686449,3480.0,696,695,12,12,12,16,16,2276.0,5789.0,0.027722434999304824
deferred,10209,11,11,11,1.0,True,1148.183267661296,12630.015944274257,8298.015944274259,41490.07972137129,3565.0,713,712,11,11,11,8,8,3045.909090909091,9155.0,0.017017729998769937
deferred,10210,11,11,11,1.0,True,1161.3118284589243,12774.430113048167,8132.430113048173,40662.15056524087,3825.0,765,762,11,11,11,13,13,3439.181818181818,7067.0,0.06209638599830214
deferred,10211,14,14,14,1.0,True,899.6349048947105,12594.888668525948,8001.888668525948,40009.44334262973,3770.0,754,753,14,14,14,17,17,4159.571428571428,9485.0,0.028276039000047604
deferred,10212,16,16,16,1.0,True,681.2325748709576,10899.721197935321,7370.721197935319,36853.605989676595,2875.0,575,574,16,16,16,16,16,1963.625,7277.0,0.027903956000955077
deferred,10213,12,12,12,1.0,True,1100.2183781894894,13202.620538273874,9172.620538273875,45863.10269136935,3310.0,662,660,12,12,12,13,13,2218.5,6281.0,0.043339764000847936
deferred,10214,15,15,15,1.0,True,866.6602415672661,12999.903623508992,8685.903623508992,43429.51811754495,3535.0,707,704,15,15,15,19,19,3635.8,8993.0,0.039085341999452794
deferred,10215,15,15,15,1.0,True,852.5181509973246,12787.772264959869,8807.772264959865,44038.861324799334,3255.0,651,650,15,15,15,18,18,2801.8,8303.0,0.03892537700085086
deferred,10216,15,15,15,1.0,True,828.2964473789026,12424.446710683538,7994.44671068354,39972.233553417704,3630.0,726,725,15,15,15,16,16,4083.4,8783.0,0.02944245199978468
deferred,10217,16,16,16,1.0,True,807.1855490521016,12914.968784833625,9013.968784833625,45069.84392416813,3185.0,637,636,16,16,16,18,18,3395.375,7535.0,0.040785040000628214
deferred,10218,13,13,13,1.0,True,971.2332905074662,12626.032776597061,8710.032776597067,43550.163882985325,3210.0,642,641,13,13,13,11,11,2462.6923076923076,8753.0,0.02910249699925771
deferred,10219,16,16,16,1.0,True,677.0698050137753,10833.116880220405,7334.1168802204065,36670.58440110203,2850.0,570,569,16,16,16,14,14,2688.875,5561.0,0.03193442900010268
deferred,10220,16,16,16,1.0,True,679.3828407752433,10870.125452403892,7497.125452403892,37485.627262019465,2745.0,549,548,16,16,16,14,14,2471.375,7889.0,0.03206759499880718
deferred,10221,11,11,11,1.0,True,1086.4115115746404,11950.526627321044,7918.526627321044,39592.633136605225,3315.0,663,662,11,11,11,11,11,1377.3636363636363,5321.0,0.026941943000565516
deferred,10222,15,15,15,1.0,True,812.1038666255208,12181.557999382812,8537.55799938281,42687.789996914056,2975.0,595,594,15,15,15,16,16,2187.0,7301.0,0.03535020300114411
deferred,10223,15,15,15,1.0,True,959.1176647407215,14386.764971110822,10325.76497111082,51628.82485555411,3325.0,665,661,15,15,15,13,13,3877.0,8741.0,0.06911838700034423
deferred,10224,12,12,12,1.0,True,1083.913646679903,13006.963760158837,8579.963760158833,42899.818800794164,3640.0,728,727,12,12,12,8,8,4422.0,8969.0,0.03625710100095603
deferred,10225,10,10,10,1.0,True,1247.5699439702062,12475.699439702063,8172.699439702061,40863.49719851032,3545.0,709,708,10,10,10,6,6,2423.0,5477.0,0.02234435400168877
deferred,10226,14,14,14,1.0,True,896.688502393192,12553.639033504689,8698.639033504689,43493.195167523445,3155.0,631,630,14,14,14,13,13,2603.4285714285716,8555.0,0.034432159998686984
deferred,10227,10,10,10,1.0,True,1234.3814622404898,12343.814622404898,7920.814622404897,39604.07311202449,3645.0,729,728,10,10,10,15,15,1574.6,7511.0,0.030976377998740645
deferred,10228,16,16,16,1.0,True,671.7054319160986,10747.286910657578,7314.2869106575745,36571.43455328788,2795.0,559,558,16,16,16,15,15,2123.75,5627.0,0.023970819998794468
deferred,10229,12,12,12,1.0,True,1000.0834960345024,12001.00195241403,7838.001952414033,39190.00976207016,3420.0,684,683,12,12,12,13,13,2773.0,7517.0,0.025015441999130417
deferred,10230,15,15,15,1.0,True,791.2889982108877,11869.334973163315,8321.334973163317,41606.67486581658,2895.0,579,578,15,15,15,16,16,1205.4,5303.0,0.029834764998668106
deferred,10231,13,13,13,1.0,True,965.6428415169693,12553.356939720601,7971.356939720601,39856.784698603005,3765.0,753,752,13,13,13,11,11,4122.846153846154,9269.0,0.025930577001417987
deferred,10232,12,12,12,1.0,True,1049.6389641060543,12595.667569272653,8042.667569272655,40213.33784636327,3745.0,749,748,12,12,12,14,14,3890.5,8483.0,0.027833014999487204
deferred,10233,15,15,15,1.0,True,811.407804715282,12171.117070729231,7939.117070729235,39695.585353646165,3465.0,693,692,15,15,15,20,20,3056.2,7667.0,0.03769462299896986
deferred,10234,14,14,14,1.0,True,902.9206666772549,12640.889333481568,8431.889333481564,42159.446667407814,3450.0,690,689,14,14,14,16,16,3644.4285714285716,7529.0,0.03635158399993088
deferred,10235,12,12,12,1.0,True,1011.8533788227456,12142.240545872948,8141.240545872944,40706.20272936472,3285.0,657,656,12,12,12,10,10,2492.0,6983.0,0.025648593000369146
deferred,10236,10,10,10,1.0,True,1265.2157976709454,12652.157976709455,8302.157976709455,41510.789883547266,3585.0,717,715,10,10,10,13,13,629.6,4229.0,0.0364324990005116
deferred,10237,13,13,13,1.0,True,934.6635180478904,12150.625734622576,8216.625734622578,41083.12867311288,3225.0,645,644,13,13,13,11,11,2163.6153846153848,5399.0,0.02688950800074963
deferred,10238,14,14,14,1.0,True,887.9504882933554,12431.306836106976,8690.306836106976,43451.53418053489,3060.0,612,611,14,14,14,14,14,2758.1428571428573,7793.0,0.02908061600101064
deferred,10239,11,11,11,1.0,True,1099.1665232532748,12090.831755786023,7860.831755786021,39304.15877893012,3480.0,696,695,11,11,11,13,13,1619.0,5471.0,0.028389753999363165
deferred,10240,10,10,10,1.0,True,1240.8381280424906,12408.381280424906,7655.381280424907,38276.90640212453,3920.0,784,783,10,10,10,11,11,3221.6,8957.0,0.0278388000006089
deferred,10241,12,12,12,1.0,True,1021.3174550353729,12255.809460424474,8248.809460424476,41244.04730212238,3290.0,658,657,12,12,12,7,7,3223.5,8489.0,0.0233530379991862
deferred,10242,12,12,12,1.0,True,1022.6356900986765,12271.628281184117,8276.628281184117,41383.14140592058,3280.0,656,655,12,12,12,9,9,2786.5,5783.0,0.021646123001119122
deferred,10243,13,13,13,1.0,True,1018.7097072696665,13243.226194505665,9215.226194505667,46076.13097252836,3305.0,661,658,13,13,13,15,15,2762.230769230769,8111.0,0.050295936001930386
deferred,10244,10,10,10,1.0,True,1210.6973018714493,12106.973018714494,7767.973018714493,38839.865093572465,3575.0,715,714,10,10,10,14,14,2289.8,5549.0,0.022778607002692297
deferred,10245,13,13,13,1.0,True,911.4284126029056,11848.569363837772,8130.569363837771,40652.84681918884,3045.0,609,608,13,13,13,10,10,2591.0,7865.0,0.02492671200161567
deferred,10246,16,16,16,1.0,True,664.593553819833,10633.496861117328,7332.496861117329,36662.484305586644,2685.0,537,536,16,16,16,15,15,2099.0,5459.0,0.03005270100038615
deferred,10247,16,16,16,1.0,True,668.3516329689253,10693.626127502805,7182.626127502803,35913.13063751401,2860.0,572,571,16,16,16,16,16,2748.875,7415.0,0.030395868001505733
deferred,10248,15,15,15,1.0,True,808.0832275312099,12121.248412968149,8531.24841296815,42656.242064840764,2930.0,586,585,15,15,15,10,10,2815.0,8351.0,0.032309234997228486
deferred,10249,12,12,12,1.0,True,1037.9347826142161,12455.217391370594,8340.217391370594,41701.08695685296,3380.0,676,675,12,12,12,13,13,3330.0,8261.0,0.02208574900214444
deferred,10250,12,12,12,1.0,True,1004.8027310162879,12057.632772195455,8224.632772195451,41123.16386097726,3145.0,629,628,12,12,12,11,11,1326.5,4385.0,0.024086729001282947
deferred,10251,10,10,10,1.0,True,1314.3447124547,13143.447124547,8636.447124546998,43182.23562273498,3715.0,743,742,10,10,10,11,11,3131.6,5819.0,0.02314305900290492
deferred,10252,16,16,16,1.0,True,677.2493122186598,10835.988995498557,7300.988995498557,36504.9449774928,2880.0,576,575,16,16,16,14,14,2926.25,8465.0,0.02799452100225608
deferred,10253,10,10,10,1.0,True,1252.0428851648655,12520.428851648656,7893.428851648655,39467.144258243265,3815.0,763,762,10,10,10,15,15,1876.4,7889.0,0.03037646099983249
deferred,10254,14,14,14,1.0,True,830.412949808319,11625.781297316465,8322.78129731647,41613.906486582324,2695.0,539,538,14,14,14,12,12,1236.2857142857142,4931.0,0.01884957399670384
deferred,10255,11,11,11,1.0,True,1146.097143582732,12607.068579410054,8407.068579410055,42035.34289705028,3455.0,691,690,11,11,11,12,12,2039.0,7337.0,0.025826424000115367
deferred,10256,10,10,10,1.0,True,1201.4933964090035,12014.933964090034,7825.9339640900325,39129.669820450166,3450.0,690,689,10,10,10,6,6,1355.0,5657.0,0.014197693999449257
deferred,10257,13,13,13,1.0,True,887.1609329492981,11533.092128340875,8175.092128340877,40875.46064170438,2745.0,549,548,13,13,13,10,10,1987.3076923076924,5897.0,0.025235569999495056
deferred,10258,11,11,11,1.0,True,1121.4728766975395,12336.201643672935,8100.2016436729355,40501.00821836467,3485.0,697,696,11,11,11,10,10,2664.6363636363635,6965.0,0.02196383800037438
deferred,10259,10,10,10,1.0,True,1184.3845957689953,11843.845957689953,7876.845957689958,39384.22978844978,3265.0,653,652,10,10,10,9,9,1110.2,5789.0,0.0198083229988697
deferred,10260,15,15,15,1.0,True,844.8340303258866,12672.5104548883,8674.5104548883,43372.5522744415,3270.0,654,653,15,15,15,19,19,3275.8,7367.0,0.031817772000067635
deferred,10261,10,10,10,1.0,True,1246.9593536601406,12469.593536601406,8004.593536601407,40022.96768300704,3680.0,736,735,10,10,10,12,12,2598.2,6611.0,0.024007380001421552
deferred,10262,10,10,10,1.0,True,1220.2731092671563,12202.731092671564,7707.7310926715645,38538.65546335783,3705.0,741,740,10,10,10,12,12,1992.8,8519.0,0.021626198999001645
deferred,10263,13,13,13,1.0,True,924.6985892999849,12021.081660899803,8310.081660899803,41550.40830449905,3040.0,608,606,13,13,13,18,18,731.4615384615385,3647.0,0.05748509499971988
deferred,10264,11,11,11,1.0,True,1166.0292819865974,12826.322101852573,8386.322101852573,41931.61050926287,3655.0,731,730,11,11,11,13,13,3093.3636363636365,9011.0,0.02208512899960624
deferred,10265,12,12,12,1.0,True,1004.1280052089086,12049.536062506902,8426.536062506902,42132.6803125345,2970.0,594,593,12,12,12,13,13,883.5,4739.0,0.020690448000095785
deferred,10266,11,11,11,1.0,True,1169.337492027005,12862.712412297054,8434.712412297053,42173.562061485274,3645.0,729,728,11,11,11,11,11,2663.0,6989.0,0.024849713998264633
deferred,10267,10,10,10,1.0,True,1280.3955068618384,12803.955068618385,8122.955068618384,40614.775343091926,3860.0,772,771,10,10,10,11,11,3048.2,6053.0,0.021799718000693247
deferred,10268,16,16,16,1.0,True,678.9120589249524,10862.592942799238,7207.592942799239,36037.9647139962,2980.0,596,595,16,16,16,21,21,2344.25,5939.0,0.028545283999847015
deferred,10269,12,12,12,1.0,True,1066.8510957152396,12802.213148582876,8441.21314858288,42206.06574291439,3585.0,717,716,12,12,12,10,10,3976.0,8453.0,0.02582905899907928
deferred,10270,12,12,12,1.0,True,1015.1322651758147,12181.587182109777,8590.587182109783,42952.93591054892,2945.0,589,586,12,12,12,13,13,1468.0,5765.0,0.03626027599966619
deferred,10271,12,12,12,1.0,True,1072.737791992585,12872.85350391102,8451.853503911021,42259.267519555106,3635.0,727,726,12,12,12,14,14,3739.5,7673.0,0.028358800998830702
deferred,10272,13,13,13,1.0,True,963.2000270265561,12521.600351345229,8185.6003513452315,40928.00175672617,3560.0,712,711,13,13,13,16,16,3634.5384615384614,8705.0,0.029190896999352844
deferred,10273,14,14,14,1.0,True,944.6148444353537,13224.607822094951,8991.60782209495,44958.03911047474,3470.0,694,693,14,14,14,13,13,3864.714285714286,8579.0,0.030676319998747203
deferred,10274,12,12,12,1.0,True,1028.3136478654264,12339.763774385117,8302.763774385116,41513.81887192559,3315.0,663,662,12,12,12,7,7,2615.0,6239.0,0.019989589000033448
deferred,10275,10,10,10,1.0,True,1239.742969662906,12397.42969662906,7686.429696629058,38432.1484831453,3885.0,777,776,10,10,10,6,6,4253.6,9143.0,0.015127089998713927
deferred,10276,16,16,16,1.0,True,648.6038308289301,10377.661293262881,7208.661293262883,36043.30646631441,2575.0,515,514,16,16,16,16,16,2052.875,7673.0,0.03073157399921911
deferred,10277,11,11,11,1.0,True,1192.3230302762918,13115.55333303921,8531.553333039212,42657.76666519606,3775.0,755,754,11,11,11,16,16,2704.4545454545455,7565.0,0.02434282499962137
deferred,10278,11,11,11,1.0,True,1090.528357234816,11995.811929582975,7777.811929582971,38889.059647914866,3470.0,694,693,11,11,11,9,9,2406.090909090909,5477.0,0.020739460000186227
deferred,10279,14,14,14,1.0,True,816.419150981041,11429.868113734574,8222.868113734572,41114.34056867287,2615.0,523,522,14,14,14,10,10,1307.857142857143,5309.0,0.02247124999848893
deferred,10280,15,15,15,1.0,True,785.8656976202959,11787.985464304438,8287.985464304438,41439.92732152218,2855.0,571,570,15,15,15,16,16,2527.0,6179.0,0.02541915300025721
deferred,10281,10,10,10,1.0,True,1242.9698959709938,12429.698959709938,8138.698959709939,40693.4947985497,3535.0,707,706,10,10,10,10,10,1862.0,6065.0,0.028542489002575167
deferred,10282,10,10,10,1.0,True,1202.0662755772132,12020.662755772131,7897.66275577213,39488.313778860655,3395.0,679,678,10,10,10,8,8,2094.8,5549.0,0.017257234998396598
deferred,10283,16,16,16,1.0,True,712.7227405815448,11403.563849304717,8186.563849304715,40932.81924652358,2615.0,523,522,16,16,16,13,13,2766.875,7523.0,0.025716697000461863
deferred,10284,12,12,12,1.0,True,1043.310968204831,12519.73161845797,8674.731618457972,43373.65809228984,3155.0,631,630,12,12,12,8,8,2298.0,8339.0,0.022990474000835093
deferred,10285,12,12,12,1.0,True,1044.3626677133586,12532.352012560305,8051.352012560311,40256.76006280154,3685.0,737,736,12,12,12,16,16,3346.0,8189.0,0.022420072000386426
deferred,10286,16,16,16,1.0,True,660.3174708244599,10565.079533191358,7288.079533191357,36440.397665956785,2665.0,533,532,16,16,16,24,24,1880.0,5399.0,0.03857165299996268
deferred,10287,14,14,14,1.0,True,905.5676468037437,12677.947055252413,8678.94705525241,43394.73527626206,3275.0,655,654,14,14,14,16,16,2804.8571428571427,7355.0,0.026951706000545528
deferred,10288,10,10,10,1.0,True,1221.1691770966868,12211.691770966869,7843.6917709668705,39218.45885483435,3600.0,720,718,10,10,10,8,8,2996.6,8111.0,0.02736103099960019
deferred,10289,10,10,10,1.0,True,1245.2617039665965,12452.617039665965,7969.617039665964,39848.08519832982,3695.0,739,738,10,10,10,8,8,2983.4,6353.0,0.016073433002020465
deferred,10290,12,12,12,1.0,True,1032.910317078449,12394.923804941389,8087.923804941385,40439.61902470693,3540.0,708,707,12,12,12,12,12,2959.5,6455.0,0.02484266099781962
deferred,10291,15,15,15,1.0,True,850.498692964465,12757.480394466975,8285.480394466971,41427.40197233486,3665.0,733,732,15,15,15,20,20,4071.8,8657.0,0.028063311001460534
deferred,10292,12,12,12,1.0,True,1014.9628071701941,12179.553686042329,8052.55368604233,40262.768430211654,3390.0,678,677,12,12,12,13,13,2453.0,6011.0,0.021020722997491248
deferred,10293,16,16,16,1.0,True,565.9032671108241,9054.452273773186,6173.452273773184,30867.26136886592,2335.0,467,466,16,16,16,16,16,1818.125,6371.0,0.0284617649995198
deferred,10294,12,12,12,1.0,True,1022.5228095166293,12270.273714199551,7927.273714199554,39636.368570997765,3570.0,714,713,12,12,12,15,15,2698.0,6107.0,0.023983563998626778
deferred,10295,14,14,14,1.0,True,867.6439066159018,12147.014692622624,8154.014692622625,40770.07346311313,3270.0,654,653,14,14,14,17,17,2938.5714285714284,8723.0,0.028540885999973398
deferred,10296,15,15,15,1.0,True,825.6338490978284,12384.507736467425,8538.507736467422,42692.53868233713,3145.0,629,626,15,15,15,14,14,3124.6,6407.0,0.043626747999951476
deferred,10297,14,14,14,1.0,True,898.4137223738461,12577.792113233845,8940.792113233843,44703.96056616921,2975.0,595,592,14,14,14,11,11,2429.4285714285716,6857.0,0.044660797000688035
deferred,10298,10,10,10,1.0,True,1240.9249480463482,12409.249480463483,8030.249480463481,40151.24740231741,3610.0,722,719,10,10,10,12,12,2217.2,6785.0,0.07727611899827025
deferred,10299,11,11,11,1.0,True,1159.9404647838937,12759.345112622832,8331.345112622834,41656.72556311417,3645.0,729,728,11,11,11,13,13,1998.090909090909,7301.0,0.02015938100157655
deferred,10300,15,15,15,1.0,True,731.4580044137898,10971.870066206848,7939.870066206847,39699.35033103425,2465.0,493,492,15,15,15,17,17,1373.4,4577.0,0.03350043899990851
deferred,10301,11,11,11,1.0,True,1155.6507182666087,12712.157900932696,8092.157900932697,40460.78950466348,3805.0,761,760,11,11,11,12,12,2594.2727272727275,5819.0,0.01799297899924568
deferred,10302,10,10,10,1.0,True,1237.5445229160973,12375.445229160974,7970.445229160977,39852.22614580487,3630.0,726,725,10,10,10,9,9,3203.6,6953.0,0.021310400999936974
deferred,10303,12,12,12,1.0,True,1037.4506013384612,12449.407216061534,8250.407216061536,41252.03608030767,3450.0,690,689,12,12,12,13,13,2922.0,5429.0,0.020965473999240203
deferred,10304,11,11,11,1.0,True,1127.3452643078015,12400.797907385815,8038.797907385816,40193.98953692908,3590.0,718,717,11,11,11,8,8,3840.090909090909,8459.0,0.016388199001085013
deferred,10305,12,12,12,1.0,True,1062.324361764032,12747.892341168383,8218.892341168383,41094.46170584192,3725.0,745,744,12,12,12,15,15,4538.0,8633.0,0.02961472899914952
deferred,10306,11,11,11,1.0,True,1134.651627329624,12481.167900625866,8239.167900625867,41195.83950312934,3490.0,698,697,11,11,11,10,10,2913.909090909091,6845.0,0.02193482399889035
deferred,10307,10,10,10,1.0,True,1221.6231751019961,12216.231751019961,7871.23175101996,39356.1587550998,3580.0,716,715,10,10,10,15,15,1871.6,5027.0,0.020336928002507193
deferred,10308,14,14,14,1.0,True,903.2344777428434,12645.282688399808,8772.28268839981,43861.41344199906,3170.0,634,633,14,14,14,15,15,1939.5714285714287,5519.0,0.03761555299934116
deferred,10309,12,12,12,1.0,True,1024.563981950076,12294.76778340091,8041.76778340091,40208.838917004556,3495.0,699,698,12,12,12,15,15,2844.5,7667.0,0.02340589999948861
deferred,10310,13,13,13,1.0,True,979.1532330414689,12728.992029539095,8854.992029539093,44274.96014769548,3175.0,635,634,13,13,13,10,10,1853.923076923077,5399.0,0.023158372001489624
deferred,10311,11,11,11,1.0,True,1112.9704515719259,12242.674967291185,8168.674967291186,40843.37483645593,3350.0,670,669,11,11,11,11,11,1740.6363636363637,6143.0,0.022383588999218773
deferred,10312,13,13,13,1.0,True,956.0244578425447,12428.317951953082,8182.317951953084,40911.58975976541,3485.0,697,696,13,13,13,12,12,4036.5384615384614,8621.0,0.025503573000605684
deferred,10313,13,13,13,1.0,True,896.9277844364092,11660.06119767332,8080.061197673321,40400.30598836661,2930.0,586,585,13,13,13,15,15,1665.6153846153845,5129.0,0.02142087000174797
deferred,10314,16,16,16,1.0,True,678.8840072075768,10862.144115321229,7051.144115321232,35255.720576606145,3110.0,622,621,16,16,16,12,12,3415.625,7553.0,0.03167163499892922
deferred,10315,12,12,12,1.0,True,989.9433676943326,11879.32041233199,7974.320412331991,39871.60206165996,3205.0,641,640,12,12,12,11,11,2291.5,5903.0,0.0214931680020527
deferred,10316,13,13,13,1.0,True,959.5139070452494,12473.680791588242,8293.68079158824,41468.40395794119,3430.0,686,685,13,13,13,13,13,3080.6923076923076,5951.0,0.02405525900030625
deferred,10317,13,13,13,1.0,True,978.1023113456661,12715.330047493659,8511.330047493655,42556.650237468275,3450.0,690,689,13,13,13,16,16,2675.0,7673.0,0.031466646996705094
deferred,10318,13,13,13,1.0,True,953.646662156879,12397.406608039426,8217.406608039426,41087.03304019713,3430.0,686,685,13,13,13,16,16,3243.153846153846,9023.0,0.027494633999594953
deferred,10319,16,16,16,1.0,True,629.6757386124826,10074.811817799722,6929.811817799723,34649.05908899861,2555.0,511,510,16,16,16,21,21,1931.0,5633.0,0.030738437999389134
deferred,10320,14,14,14,1.0,True,877.7203194294195,12288.084472011873,8751.08447201187,43755.42236005935,2890.0,578,577,14,14,14,13,13,1972.142857142857,6047.0,0.024513537999155233
deferred,10321,15,15,15,1.0,True,804.9646449463388,12074.469674195083,8316.469674195085,41582.348370975415,3070.0,614,613,15,15,15,14,14,2832.2,7913.0,0.025339701998746023
deferred,10322,14,14,14,1.0,True,885.3832995313068,12395.366193438294,8438.366193438293,42191.830967191476,3240.0,648,647,14,14,14,12,12,2269.5714285714284,6743.0,0.025314915998023935
deferred,10323,12,12,12,1.0,True,1134.7663731095824,13617.196477314988,9174.19647731499,45870.98238657496,3655.0,731,728,12,12,12,16,16,2133.5,9233.0,0.049141673000121955
deferred,10324,13,13,13,1.0,True,998.3327751632179,12978.326077121832,8900.32607712183,44501.63038560915,3345.0,669,668,13,13,13,13,13,2087.0,6719.0,0.023399828998662997
deferred,10325,15,15,15,1.0,True,911.3345001790802,13670.017502686203,9536.017502686203,47680.087513431004,3385.0,677,674,15,15,15,20,20,3093.0,8513.0,0.046073692003119504
deferred,10326,12,12,12,1.0,True,1068.1640600751941,12817.968720902329,8420.968720902327,42104.84360451163,3615.0,723,722,12,12,12,16,16,3273.0,7733.0,0.03565003000039724
deferred,10327,14,14,14,1.0,True,850.9215166721973,11912.901233410763,8309.901233410765,41549.50616705382,2945.0,589,588,14,14,14,14,14,2546.8571428571427,5951.0,0.025215256999217672
deferred,10328,12,12,12,1.0,True,1068.3823427619632,12820.588113143558,8760.588113143556,43802.940565717785,3335.0,667,665,12,12,12,12,12,2082.5,7751.0,0.04981587000293075
deferred,10329,13,13,13,1.0,True,985.6591764041049,12813.569293253364,8429.569293253364,42147.84646626681,3600.0,720,719,13,13,13,14,14,3203.923076923077,7817.0,0.02911550399949192
deferred,10330,16,16,16,1.0,True,862.8331999470461,13805.331199152737,9875.331199152739,49376.65599576369,3210.0,642,640,16,16,16,22,22,3068.375,7523.0,0.07666174599944497
deferred,10331,10,10,10,1.0,True,1310.7587355545038,13107.587355545038,8414.587355545034,42072.93677772518,3870.0,774,773,10,10,10,10,10,4310.6,9491.0,0.018159313000069233
deferred,10332,10,10,10,1.0,True,1297.3249899691477,12973.249899691478,8334.249899691475,41671.24949845737,3825.0,765,764,10,10,10,7,7,4680.2,8261.0,0.018807309999829158
deferred,10333,15,15,15,1.0,True,768.5595999241663,11528.393998862493,8304.393998862495,41521.96999431248,2625.0,525,524,15,15,15,13,13,2240.6,7523.0,0.026621359997079708
deferred,10334,11,11,11,1.0,True,1116.6293964928589,12282.923361421448,8184.92336142145,40924.61680710724,3370.0,674,673,11,11,11,9,9,2758.4545454545455,5591.0,0.021953031999146333
deferred,10335,10,10,10,1.0,True,1313.0942491183857,13130.942491183858,8467.942491183858,42339.71245591929,3845.0,769,768,10,10,10,11,11,2298.2,6359.0,0.022450635999121005
deferred,10336,10,10,10,1.0,True,1278.8056015012776,12788.056015012777,8089.056015012777,40445.28007506387,3875.0,775,774,10,10,10,12,12,2940.2,5819.0,0.022535611999046523
deferred,10337,12,12,12,1.0,True,1124.3355338110503,13492.026405732602,9090.026405732602,45450.132028663,3620.0,724,722,12,12,12,9,9,3368.0,8273.0,0.03504117700140341
deferred,10338,15,15,15,1.0,True,818.6022296549816,12279.033444824723,8833.033444824723,44165.167224123616,2810.0,562,561,15,15,15,16,16,1911.4,5327.0,0.026509739000175614
deferred,10339,16,16,16,1.0,True,805.2762358579731,12884.41977372757,9315.419773727566,46577.09886863783,2910.0,582,579,16,16,16,9,9,3452.375,8147.0,0.04176545299924328
deferred,10340,15,15,15,1.0,True,838.03941569339,12570.591235400849,8530.591235400849,42652.95617700423,3305.0,661,660,15,15,15,17,17,2994.6,7835.0,0.02393132500219508
deferred,10341,16,16,16,1.0,True,784.9698386303734,12559.517418085974,8706.517418085974,43532.58709042986,3145.0,629,628,16,16,16,17,17,3158.75,8075.0,0.03702078599962988
deferred,10342,14,14,14,1.0,True,822.9548084515127,11521.367318321178,7936.367318321179,39681.83659160588,2930.0,586,585,14,14,14,11,11,2950.1428571428573,7373.0,0.02502790200014715
deferred,10343,11,11,11,1.0,True,1136.289530465369,12499.184835119058,8281.184835119062,41405.9241755953,3470.0,694,693,11,11,11,11,11,1660.4545454545455,5861.0,0.01980234499933431
deferred,10344,14,14,14,1.0,True,862.1344973301076,12069.882962621507,8232.882962621507,41164.41481310753,3140.0,628,627,14,14,14,19,19,2017.142857142857,7283.0,0.027141414997458924
deferred,10345,11,11,11,1.0,True,1127.0800434872947,12397.880478360243,7945.8804783602445,39729.402391801224,3665.0,733,732,11,11,11,11,11,3661.181818181818,9077.0,0.02015646599829779
deferred,10346,16,16,16,1.0,True,533.9698621625262,8543.517794600419,6022.517794600417,30112.58897300207,2035.0,407,406,16,16,16,9,9,2419.25,5519.0,0.02643268200336024
deferred,10347,15,15,15,1.0,True,846.3758555353522,12695.637833030283,8745.637833030285,43728.18916515143,3230.0,646,645,15,15,15,15,15,3530.2,8999.0,0.03365173600104754
deferred,10348,13,13,13,1.0,True,959.6016715042394,12474.821729555113,8300.82172955511,41504.10864777554,3425.0,685,684,13,13,13,11,11,3760.5384615384614,8069.0,0.018695978997129714
deferred,10349,14,14,14,1.0,True,908.1819572940561,12714.547402116787,8781.547402116788,43907.73701058394,3220.0,644,643,14,14,14,17,17,2604.285714285714,7163.0,0.03427328300313093
deferred,10350,15,15,15,1.0,True,827.2027244459417,12408.040866689125,8812.040866689122,44060.20433344562,2935.0,587,586,15,15,15,14,14,2059.0,5381.0,0.025346655998873757
deferred,10351,15,15,15,1.0,True,789.2265029448226,11838.39754417234,8380.39754417234,41901.987720861696,2820.0,564,563,15,15,15,15,15,2106.2,7427.0,0.025060833999305032
deferred,10352,12,12,12,1.0,True,1107.4195177674521,13289.034213209425,8887.034213209425,44435.171066047114,3620.0,724,722,12,12,12,15,15,2382.5,6923.0,0.0384022329999425
deferred,10353,15,15,15,1.0,True,828.1635754434842,12422.453631652263,8868.453631652259,44342.2681582613,2900.0,580,579,15,15,15,10,10,2842.6,7517.0,0.03287097700012964
deferred,10354,15,15,15,1.0,True,780.1162293001147,11701.74343950172,8117.743439501723,40588.71719750861,2925.0,585,584,15,15,15,19,19,1889.0,7889.0,0.028569879999849945
deferred,10355,13,13,13,1.0,True,927.9143188282032,12062.886144766642,8362.886144766644,41814.43072383321,3030.0,606,605,13,13,13,8,8,2734.5384615384614,7727.0,0.017018783000821713
deferred,10356,11,11,11,1.0,True,1187.169995186128,13058.86994704741,8348.869947047411,41744.34973523706,3880.0,776,775,11,11,11,7,7,4600.454545454545,9311.0,0.015820542997971643
deferred,10357,15,15,15,1.0,True,767.7990499966971,11516.985749950458,7956.985749950457,39784.92874975229,2905.0,581,580,15,15,15,11,11,2571.8,7559.0,0.028061297001841012
deferred,10358,10,10,10,1.0,True,1264.2460061518102,12642.460061518103,8009.460061518103,40047.300307590514,3820.0,764,763,10,10,10,10,10,3274.4,7883.0,0.016826439001306426
deferred,10359,15,15,15,1.0,True,783.3836816280411,11750.755224420616,8424.755224420618,42123.77612210309,2710.0,542,541,15,15,15,13,13,2388.6,5447.0,0.02524493300006725
deferred,10360,12,12,12,1.0,True,1000.7981325544565,12009.577590653478,7894.577590653477,39472.88795326741,3380.0,676,675,12,12,12,13,13,2267.5,5477.0,0.025961600000300677
deferred,10361,14,14,14,1.0,True,877.4254063393573,12283.955688751003,8266.955688751003,41334.77844375502,3290.0,658,657,14,14,14,12,12,2673.285714285714,7565.0,0.018766303001029883
deferred,10362,10,10,10,1.0,True,1228.609368948065,12286.09368948065,7821.09368948065,39105.46844740323,3680.0,736,735,10,10,10,8,8,2720.6,6431.0,0.026817600999493152
deferred,10363,15,15,15,1.0,True,846.1671766528951,12692.507649793428,8934.507649793431,44672.53824896716,3070.0,614,613,15,15,15,18,18,2309.4,8513.0,0.02945606900175335
deferred,10364,10,10,10,1.0,True,1294.545408220109,12945.45408220109,8470.45408220109,42352.270411005455,3690.0,738,735,10,10,10,11,11,2346.2,5717.0,0.040581820998340845
deferred,10365,14,14,14,1.0,True,863.8357563906268,12093.700589468775,8214.700589468777,41073.50294734387,3175.0,635,634,14,14,14,14,14,1796.0,7757.0,0.027684513999702176
deferred,10366,14,14,14,1.0,True,918.711372705583,12861.959217878162,9006.959217878162,45034.79608939081,3155.0,631,630,14,14,14,12,12,3311.0,6773.0,0.020464608998736367
deferred,10367,10,10,10,1.0,True,1240.5782572031765,12405.782572031765,8150.782572031763,40753.91286015883,3505.0,701,700,10,10,10,12,12,739.4,5453.0,0.02618779900149093
deferred,10368,11,11,11,1.0,True,1149.8317064596981,12648.14877105668,8208.14877105668,41040.74385528341,3655.0,731,730,11,11,11,12,12,3006.6363636363635,6911.0,0.0236540599980799
deferred,10369,14,14,14,1.0,True,880.0278611212433,12320.390055697406,8701.390055697404,43506.95027848702,2960.0,592,589,14,14,14,12,12,1912.5714285714287,6779.0,0.04977839899947867
deferred,10370,11,11,11,1.0,True,1157.050118257411,12727.551300831521,8131.551300831521,40657.75650415761,3785.0,757,756,11,11,11,13,13,2756.818181818182,8825.0,0.0236698089975107
deferred,10371,15,15,15,1.0,True,803.1769588287182,12047.654382430772,8559.65438243077,42798.271912153854,2845.0,569,568,15,15,15,11,11,2742.6,8225.0,0.028159972000139533
deferred,10372,14,14,14,1.0,True,842.2945410445922,11792.123574624291,8027.123574624289,40135.61787312146,3080.0,616,615,14,14,14,13,13,2595.285714285714,7859.0,0.02977866200308199
deferred,10373,10,10,10,1.0,True,1255.6605091547249,12556.60509154725,8061.60509154725,40308.02545773624,3705.0,741,740,10,10,10,13,13,2903.6,8345.0,0.02686510799685493
deferred,10374,11,11,11,1.0,True,1143.4535729794534,12577.989302773987,8041.989302773987,40209.94651386993,3735.0,747,746,11,11,11,19,19,2175.3636363636365,5675.0,0.03152444599982118
deferred,10375,15,15,15,1.0,True,813.8917392552719,12208.376088829078,8564.376088829076,42821.88044414539,2975.0,595,594,15,15,15,16,16,1111.4,5027.0,0.030027195000002393
deferred,10376,12,12,12,1.0,True,1039.9951430567312,12479.941716680774,8383.941716680776,41919.70858340387,3365.0,673,671,12,12,12,17,17,2244.0,5591.0,0.04898997700001928
deferred,10377,10,10,10,1.0,True,1292.6868259937778,12926.868259937779,8323.868259937779,41619.34129968888,3795.0,759,758,10,10,10,9,9,3806.6,7865.0,0.022251530997891678
deferred,10378,11,11,11,1.0,True,1119.82664437818,12318.09308815998,8052.093088159978,40260.465440799904,3510.0,702,701,11,11,11,13,13,1760.2727272727273,5093.0,0.024859905999619514
deferred,10379,12,12,12,1.0,True,961.5873946800457,11539.048736160548,7910.048736160552,39550.24368080278,2975.0,595,594,12,12,12,11,11,1926.5,4739.0,0.018309647002752172
deferred,10380,15,15,15,1.0,True,792.7947493969336,11891.921240954005,8715.921240954007,43579.60620477003,2585.0,517,516,15,15,15,16,16,2011.8,5171.0,0.02829612899950007
deferred,10381,13,13,13,1.0,True,917.6407720914443,11929.330037188776,8061.330037188776,40306.65018594389,3170.0,634,633,13,13,13,11,11,2283.6153846153848,7895.0,0.02417065199915669
deferred,10382,11,11,11,1.0,True,1112.3566294586533,12235.922924045186,8077.922924045189,40389.61462022594,3420.0,684,683,11,11,11,9,9,2732.2727272727275,7559.0,0.02106814199942164
deferred,10383,12,12,12,1.0,True,1054.7101012524088,12656.521215028904,8463.521215028904,42317.60607514452,3445.0,689,688,12,12,12,12,12,2915.0,8375.0,0.023927242000354454
deferred,10384,16,16,16,1.0,True,669.5620459612908,10712.992735380652,7081.992735380653,35409.963676903266,2960.0,592,591,16,16,16,22,22,3140.375,7847.0,0.03205754499867908
deferred,10385,16,16,16,1.0,True,743.1881279731917,11891.010047571068,8632.010047571062,43160.050237855314,2650.0,530,529,16,16,16,17,17,2274.125,7589.0,0.028748975000780774
deferred,10386,13,13,13,1.0,True,914.4234818421644,11887.505263948136,7917.505263948137,39587.5263197407,3255.0,651,650,13,13,13,14,14,2130.846153846154,5507.0,0.028728081997542176
deferred,10387,12,12,12,1.0,True,1121.667885258704,13460.014623104447,9017.014623104447,45085.07311552224,3655.0,731,728,12,12,12,11,11,3352.5,9419.0,0.04492305399980978
deferred,10388,10,10,10,1.0,True,1267.2119870402926,12672.119870402925,8207.119870402928,41035.599352014644,3680.0,736,735,10,10,10,10,10,2640.8,8681.0,0.020161548996838974
deferred,10389,11,11,11,1.0,True,1100.5194195545428,12105.71361509997,8019.713615099969,40098.56807549984,3360.0,672,671,11,11,11,13,13,971.0,5435.0,0.01958462099719327
deferred,10390,10,10,10,1.0,True,1163.1624269816016,11631.624269816017,7628.624269816018,38143.121349080095,3295.0,659,658,10,10,10,8,8,1705.4,5513.0,0.018754700999124907
deferred,10391,16,16,16,1.0,True,731.9197982132782,11710.716771412452,7731.716771412458,38658.58385706229,3250.0,650,649,16,16,16,16,16,3736.25,8999.0,0.03036010499999975
deferred,10392,14,14,14,1.0,True,878.8439792643265,12303.815709700571,8106.815709700574,40534.07854850286,3440.0,688,687,14,14,14,16,16,3118.1428571428573,8891.0,0.02865507800015621
deferred,10393,14,14,14,1.0,True,894.8185167585236,12527.459234619331,8600.459234619333,43002.296173096656,3215.0,643,642,14,14,14,14,14,2613.714285714286,7433.0,0.022662524999759626
deferred,10394,12,12,12,1.0,True,1025.776387549961,12309.316650599532,8296.316650599532,41481.58325299764,3295.0,659,658,12,12,12,13,13,2635.5,5831.0,0.02556921900031739
deferred,10395,12,12,12,1.0,True,1070.3412099472282,12844.09451936674,8609.09451936674,43045.4725968337,3480.0,696,695,12,12,12,11,11,2866.5,6773.0,0.025284977000410436
deferred,10396,15,15,15,1.0,True,789.2323210274664,11838.484815411995,8602.484815411999,43012.42407706,2635.0,527,526,15,15,15,15,15,2065.4,5069.0,0.029899921999458456
deferred,10397,10,10,10,1.0,True,1225.8905652906892,12258.905652906893,8177.905652906895,40889.52826453446,3360.0,672,671,10,10,10,9,9,1748.6,5225.0,0.01764626799922553
deferred,10398,13,13,13,1.0,True,989.1661767039564,12859.160297151433,8325.160297151426,41625.80148575714,3725.0,745,744,13,13,13,12,12,5024.2307692307695,9215.0,0.027705307998985518
deferred,10399,15,15,15,1.0,True,801.0693351425783,12016.040027138675,8174.040027138673,40870.20013569336,3140.0,628,627,15,15,15,13,13,3124.6,6671.0,0.027246677000221098
deferred,10400,15,15,15,1.0,True,794.3692000019912,11915.538000029868,8349.538000029868,41747.69000014935,2910.0,582,581,15,15,15,13,13,3085.4,7205.0,0.028536434001580346
deferred,10401,13,13,13,1.0,True,919.7170837168293,11956.32208831878,8214.322088318779,41071.610441593904,3065.0,613,612,13,13,13,10,10,2553.153846153846,7745.0,0.024189787000068463
deferred,10402,11,11,11,1.0,True,1138.1154052358727,12519.269457594599,8199.269457594602,40996.34728797302,3555.0,711,710,11,11,11,9,9,3092.2727272727275,9149.0,0.02220991800277261
deferred,10403,13,13,13,1.0,True,1004.6288529877861,13060.175088841219,8786.175088841219,43930.875444206096,3510.0,702,699,13,13,13,13,13,3039.6153846153848,8687.0,0.05186859000241384
deferred,10404,13,13,13,1.0,True,975.3137769105282,12679.079099836867,8601.079099836863,43005.39549918432,3345.0,669,668,13,13,13,14,14,1712.2307692307693,5897.0,0.02419964199725655
deferred,10405,10,10,10,1.0,True,1267.4281012513875,12674.281012513875,7543.281012513875,37716.40506256937,4235.0,847,846,10,10,10,14,14,4530.2,9311.0,0.02454378699985682
deferred,10406,10,10,10,1.0,True,1226.1203037993496,12261.203037993495,7844.203037993495,39221.01518996748,3640.0,728,727,10,10,10,11,11,2880.2,8993.0,0.019862165998347336
deferred,10407,10,10,10,1.0,True,1263.5654017761415,12635.654017761415,8152.654017761419,40763.270088807076,3695.0,739,738,10,10,10,7,7,3503.6,7685.0,0.022714406997693004
deferred,10408,16,16,16,1.0,True,758.9566368567757,12143.306189708412,8662.306189708414,43311.53094854207,2835.0,567,566,16,16,16,16,16,2881.625,8099.0,0.028672324999206467
deferred,10409,11,11,11,1.0,True,1059.7155136413885,11656.870650055273,7846.8706500552735,39234.35325027637,3130.0,626,625,11,11,11,8,8,1681.7272727272727,5591.0,0.03034570200179587
deferred,10410,13,13,13,1.0,True,949.1520422701657,12338.976549512154,8416.97654951215,42084.88274756076,3215.0,643,642,13,13,13,12,12,1992.3846153846155,7427.0,0.03234495600190712
deferred,10411,10,10,10,1.0,True,1178.6881151387397,11786.881151387397,7813.881151387397,39069.405756937,3270.0,654,653,10,10,10,13,13,366.2,1499.0,0.024610190001112642
deferred,10412,15,15,15,1.0,True,849.2949600093156,12739.424400139733,8927.424400139733,44637.12200069867,3115.0,623,622,15,15,15,14,14,3062.6,6707.0,0.04305052899871953
deferred,10413,12,12,12,1.0,True,1058.3935025034543,12700.722030041452,8153.722030041449,40768.610150207256,3740.0,748,747,12,12,12,10,10,4442.0,9185.0,0.02557423299731454
deferred,10414,11,11,11,1.0,True,1140.5830072637452,12546.413079901198,8166.413079901198,40832.065399506,3605.0,721,720,11,11,11,10,10,2917.181818181818,7235.0,0.025657276000856655
deferred,10415,10,10,10,1.0,True,1284.4489464590717,12844.489464590717,8295.489464590715,41477.44732295358,3750.0,750,749,10,10,10,6,6,4287.2,9101.0,0.018680643999687163
deferred,10416,12,12,12,1.0,True,1038.87619708775,12466.514365052999,8519.514365052999,42597.57182526499,3240.0,648,647,12,12,12,9,9,1946.5,7571.0,0.022929030998056987
deferred,10417,14,14,14,1.0,True,939.9672531724189,13159.541544413863,8932.541544413867,44662.70772206934,3465.0,693,692,14,14,14,16,16,3013.5714285714284,8381.0,0.03687476200138917
deferred,10418,15,15,15,1.0,True,813.2240073529271,12198.360110293906,8449.360110293906,42246.80055146955,3065.0,613,609,15,15,15,16,16,2084.2,6305.0,0.07250731999738491
deferred,10419,15,15,15,1.0,True,769.9246484714484,11548.869727071728,8216.869727071728,41084.34863535865,2715.0,543,542,15,15,15,9,9,2079.8,7019.0,0.02967667899793014
deferred,10420,14,14,14,1.0,True,893.3687615467578,12507.16266165461,8634.162661654613,43170.81330827305,3170.0,634,633,14,14,14,13,13,2683.5714285714284,7415.0,0.03404438200232107
deferred,10421,15,15,15,1.0,True,800.8816293709067,12013.224440563601,8309.224440563605,41546.12220281801,3025.0,605,604,15,15,15,13,13,2602.6,8027.0,0.02941944100166438
deferred,10422,14,14,14,1.0,True,912.5651941867055,12775.912718613878,8628.912718613874,43144.56359306937,3400.0,680,677,14,14,14,14,14,2940.285714285714,8177.0,0.04954022300080396
deferred,10423,14,14,14,1.0,True,883.0916953892331,12363.283735449264,8160.283735449266,40801.41867724634,3445.0,689,688,14,14,14,14,14,4188.285714285715,8441.0,0.028600407000340056
deferred,10424,15,15,15,1.0,True,792.7106325363372,11890.65948804506,8468.659488045058,42343.29744022529,2790.0,558,557,15,15,15,13,13,2602.6,7073.0,0.021025627000199165
deferred,10425,10,10,10,1.0,True,1241.8240642592898,12418.240642592898,8079.240642592898,40396.203212964494,3575.0,715,714,10,10,10,9,9,2740.4,7751.0,0.02650954599812394
deferred,10426,14,14,14,1.0,True,878.6240264128011,12300.736369779215,8535.736369779217,42678.68184889607,3080.0,616,615,14,14,14,11,11,2561.8571428571427,8483.0,0.02705561599941575
deferred,10427,15,15,15,1.0,True,842.3952631310568,12635.928946965852,8979.92894696585,44899.644734829235,2985.0,597,596,15,15,15,17,17,2577.0,7787.0,0.03007817500110832
deferred,10428,13,13,13,1.0,True,965.1088353531458,12546.414859590896,8408.414859590896,42042.07429795447,3395.0,679,678,13,13,13,12,12,3064.076923076923,7865.0,0.024711890997423325
deferred,10429,13,13,13,1.0,True,939.4729204062247,12213.147965280921,8315.147965280923,41575.73982640462,3195.0,639,638,13,13,13,18,18,1927.3076923076924,5405.0,0.02818590700189816
deferred,10430,14,14,14,1.0,True,882.8075742633727,12359.306039687217,8414.306039687219,42071.5301984361,3230.0,646,645,14,14,14,17,17,1909.5714285714287,5663.0,0.03200585900049191
deferred,10431,13,13,13,1.0,True,936.5414975097428,12175.039467626657,7953.039467626657,39765.19733813329,3465.0,693,692,13,13,13,14,14,3052.076923076923,8417.0,0.03085017999910633
deferred,10432,10,10,10,1.0,True,1379.195218210353,13791.95218210353,9280.952182103527,46404.76091051764,3720.0,744,741,10,10,10,11,11,2885.0,5945.0,0.05643070799851557
deferred,10433,11,11,11,1.0,True,1105.1522895933215,12156.675185526536,7938.675185526539,39693.37592763268,3470.0,694,693,11,11,11,16,16,1831.7272727272727,5567.0,0.026365634003013838
deferred,10434,12,12,12,1.0,True,1032.5791206223112,12390.949447467734,8431.949447467732,42159.74723733867,3250.0,650,649,12,12,12,12,12,2889.0,7739.0,0.024545326999941608
deferred,10435,16,16,16,1.0,True,729.984251813703,11679.748029019249,7784.748029019253,38923.74014509626,3180.0,636,635,16,16,16,13,13,3098.0,8771.0,0.03051335399868549
deferred,10436,12,12,12,1.0,True,1129.8702020955768,13558.442425146923,9362.442425146925,46812.21212573463,3450.0,690,686,12,12,12,15,15,2691.0,8093.0,0.048572153002169216
deferred,10437,11,11,11,1.0,True,1184.0666053885232,13024.732659273755,8425.732659273754,42128.66329636878,3790.0,758,754,11,11,11,16,16,2843.5454545454545,6467.0,0.07120086899885791
deferred,10438,16,16,16,1.0,True,586.940277533528,9391.044440536449,6384.0444405364515,31920.222202682246,2440.0,488,487,16,16,16,17,17,1662.125,5555.0,0.03737700599958771
deferred,10439,14,14,14,1.0,True,853.016726605377,11942.234172475279,8273.23417247528,41366.17086237639,3000.0,600,599,14,14,14,13,13,2023.5714285714287,4901.0,0.027653437002300052
deferred,10440,11,11,11,1.0,True,1097.0947272072692,12068.041999279962,8006.041999279965,40030.20999639981,3340.0,668,667,11,11,11,11,11,2391.3636363636365,8633.0,0.022380693000741303
deferred,10441,10,10,10,1.0,True,1357.1488960751162,13571.488960751161,8832.488960751161,44162.44480375582,3910.0,782,779,10,10,10,12,12,2349.8,5867.0,0.037555331000476144
deferred,10442,14,14,14,1.0,True,1034.5416417150216,14483.582984010303,10192.582984010305,50962.914920051524,3520.0,704,701,14,14,14,16,16,3275.4285714285716,8723.0,0.06386291099988739
deferred,10443,14,14,14,1.0,True,872.1893245130796,12210.650543183114,8721.650543183114,43608.25271591559,2850.0,570,569,14,14,14,12,12,2360.4285714285716,6269.0,0.029188969998358516
deferred,10444,12,12,12,1.0,True,1103.217798271338,13238.613579256058,8962.61357925606,44813.06789628031,3515.0,703,701,12,12,12,9,9,3116.0,8345.0,0.0439854509968427
deferred,10445,13,13,13,1.0,True,949.6576812754817,12345.549856581261,8471.549856581261,42357.749282906305,3175.0,635,634,13,13,13,11,11,2670.3846153846152,6473.0,0.031642742000258295
deferred,10446,13,13,13,1.0,True,1045.9859774624176,13597.817707011429,9311.81770701143,46559.088535057155,3520.0,704,701,13,13,13,13,13,3395.923076923077,7595.0,0.04769112199937808
deferred,10447,14,14,14,1.0,True,862.8146986085807,12079.40578052013,8812.405780520128,44062.02890260064,2665.0,533,532,14,14,14,14,14,647.4285714285714,3353.0,0.02945493299921509
deferred,10448,15,15,15,1.0,True,858.6060146931878,12879.090220397817,8599.090220397817,42995.4511019891,3505.0,701,700,15,15,15,24,24,2655.4,7709.0,0.037170206000155304
deferred,10449,16,16,16,1.0,True,745.7842081507214,11932.547330411542,8415.547330411542,42077.73665205771,2865.0,573,572,16,16,16,16,16,2234.75,6833.0,0.03468375299780746
deferred,10450,13,13,13,1.0,True,958.8183416492853,12464.63844144071,8638.63844144071,43193.19220720354,3135.0,627,626,13,13,13,11,11,2573.923076923077,5807.0,0.020639392001612578
deferred,10451,16,16,16,1.0,True,682.878208470118,10926.051335521888,7355.051335521891,36775.25667760943,2910.0,582,581,16,16,16,22,22,2454.125,5549.0,0.03537598199909553
deferred,10452,14,14,14,1.0,True,868.7798588737156,12162.918024232018,8271.918024232016,41359.59012116008,3185.0,637,636,14,14,14,15,15,1829.857142857143,6053.0,0.029771650999464327
deferred,10453,11,11,11,1.0,True,1116.3267513645485,12279.594265010033,8205.594265010033,41027.97132505016,3350.0,670,669,11,11,11,11,11,2438.2727272727275,7601.0,0.024783743003354175
deferred,10454,13,13,13,1.0,True,933.4680781921968,12135.085016498559,8207.085016498557,41035.42508249278,3220.0,644,643,13,13,13,10,10,2437.769230769231,6677.0,0.03284667700063437
deferred,10455,13,13,13,1.0,True,991.6288226290943,12891.174694178226,9000.174694178226,45000.87347089112,3190.0,638,636,13,13,13,14,14,2320.5384615384614,6047.0,0.04663040299783461
deferred,10456,10,10,10,1.0,True,1279.6567089258765,12796.567089258766,8409.567089258768,42047.835446293844,3615.0,723,722,10,10,10,7,7,2616.2,8963.0,0.020235887001035735
deferred,10457,15,15,15,1.0,True,855.9395711276835,12839.093566915253,8949.093566915253,44745.46783457627,3180.0,636,635,15,15,15,21,21,2127.0,5699.0,0.03468481700110715
deferred,10458,16,16,16,1.0,True,693.9345875854816,11102.953401367706,7459.953401367708,37299.76700683854,2970.0,594,593,16,16,16,20,20,2106.875,5747.0,0.03326975100208074
deferred,10459,15,15,15,1.0,True,857.3864294903931,12860.796442355897,9276.796442355895,46383.98221177947,2925.0,585,584,15,15,15,17,17,2661.0,8027.0,0.0343347130001348
deferred,10460,10,10,10,1.0,True,1193.734651792462,11937.346517924621,7820.34651792462,39101.732589623105,3390.0,678,677,10,10,10,7,7,1523.6,5363.0,0.017324266002106015
deferred,10461,15,15,15,1.0,True,824.9748507881533,12374.622761822298,8748.622761822298,43743.11380911151,2960.0,592,591,15,15,15,10,10,3225.0,6971.0,0.03017490300044301
deferred,10462,10,10,10,1.0,True,1235.402731069128,12354.027310691281,7901.02731069128,39505.136553456396,3670.0,734,733,10,10,10,11,11,2520.8,8477.0,0.021403468999778852
deferred,10463,14,14,14,1.0,True,926.5220196794835,12971.308275512769,9020.308275512769,45101.54137756385,3235.0,647,646,14,14,14,16,16,3045.714285714286,7259.0,0.04328595100014354
deferred,10464,14,14,14,1.0,True,904.3770876592528,12661.27922722954,8440.279227229541,42201.39613614768,3460.0,692,691,14,14,14,18,18,3518.0,8879.0,0.04664451400094549
deferred,10465,12,12,12,1.0,True,1082.2965469739183,12987.55856368702,8584.558563687026,42922.79281843513,3620.0,724,723,12,12,12,13,13,2760.5,7937.0,0.03001015399786411
deferred,10466,10,10,10,1.0,True,1231.357718959999,12313.57718959999,7902.5771895999915,39512.88594799996,3635.0,727,726,10,10,10,9,9,2742.8,6239.0,0.02675256300062756
deferred,10467,11,11,11,1.0,True,1162.799300902403,12790.792309926434,8392.79230992643,41963.96154963216,3620.0,724,723,11,11,11,10,10,3672.090909090909,8861.0,0.022964085001149215
deferred,10468,16,16,16,1.0,True,682.4098504982458,10918.557607971932,7299.557607971936,36497.78803985967,2950.0,590,589,16,16,16,17,17,2846.375,8051.0,0.029231906999484636
deferred,10469,16,16,16,1.0,True,747.633654442466,11962.138471079455,8301.138471079452,41505.69235539726,2985.0,597,596,16,16,16,15,15,2620.25,8447.0,0.027878221997525543
deferred,10470,12,12,12,1.0,True,1074.0646055911361,12888.775267093633,8491.775267093633,42458.87633546817,3615.0,723,722,12,12,12,12,12,3320.5,5921.0,0.02252277099978528
deferred,10471,12,12,12,1.0,True,1029.92721707091,12359.12660485092,8166.126604850918,40830.633024254596,3445.0,689,688,12,12,12,17,17,2040.5,7949.0,0.03907355499904952
deferred,10472,10,10,10,1.0,True,1254.0083064008422,12540.083064008422,8081.08306400842,40405.415320042106,3675.0,735,734,10,10,10,13,13,2436.8,7919.0,0.03022173900171765
deferred,10473,15,15,15,1.0,True,819.5538951329122,12293.308426993683,8355.308426993683,41776.54213496842,3220.0,644,643,15,15,15,12,12,2281.4,8375.0,0.029029918001469923
deferred,10474,12,12,12,1.0,True,1023.3710992689195,12280.453191227034,8423.453191227034,42117.26595613516,3165.0,633,632,12,12,12,11,11,1764.0,7829.0,0.025686235003377078
deferred,10475,14,14,14,1.0,True,964.7166519254397,13506.033126956156,9515.033126956156,47575.16563478078,3270.0,654,651,14,14,14,12,12,3006.285714285714,7445.0,0.045909651002148166
deferred,10476,12,12,12,1.0,True,1080.3012075916874,12963.61449110025,8152.614491100255,40763.07245550128,3960.0,792,791,12,12,12,14,14,3373.0,8477.0,0.02971976899789297
deferred,10477,13,13,13,1.0,True,957.2141793764478,12443.784331893821,8659.784331893821,43298.921659469124,3100.0,620,619,13,13,13,15,15,2161.3076923076924,6641.0,0.026632868000888266
deferred,10478,13,13,13,1.0,True,978.1558753532256,12716.026379591933,8428.02637959193,42140.13189795966,3520.0,704,703,13,13,13,13,13,3717.6153846153848,6851.0,0.023318751002079807
deferred,10479,14,14,14,1.0,True,902.0991247440336,12629.38774641647,8612.387746416469,43061.93873208236,3290.0,658,657,14,14,14,16,16,2866.5714285714284,6215.0,0.034805728999344865
deferred,10480,10,10,10,1.0,True,1302.1379625084294,13021.379625084293,8130.379625084293,40651.89812542146,4035.0,807,806,10,10,10,12,12,4459.4,8855.0,0.031302471998060355
deferred,10481,13,13,13,1.0,True,927.2997199153384,12054.8963588994,8360.896358899397,41804.481794496984,3025.0,605,604,13,13,13,13,13,2477.4615384615386,5813.0,0.02939712600345956
deferred,10482,10,10,10,1.0,True,1194.6209359438528,11946.209359438528,7931.2093594385315,39656.046797192656,3305.0,661,660,10,10,10,9,9,2289.2,6575.0,0.01722151300054975
deferred,10483,10,10,10,1.0,True,1263.2063444506816,12632.063444506815,8275.063444506819,41375.31722253409,3590.0,718,717,10,10,10,7,7,3104.0,7985.0,0.018435074998706114
deferred,10484,14,14,14,1.0,True,905.540200403897,12677.562805654557,8744.562805654557,43722.81402827279,3220.0,644,643,14,14,14,13,13,3137.8571428571427,7805.0,0.030356382001627935
deferred,10485,16,16,16,1.0,True,572.794743277135,9164.71589243416,6325.7158924341575,31628.5794621708,2300.0,460,459,16,16,16,17,17,1340.0,5189.0,0.03426828699957696
deferred,10486,10,10,10,1.0,True,1256.1043481610202,12561.043481610202,8300.0434816102,41500.217408051016,3510.0,702,701,10,10,10,8,8,2800.4,7391.0,0.023808999998436775
deferred,10487,14,14,14,1.0,True,834.4078210418403,11681.709494585764,8126.709494585764,40633.5474729288,2905.0,581,580,14,14,14,16,16,1743.7142857142858,5405.0,0.027202712997677736
deferred,10488,16,16,16,1.0,True,758.2430188839431,12131.88830214309,8428.888302143088,42144.44151071546,3020.0,604,603,16,16,16,17,17,2962.25,8477.0,0.03208441999959177
deferred,10489,10,10,10,1.0,True,1283.7585620975292,12837.585620975291,7874.585620975291,39372.92810487647,4095.0,819,818,10,10,10,9,9,4976.0,9503.0,0.022912230000656564
deferred,10490,15,15,15,1.0,True,835.6450183263337,12534.675274895006,8716.675274895008,43583.37637447505,3120.0,624,623,15,15,15,16,16,2893.0,7415.0,0.03468776699810405
deferred,10491,10,10,10,1.0,True,1294.313411173896,12943.13411173896,8502.13411173896,42510.67055869481,3660.0,732,731,10,10,10,12,12,3251.0,6371.0,0.020502665000094566
deferred,10492,14,14,14,1.0,True,876.3507330200695,12268.910262280973,8329.910262280975,41649.55131140488,3225.0,645,644,14,14,14,10,10,3570.285714285714,8837.0,0.02267426400067052
deferred,10493,16,16,16,1.0,True,678.8211211970166,10861.137939152266,7374.137939152266,36870.68969576133,2840.0,568,567,16,16,16,19,19,2877.5,7853.0,0.03407918800076004
deferred,10494,11,11,11,1.0,True,1213.0743839568413,13343.818223525255,8333.818223525253,41669.09111762627,4130.0,826,825,11,11,11,17,17,3793.7272727272725,9029.0,0.0255587799983914
deferred,10495,10,10,10,1.0,True,1290.9255427584126,12909.255427584125,8486.255427584125,42431.277137920624,3645.0,729,728,10,10,10,12,12,2142.2,5591.0,0.025795186000323156
deferred,10496,10,10,10,1.0,True,1234.1528214229486,12341.528214229485,7900.528214229484,39502.641071147424,3660.0,732,731,10,10,10,6,6,3264.2,6701.0,0.019079482000961434
deferred,10497,16,16,16,1.0,True,782.4069937945408,12518.511900712652,8744.511900712654,43722.55950356327,3080.0,616,614,16,16,16,18,18,2825.0,7409.0,0.06621820500004105
deferred,10498,13,13,13,1.0,True,932.417670829014,12121.429720777182,8499.429720777178,42497.1486038859,2965.0,593,592,13,13,13,14,14,1961.923076923077,5195.0,0.028142980998381972
deferred,10499,13,13,13,1.0,True,945.2907997805428,12288.780397147057,8312.780397147057,41563.901985735276,3260.0,652,651,13,13,13,13,13,3702.846153846154,7805.0,0.023690648999036057
