strategy,seed,emitter_count,directional_count,cleared_count,clear_rate,all_cleared,average_localize_clear_time_s,virtual_time_s,movement_time_s,movement_distance_m,measure_time_s,measure_count,no_signal_count,no_signal_rate,direction_count,near_count,channel_switch_count,optical_count,clear_attempt_count,clear_success_count,directional_loss_count,directional_reacquisition_count,mean_first_seen_time_s,max_first_seen_time_s,first_clear_time_s,last_clear_time_s,measurements_before_first_clear,wall_time_s,local_check_count,local_detour_distance_m,main_skeleton_distance_m,switch_time_s,optical_time_s,successful_clear_time_s,cost_accounting_residual_s,all_cleared_within_6000,post_last_clear_time_s,seen16_time_s,post_seen16_time_s,unseen_measures_after_seen16
double_ring_optical_clear_probe,0,16,16,16,1.0,True,405.03613190164936,6480.57811042639,4519.578110426389,22597.890552131943,1575.0,315,264,0.8380952380952381,51,0,291,21,21,16,12,12,1191.4822774181607,2403.6921054816553,732.2583680117065,6480.57811042639,59,2.0234477190097095,,,,291.0,63.0,32.0,9.094947017729282e-13,False,0.0,2403.6921054816553,4076.8860049447344,50
double_ring_optical_clear_probe,1,11,11,11,1.0,True,718.2568099730732,7900.824909703805,5520.824909703805,27604.124548519027,1960.0,392,364,0.9285714285714286,28,0,365,11,11,11,8,8,2517.4676109311395,7243.537007554948,1189.5708508726937,7900.824909703805,97,0.7064145509939408,,,,365.0,33.0,22.0,0.0,False,0.0,,,
double_ring_optical_clear_probe,2,16,16,16,1.0,True,553.9661969976843,8863.459151962948,6712.45915196295,33562.295759814755,1735.0,347,309,0.8904899135446686,38,0,318,22,22,16,6,6,2738.3745206736007,5876.277827254047,938.9854298677942,8863.459151962948,80,0.8183928670041496,,,,318.0,66.0,32.0,-1.8189894035458565e-12,False,0.0,5876.277827254047,2987.1813247089012,15
double_ring_optical_clear_probe,3,11,11,11,1.0,True,658.6027889630827,7244.6306785939105,4862.630678593909,24313.153392969543,1960.0,392,361,0.9209183673469388,31,0,367,11,11,11,7,7,2012.512576089579,6303.185481474468,2596.7016096231823,6731.314424655384,221,1.021596556995064,,,,367.0,33.0,22.0,1.8189894035458565e-12,False,513.3162539385266,,,
double_ring_optical_clear_probe,4,11,11,11,1.0,True,655.1529382707298,7206.682320978028,5103.682320978029,25518.41160489015,1730.0,346,319,0.9219653179190751,27,0,318,11,11,11,4,4,1343.548463302677,5354.1062214455405,1295.8660579911675,7206.682320978028,110,0.7424121840012958,,,,318.0,33.0,22.0,-9.094947017729282e-13,False,0.0,,,
double_ring_optical_clear_probe,5,14,14,14,1.0,True,555.2734310638042,7773.828034893259,5738.828034893259,28694.140174466294,1660.0,332,291,0.8765060240963856,41,0,305,14,14,14,11,11,1209.333436885009,4017.0789740048585,671.9746254533277,7773.828034893259,59,1.745242896999116,,,,305.0,42.0,28.0,0.0,False,0.0,,,
double_ring_optical_clear_probe,6,16,16,16,1.0,True,399.67234954324493,6394.757592691919,4531.757592691922,22658.78796345961,1485.0,297,252,0.8484848484848485,45,0,274,24,24,16,9,9,1291.9782052226087,4068.4519596852892,739.0916610721666,6394.757592691919,60,1.3015517690073466,,,,274.0,72.0,32.0,-2.7284841053187847e-12,False,0.0,4068.4519596852892,2326.3056330066297,32
double_ring_optical_clear_probe,7,12,12,12,1.0,True,566.7521740597609,6801.026088717131,4817.026088717129,24085.130443585647,1620.0,324,291,0.8981481481481481,33,0,301,13,13,12,4,4,1481.4018862146731,6102.195297292948,532.4577860843955,6801.026088717131,40,0.8442379240004811,,,,301.0,39.0,24.0,1.8189894035458565e-12,False,0.0,,,
double_ring_optical_clear_probe,8,11,11,11,1.0,True,664.7605258846935,7312.365784731628,5182.365784731631,25911.82892365816,1745.0,349,322,0.9226361031518625,27,0,318,15,15,11,5,5,1169.1738126374846,3675.2833525335145,1280.2956772930374,7312.365784731628,110,0.8238394539948786,,,,318.0,45.0,22.0,-2.7284841053187847e-12,False,0.0,,,
double_ring_optical_clear_probe,9,13,13,13,1.0,True,562.6703553724922,7314.714619842398,5236.714619842398,26183.573099211993,1700.0,340,306,0.9,34,0,313,13,13,13,6,6,1916.352639566444,5422.758664293776,705.5376100759726,7314.714619842398,59,0.999139676001505,,,,313.0,39.0,26.0,0.0,False,0.0,,,
double_ring_optical_clear_probe,10,14,14,14,1.0,True,608.7403619096656,8522.365066735318,6275.365066735316,31376.825333676577,1835.0,367,331,0.9019073569482289,36,0,339,15,15,14,10,10,2121.3329604831906,5051.527889008138,892.7785526335092,8522.365066735318,78,1.011787530995207,,,,339.0,45.0,28.0,1.8189894035458565e-12,False,0.0,,,
double_ring_optical_clear_probe,11,13,13,13,1.0,True,519.5192103853672,6753.749735009773,4693.749735009772,23468.748675048853,1680.0,336,302,0.8988095238095238,34,0,312,14,14,13,5,5,1940.5526110059436,5839.2102134717115,709.2315478944394,6753.749735009773,60,0.8225719399924856,,,,312.0,42.0,26.0,9.094947017729282e-13,False,0.0,,,
double_ring_optical_clear_probe,12,13,13,13,1.0,True,499.4779907480974,6493.213879725266,4571.213879725266,22856.06939862633,1560.0,312,280,0.8974358974358975,32,0,288,16,16,13,3,3,1874.6188763288117,5589.802866371775,746.4951997417475,6000.567707865843,60,0.7013237350038253,,,,288.0,48.0,26.0,0.0,False,492.6461718594237,,,
double_ring_optical_clear_probe,13,12,12,12,1.0,True,677.0079860559127,8124.095832670953,5834.095832670953,29170.47916335477,1870.0,374,341,0.9117647058823529,33,0,348,16,16,12,6,6,2160.699884873161,6095.529779781699,742.128304684353,8124.095832670953,60,0.9376474220043747,,,,348.0,48.0,24.0,0.0,False,0.0,,,
double_ring_optical_clear_probe,14,10,10,10,1.0,True,647.4427922063772,6474.427922063773,4118.427922063772,20592.139610318867,1940.0,388,363,0.9355670103092784,25,0,363,11,11,10,4,4,2119.9079583192242,5678.437866808582,682.693197043539,6020.659582205284,59,0.6495634099992458,,,,363.0,33.0,20.0,9.094947017729282e-13,False,453.7683398584886,,,
double_ring_optical_clear_probe,15,11,11,11,1.0,True,722.7421378934974,7950.163516828472,5516.163516828471,27580.817584142347,1995.0,399,371,0.9298245614035088,28,0,372,15,15,11,7,7,2108.090506070523,7196.293401585675,981.8741697630792,7950.163516828472,78,0.8926506690040696,,,,372.0,45.0,22.0,9.094947017729282e-13,False,0.0,,,
double_ring_optical_clear_probe,16,12,12,12,1.0,True,654.7426181067948,7856.911417281537,5584.911417281537,27924.557086407687,1865.0,373,339,0.9088471849865952,34,0,347,12,12,12,9,9,1743.9832417190648,6657.396722464201,783.6259531141109,7856.911417281537,59,1.0739174789923709,,,,347.0,36.0,24.0,0.0,False,0.0,,,
double_ring_optical_clear_probe,17,14,14,14,1.0,True,571.1537448094907,7996.1524273328705,5781.15242733287,28905.762136664347,1810.0,362,326,0.9005524861878453,36,0,335,14,14,14,9,9,2064.8715367532654,5404.782089942966,718.7138478554017,7996.1524273328705,59,1.1758516739937477,,,,335.0,42.0,28.0,9.094947017729282e-13,False,0.0,,,
double_ring_optical_clear_probe,18,11,11,11,1.0,True,608.0235066647251,6688.258573311976,4492.258573311976,22461.29286655988,1805.0,361,329,0.9113573407202216,32,0,336,11,11,11,7,7,1568.6558914150016,5932.4498564961505,953.3973795727406,6508.527216058828,79,1.213255744005437,,,,336.0,33.0,22.0,0.0,False,179.7313572531475,,,
double_ring_optical_clear_probe,19,15,15,15,1.0,True,477.02082201121436,7155.312330168215,5187.312330168215,25936.56165084106,1600.0,320,279,0.871875,41,0,293,15,15,15,7,7,1710.3569202791448,4685.27210259826,742.8836411755319,7155.312330168215,60,1.3286386859981576,,,,293.0,45.0,30.0,0.0,False,0.0,,,
double_ring_optical_clear_probe,20,15,15,15,1.0,True,463.0692640303663,6946.038960455495,4987.038960455495,24935.194802277485,1590.0,318,280,0.8805031446540881,38,0,294,15,15,15,6,6,1564.5624186163839,5991.552055341576,872.8751503862487,6430.2524922056755,76,1.5222385870001744,,,,294.0,45.0,30.0,0.0,False,515.7864682498193,,,
double_ring_optical_clear_probe,21,11,11,11,1.0,True,729.4912077293691,8024.40328502306,5752.40328502306,28762.016425115304,1870.0,374,344,0.9197860962566845,30,0,347,11,11,11,5,5,1936.1036983075871,5028.618816230549,953.6513709527443,8024.40328502306,80,0.7818364550039405,,,,347.0,33.0,22.0,0.0,False,0.0,,,
double_ring_optical_clear_probe,22,11,11,11,1.0,True,728.8429951311423,8017.272946442565,5679.272946442565,28396.364732212827,1925.0,385,357,0.9272727272727272,28,0,358,11,11,11,5,5,2211.8772493268707,5140.089760309209,726.9543654786623,8017.272946442565,59,0.838096969993785,,,,358.0,33.0,22.0,0.0,False,0.0,,,
double_ring_optical_clear_probe,23,16,16,16,1.0,True,522.6333113715561,8362.132981944898,6472.132981944899,32360.66490972449,1530.0,306,267,0.8725490196078431,39,0,280,16,16,16,9,9,1844.093289699927,5978.65321090854,955.3101508933288,8362.132981944898,78,1.1301262969936943,,,,280.0,48.0,32.0,0.0,False,0.0,5978.65321090854,2383.479771036358,16
double_ring_optical_clear_probe,24,15,15,15,1.0,True,509.9004966160963,7648.507449241444,5482.507449241445,27412.53724620723,1755.0,351,314,0.8945868945868946,37,0,327,18,18,15,7,7,2640.567570631461,6161.084126440069,1124.219967929125,7648.507449241444,98,0.881226441997569,,,,327.0,54.0,30.0,-9.094947017729282e-13,False,0.0,,,
double_ring_optical_clear_probe,25,13,13,13,1.0,True,544.8806890848732,7083.448958103351,4917.44895810335,24587.244790516754,1770.0,354,323,0.9124293785310734,31,0,331,13,13,13,8,8,2150.9848297293897,5838.324041413428,1657.8036102953272,6915.005286985319,134,0.6877646950015333,,,,331.0,39.0,26.0,9.094947017729282e-13,False,168.4436711180324,,,
double_ring_optical_clear_probe,26,15,15,15,1.0,True,556.7687577872218,8351.531366808327,6232.531366808327,31162.65683404163,1725.0,345,302,0.8753623188405797,43,0,313,17,17,15,9,9,1753.5514853673753,5612.715500860631,732.7441337004952,8351.531366808327,60,1.2762939380045282,,,,313.0,51.0,30.0,0.0,False,0.0,,,
double_ring_optical_clear_probe,27,15,15,15,1.0,True,456.9314128427313,6853.971192640969,4898.971192640969,24494.85596320484,1580.0,316,278,0.879746835443038,38,0,291,18,18,15,7,7,1669.3518917777421,6134.488331064256,897.606831782249,6712.821321831488,77,1.2182804450130789,,,,291.0,54.0,30.0,0.0,False,141.1498708094814,,,
double_ring_optical_clear_probe,28,10,10,10,1.0,True,758.4688824243025,7584.688824243025,5383.688824243028,26918.444121215132,1795.0,359,333,0.9275766016713092,26,0,332,18,18,10,7,7,1261.8980683029417,4551.165540041423,1470.526145617736,7584.688824243025,116,0.8313372539996635,,,,332.0,54.0,20.0,-2.7284841053187847e-12,False,0.0,,,
double_ring_optical_clear_probe,29,14,14,14,1.0,True,543.4351629981273,7608.0922819737825,5569.092281973784,27845.461409868905,1655.0,331,299,0.9033232628398792,32,0,305,17,17,14,10,10,1644.3441519476887,6184.689162891973,531.9454009714123,7608.0922819737825,40,1.1146249629964586,,,,305.0,51.0,28.0,-1.8189894035458565e-12,False,0.0,,,
double_ring_optical_clear_probe,30,14,14,14,1.0,True,476.4911612240555,6670.876257136777,4525.876257136777,22629.38128568389,1750.0,350,313,0.8942857142857142,37,0,325,14,14,14,6,6,2258.5301889699613,6140.616216066339,1151.0074031983181,6670.876257136777,91,0.8467932230123552,,,,325.0,42.0,28.0,0.0,False,0.0,,,
double_ring_optical_clear_probe,31,10,10,10,1.0,True,797.0546749713925,7970.546749713925,5711.546749713925,28557.73374856963,1860.0,372,347,0.9327956989247311,25,0,346,11,11,10,3,3,1774.940180853359,5406.455499413641,680.0467524895209,7970.546749713925,59,0.6145916789973853,,,,346.0,33.0,20.0,0.0,False,0.0,,,
double_ring_optical_clear_probe,32,10,10,10,1.0,True,738.6715097869474,7386.7150978694735,5146.7150978694735,25733.575489347364,1845.0,369,341,0.924119241192412,28,0,345,10,10,10,2,2,2059.804359414545,4882.618529580324,750.5995101758665,6753.173204046625,60,0.6738114030013094,,,,345.0,30.0,20.0,0.0,False,633.5418938228486,,,
double_ring_optical_clear_probe,33,14,14,14,1.0,True,602.087759045257,8429.228626633598,6515.228626633599,32576.143133167992,1560.0,312,279,0.8942307692307693,33,0,284,14,14,14,8,8,1502.9248974925151,6431.5377137814185,761.0157285556373,8429.228626633598,59,1.071702607005136,,,,284.0,42.0,28.0,0.0,False,0.0,,,
double_ring_optical_clear_probe,34,14,14,14,1.0,True,498.70488885933116,6981.868444030636,5134.868444030639,25674.342220153187,1500.0,300,264,0.88,36,0,277,14,14,14,7,7,1481.3303781293523,4428.985330998813,508.13890260724725,6981.868444030636,40,0.9373789459932595,,,,277.0,42.0,28.0,-2.7284841053187847e-12,False,0.0,,,
double_ring_optical_clear_probe,35,14,14,14,1.0,True,512.4838732562786,7174.7742255879,5177.774225587902,25888.871127939514,1605.0,321,285,0.8878504672897196,36,0,298,22,22,14,6,6,1126.3560972359076,3235.947614394255,526.7302789733017,7174.7742255879,40,1.1812159019900719,,,,298.0,66.0,28.0,-1.8189894035458565e-12,False,0.0,,,
double_ring_optical_clear_probe,36,12,12,12,1.0,True,539.8611779546471,6478.334135455765,4435.334135455765,22176.670677278827,1665.0,333,301,0.9039039039039038,32,0,309,15,15,12,4,4,1613.7092784691424,5690.1854656297255,998.3765194466066,5998.831226062008,78,0.7939948690036545,,,,309.0,45.0,24.0,0.0,False,479.50290939375736,,,
double_ring_optical_clear_probe,37,15,15,15,1.0,True,457.8279853722031,6867.419780583046,5011.419780583044,25057.098902915222,1505.0,301,262,0.8704318936877077,39,0,276,15,15,15,13,13,865.169240834282,3343.677180774275,703.3602255267627,6867.419780583046,59,1.7607174790027784,,,,276.0,45.0,30.0,2.7284841053187847e-12,False,0.0,,,
double_ring_optical_clear_probe,38,15,15,15,1.0,True,543.7170499383931,8155.755749075895,6186.755749075895,30933.77874537948,1595.0,319,283,0.8871473354231975,36,0,293,17,17,15,8,8,1961.4240801842657,6349.704077883197,682.9819994544428,8155.755749075895,59,0.9046141790022375,,,,293.0,51.0,30.0,0.0,False,0.0,,,
double_ring_optical_clear_probe,39,11,11,11,1.0,True,617.9103974334492,6797.014371767941,4609.014371767942,23045.071858839707,1790.0,358,329,0.9189944134078212,29,0,334,14,14,11,7,7,1615.0827914906688,6337.622756015961,734.9555157075014,6797.014371767941,60,0.9295677799964324,,,,334.0,42.0,22.0,-9.094947017729282e-13,False,0.0,,,
double_ring_optical_clear_probe,40,13,13,13,1.0,True,580.6746632299744,7548.770621989666,5216.770621989665,26083.853109948326,1910.0,382,350,0.9162303664921466,32,0,357,13,13,13,7,7,2132.4954254078707,6983.7189611376425,1347.6952034147084,7548.770621989666,120,1.093983960992773,,,,357.0,39.0,26.0,9.094947017729282e-13,False,0.0,,,
double_ring_optical_clear_probe,41,13,13,13,1.0,True,542.30666905429,7049.986697705769,4903.98669770577,24519.93348852886,1745.0,349,317,0.9083094555873925,32,0,324,17,17,13,5,5,2168.6300983868327,6181.277830315835,1020.6048137338257,6837.034492291306,78,0.8344886250124546,,,,324.0,51.0,26.0,-9.094947017729282e-13,False,212.9522054144627,,,
double_ring_optical_clear_probe,42,15,15,15,1.0,True,481.8222918542976,7227.334377814464,5232.334377814464,26161.671889072324,1620.0,324,281,0.8672839506172839,43,0,300,15,15,15,12,12,1153.0507127598546,3731.1619574767988,722.2077434993753,7227.334377814464,59,1.784918646008009,,,,300.0,45.0,30.0,0.0,False,0.0,,,
double_ring_optical_clear_probe,43,10,10,10,1.0,True,734.1678536459007,7341.678536459007,5044.678536459008,25223.392682295038,1890.0,378,349,0.9232804232804233,29,0,354,11,11,10,6,6,1649.4268816092958,3427.611684651329,1160.7406417471097,7341.678536459007,100,0.9190748870023526,,,,354.0,33.0,20.0,-9.094947017729282e-13,False,0.0,,,
double_ring_optical_clear_probe,44,13,13,13,1.0,True,527.2860474995764,6854.718617494494,4816.718617494494,24083.59308747246,1665.0,333,303,0.9099099099099099,30,0,308,13,13,13,10,10,1236.4592414197843,4902.342458696011,719.7368808226756,5990.98650500001,60,0.99325084600423,,,,308.0,39.0,26.0,0.0,False,863.7321124944838,,,
double_ring_optical_clear_probe,45,12,12,12,1.0,True,732.1204794582154,8785.445753498585,6577.445753498585,32887.22876749293,1815.0,363,337,0.928374655647383,26,0,333,12,12,12,8,8,1978.5618848680554,5622.166626063903,949.6737629876047,8785.445753498585,77,0.645875859001535,,,,333.0,36.0,24.0,0.0,False,0.0,,,
double_ring_optical_clear_probe,46,10,10,10,1.0,True,671.3091333682858,6713.091333682858,4413.091333682861,22065.456668414296,1895.0,379,352,0.9287598944591029,27,0,355,10,10,10,5,5,1433.93883519419,4623.146185583617,915.8093408497858,6713.091333682858,77,0.9436361660045804,,,,355.0,30.0,20.0,-2.7284841053187847e-12,False,0.0,,,
double_ring_optical_clear_probe,47,12,12,12,1.0,True,672.1497834583652,8065.797401500382,5648.797401500383,28243.987007501913,1985.0,397,368,0.9269521410579346,29,0,372,12,12,12,10,10,2261.662758885087,5741.833701832522,765.7796195036261,8065.797401500382,60,0.9149074440065306,,,,372.0,36.0,24.0,-9.094947017729282e-13,False,0.0,,,
double_ring_optical_clear_probe,48,14,14,14,1.0,True,475.709464746318,6659.932506448452,4616.93250644845,23084.66253224225,1665.0,333,294,0.8828828828828829,39,0,308,14,14,14,7,7,1758.5810044426112,6048.767799512187,1128.7227826152482,6659.932506448452,99,1.1311526839999715,,,,308.0,42.0,28.0,1.8189894035458565e-12,False,0.0,,,
double_ring_optical_clear_probe,49,10,10,10,1.0,True,744.431901803003,7444.31901803003,5237.31901803003,26186.595090150153,1820.0,364,339,0.9313186813186813,25,0,337,10,10,10,7,7,1507.3135553794282,4976.394031717978,935.2574628003117,7444.31901803003,79,0.7858287150011165,,,,337.0,30.0,20.0,0.0,False,0.0,,,
double_ring_optical_clear_probe,50,13,13,13,1.0,True,563.0945498589683,7320.229148166588,5233.22914816659,26166.145740832944,1705.0,341,307,0.9002932551319648,34,0,317,13,13,13,4,4,1780.316628489299,4047.623081734892,1813.5304484729088,7320.229148166588,149,1.0743061219982337,,,,317.0,39.0,26.0,-1.8189894035458565e-12,False,0.0,,,
double_ring_optical_clear_probe,51,11,11,11,1.0,True,675.0464063297413,7425.510469627155,5156.510469627155,25782.552348135774,1860.0,372,346,0.9301075268817204,26,0,348,13,13,11,5,5,2356.3859621198444,5230.685055079221,1316.6204627606346,7425.510469627155,113,0.5420632829918759,,,,348.0,39.0,22.0,0.0,False,0.0,,,
double_ring_optical_clear_probe,52,12,12,12,1.0,True,729.2535917206037,8751.043100647245,6400.043100647244,32000.215503236206,1935.0,387,353,0.9121447028423773,34,0,356,12,12,12,8,8,2125.8005772247893,6114.478761455543,970.9855028305999,8751.043100647245,79,1.038870267002494,,,,356.0,36.0,24.0,1.8189894035458565e-12,False,0.0,,,
double_ring_optical_clear_probe,53,14,14,14,1.0,True,563.6168028394643,7890.635239752501,5746.635239752501,28733.176198762496,1750.0,350,313,0.8942857142857142,37,0,324,14,14,14,8,8,1687.1139797712383,6002.7657493284705,755.1820000697326,7890.635239752501,59,1.2655299140024,,,,324.0,42.0,28.0,0.0,False,0.0,,,
double_ring_optical_clear_probe,54,11,11,11,1.0,True,633.6933922233936,6970.62731445733,4729.6273144573315,23648.136572286665,1830.0,366,335,0.9153005464480874,31,0,341,16,16,11,8,8,1274.3144231775125,4213.725285557286,1612.6247604729824,6970.62731445733,133,0.8193999329960207,,,,341.0,48.0,22.0,-1.8189894035458565e-12,False,0.0,,,
double_ring_optical_clear_probe,55,10,10,10,1.0,True,712.0143242470299,7120.143242470299,5010.143242470301,25050.7162123515,1740.0,348,321,0.9224137931034483,27,0,320,10,10,10,7,7,1045.2590732641931,3772.4694137867036,956.0289948349586,7120.143242470299,77,0.7190663610090269,,,,320.0,30.0,20.0,-1.8189894035458565e-12,False,0.0,,,
double_ring_optical_clear_probe,56,16,16,16,1.0,True,428.4929724558993,6855.887559294389,5102.887559294389,25514.43779647194,1415.0,283,243,0.8586572438162544,40,0,258,16,16,16,7,7,1855.4429637697435,4122.228535348375,737.8699630499112,6855.887559294389,58,0.8311624199996004,,,,258.0,48.0,32.0,0.0,False,0.0,4122.228535348375,2733.659023946014,37
double_ring_optical_clear_probe,57,10,10,10,1.0,True,876.1645793128995,8761.645793128995,6439.645793128996,32198.228965644976,1920.0,384,359,0.9348958333333334,25,0,352,10,10,10,7,7,1566.2358397982066,4912.7376695416215,484.26315651948715,8761.645793128995,40,0.651000028999988,,,,352.0,30.0,20.0,0.0,False,0.0,,,
double_ring_optical_clear_probe,58,14,14,14,1.0,True,466.38776497773057,6529.428709688228,4878.428709688229,24392.143548441145,1330.0,266,235,0.8834586466165414,31,0,242,17,17,14,7,7,702.5129577894802,3493.8745114200774,819.2087382241668,5409.327503238989,57,1.113964717995259,,,,242.0,51.0,28.0,-9.094947017729282e-13,False,1120.1012064492388,,,
double_ring_optical_clear_probe,59,11,11,11,1.0,True,667.0537820246726,7337.591602271398,5081.5916022713955,25407.958011356986,1855.0,371,341,0.9191374663072777,30,0,346,11,11,11,6,6,1558.515631999125,6828.092290362152,744.8054527605884,7337.591602271398,60,1.144802195005468,,,,346.0,33.0,22.0,2.7284841053187847e-12,False,0.0,,,
double_ring_optical_clear_probe,60,12,12,12,1.0,True,545.1858578893792,6542.23029467255,4500.230294672549,22501.15147336274,1670.0,334,304,0.9101796407185628,30,0,309,13,13,12,6,6,1320.5537699804147,4269.80220515057,702.8675365546756,5418.963288049056,58,0.8944087120034965,,,,309.0,39.0,24.0,1.8189894035458565e-12,False,1123.2670066234941,,,
double_ring_optical_clear_probe,61,13,13,13,1.0,True,574.2078377740821,7464.701891063068,5289.7018910630695,26448.50945531534,1780.0,356,322,0.9044943820224719,34,0,330,13,13,13,5,5,2036.8288538801107,5487.047144723187,2088.222637678073,7464.701891063068,175,0.8675732069968944,,,,330.0,39.0,26.0,-1.8189894035458565e-12,False,0.0,,,
double_ring_optical_clear_probe,62,14,14,14,1.0,True,476.0200278759742,6664.280390263639,4958.280390263638,24791.4019513182,1380.0,276,245,0.8876811594202898,31,0,253,15,15,14,5,5,1217.3166694480637,5331.546002497801,721.8057716395203,6052.114568567605,58,0.9423977660044329,,,,253.0,45.0,28.0,9.094947017729282e-13,False,612.1658216960341,,,
double_ring_optical_clear_probe,63,13,13,13,1.0,True,632.6845102808561,8224.89863365113,6022.89863365113,30114.493168255653,1805.0,361,324,0.8975069252077562,37,0,332,13,13,13,7,7,2481.7016909470117,6530.176852569611,754.0781167623352,8224.89863365113,60,0.841188634003629,,,,332.0,39.0,26.0,0.0,False,0.0,,,
double_ring_optical_clear_probe,64,13,13,13,1.0,True,572.0031947787428,7436.041532123656,5279.041532123656,26395.207660618293,1760.0,352,319,0.90625,33,0,329,14,14,13,6,6,1911.9528049843952,4605.9840937601175,729.4732980003491,7436.041532123656,58,0.7409505399991758,,,,329.0,42.0,26.0,0.0,False,0.0,,,
double_ring_optical_clear_probe,65,13,13,13,1.0,True,585.5241558633949,7611.814026224133,5513.814026224134,27569.070131120665,1715.0,343,313,0.9125364431486881,30,0,318,13,13,13,6,6,2444.0636377835513,6003.8971566808605,688.0554067064405,7611.814026224133,58,0.7351918890053639,,,,318.0,39.0,26.0,-9.094947017729282e-13,False,0.0,,,
double_ring_optical_clear_probe,66,10,10,10,1.0,True,780.5913247333673,7805.913247333673,5385.913247333673,26929.56623666837,1980.0,396,369,0.9318181818181818,27,0,369,17,17,10,6,6,1887.8427658478238,5135.927073379871,745.670623506473,7805.913247333673,60,0.8492739310022444,,,,369.0,51.0,20.0,0.0,False,0.0,,,
double_ring_optical_clear_probe,67,10,10,10,1.0,True,797.3420805932907,7973.420805932907,5627.4208059329085,28137.104029664537,1930.0,386,359,0.9300518134715026,27,0,360,12,12,10,6,6,2087.4329697298517,5558.130703943496,1257.9698183787314,7973.420805932907,99,0.7108219170040684,,,,360.0,36.0,20.0,-1.8189894035458565e-12,False,0.0,,,
double_ring_optical_clear_probe,68,15,15,15,1.0,True,483.3697190873165,7250.545786309748,5411.545786309747,27057.72893154873,1490.0,298,260,0.87248322147651,38,0,274,15,15,15,11,11,1099.17821846388,5900.078305263491,530.1079385488783,7158.81059175217,40,1.2846995220024837,,,,274.0,45.0,30.0,9.094947017729282e-13,False,91.73519455757832,,,
double_ring_optical_clear_probe,69,15,15,15,1.0,True,509.0912783533102,7636.369175299653,5698.369175299652,28491.845876498253,1575.0,315,276,0.8761904761904762,39,0,288,15,15,15,6,6,1602.5800518511876,5152.92274967523,565.5931910728001,7636.369175299653,40,1.1041686459939228,,,,288.0,45.0,30.0,9.094947017729282e-13,False,0.0,,,
double_ring_optical_clear_probe,70,10,10,10,1.0,True,689.4207267941119,6894.207267941119,4837.207267941119,24186.036339705595,1685.0,337,315,0.9347181008902077,22,0,313,13,13,10,3,3,1465.7393231389647,3879.2048796403947,921.4748122455312,4635.211302848607,75,0.5915802859963151,,,,313.0,39.0,20.0,0.0,False,2258.995965092512,,,
double_ring_optical_clear_probe,71,12,12,12,1.0,True,554.5506381528411,6654.607657834093,4708.607657834093,23543.038289170465,1590.0,318,281,0.8836477987421384,37,0,296,12,12,12,8,8,843.453196938086,2584.327099192281,1150.9337876631473,6654.607657834093,99,1.3630255199968815,,,,296.0,36.0,24.0,0.0,False,0.0,,,
double_ring_optical_clear_probe,72,10,10,10,1.0,True,774.7228743676644,7747.228743676645,5541.228743676644,27706.143718383224,1820.0,364,338,0.9285714285714286,26,0,336,10,10,10,5,5,1476.334624357965,6247.334163415384,668.6710680912946,7747.228743676645,58,0.8072830059973057,,,,336.0,30.0,20.0,9.094947017729282e-13,False,0.0,,,
double_ring_optical_clear_probe,73,12,12,12,1.0,True,612.4272309636417,7349.1267715637005,5211.1267715637005,26055.6338578185,1745.0,349,317,0.9083094555873925,32,0,324,15,15,12,9,9,1078.971475561482,4753.795212017678,928.6627946794637,7022.670360412733,77,0.8411941999947885,,,,324.0,45.0,24.0,0.0,False,326.45641115096714,,,
double_ring_optical_clear_probe,74,16,16,16,1.0,True,486.04916973259344,7776.786715721495,5858.786715721495,29293.93357860748,1555.0,311,267,0.8585209003215434,44,0,283,16,16,16,11,11,1308.5476930503055,3350.0757898133184,532.2249018269302,7776.786715721495,40,1.5372404730005655,,,,283.0,48.0,32.0,0.0,False,0.0,3350.0757898133184,4426.710925908177,47
double_ring_optical_clear_probe,75,13,13,13,1.0,True,714.2516355066052,9285.271261585867,6873.271261585866,34366.35630792933,1980.0,396,364,0.9191919191919192,32,0,367,13,13,13,13,13,2152.206456871863,6047.676623260946,1252.361170105034,9285.271261585867,97,0.8506054769968614,,,,367.0,39.0,26.0,1.8189894035458565e-12,False,0.0,,,
double_ring_optical_clear_probe,76,12,12,12,1.0,True,598.3222101671246,7179.8665220054945,5232.8665220054945,26164.332610027464,1595.0,319,288,0.9028213166144201,31,0,292,12,12,12,9,9,712.1021014250576,2434.3215630076356,706.9191729468944,7179.8665220054945,59,0.9878107370022917,,,,292.0,36.0,24.0,0.0,False,0.0,,,
double_ring_optical_clear_probe,77,16,16,16,1.0,True,458.5279947200473,7336.447915520756,5507.447915520759,27537.239577603785,1480.0,296,251,0.847972972972973,45,0,269,16,16,16,11,11,1578.9513828651259,5790.542834185456,955.8631880083205,7336.447915520756,77,1.1134207510040142,,,,269.0,48.0,32.0,-2.7284841053187847e-12,False,0.0,5790.542834185456,1545.9050813353006,5
double_ring_optical_clear_probe,78,16,16,16,1.0,True,493.7256658668931,7899.61065387029,5880.610653870291,29403.05326935147,1625.0,325,283,0.8707692307692307,42,0,299,21,21,16,9,9,1619.231906843942,5361.50582461053,927.5704396543622,7899.61065387029,72,1.4096572650014423,,,,299.0,63.0,32.0,-9.094947017729282e-13,False,0.0,5361.50582461053,2538.1048292597598,19
double_ring_optical_clear_probe,79,11,11,11,1.0,True,605.1111319020162,6656.222450922178,4468.222450922177,22341.11225461089,1795.0,359,332,0.924791086350975,27,0,335,12,12,11,5,5,1560.6251575370502,5086.087987588861,951.2061383350904,6656.222450922178,80,0.8356607260066085,,,,335.0,36.0,22.0,9.094947017729282e-13,False,0.0,,,
double_ring_optical_clear_probe,80,12,12,12,1.0,True,550.87777046505,6610.533245580601,4633.533245580602,23167.666227903006,1605.0,321,288,0.897196261682243,33,0,297,17,17,12,6,6,997.5003955694574,5862.554107868154,1392.5161665055457,6288.624056056515,118,1.0403787870018277,,,,297.0,51.0,24.0,-9.094947017729282e-13,False,321.9091895240863,,,
double_ring_optical_clear_probe,81,14,14,14,1.0,True,495.51782721691416,6937.249581036798,5079.249581036799,25396.247905183995,1510.0,302,263,0.8708609271523179,39,0,278,14,14,14,5,5,1564.468206579259,4974.523460616751,948.8478969568677,6937.249581036798,77,0.9418667819991242,,,,278.0,42.0,28.0,-9.094947017729282e-13,False,0.0,,,
double_ring_optical_clear_probe,82,11,11,11,1.0,True,697.136731090221,7668.504041992432,5385.504041992433,26927.520209962157,1880.0,376,349,0.9281914893617021,27,0,348,11,11,11,7,7,2365.465618217438,5621.398364396706,975.9218730605793,7668.504041992432,79,0.7062995779997436,,,,348.0,33.0,22.0,-9.094947017729282e-13,False,0.0,,,
double_ring_optical_clear_probe,83,13,13,13,1.0,True,660.3040846338162,8583.95310023961,6258.953100239611,31294.765501198053,1905.0,381,345,0.905511811023622,36,0,355,13,13,13,4,4,2962.669868542381,7042.9520470130665,757.8434363239628,8583.95310023961,60,0.8904350419907132,,,,355.0,39.0,26.0,0.0,False,0.0,,,
double_ring_optical_clear_probe,84,15,15,15,1.0,True,481.3238883535882,7219.858325303823,5249.8583253038205,26249.291626519105,1595.0,319,277,0.8683385579937304,42,0,294,17,17,15,8,8,1743.5785811806354,4842.6242956145525,701.2759380086634,7219.858325303823,60,0.9343829220015323,,,,294.0,51.0,30.0,2.7284841053187847e-12,False,0.0,,,
double_ring_optical_clear_probe,85,11,11,11,1.0,True,707.2103243872326,7779.313568259558,5335.31356825956,26676.567841297787,2015.0,403,375,0.9305210918114144,28,0,374,11,11,11,10,10,1936.1267304230068,3798.9595886820825,974.4013407525615,7779.313568259558,80,0.8132903149962658,,,,374.0,33.0,22.0,-1.8189894035458565e-12,False,0.0,,,
double_ring_optical_clear_probe,86,16,16,16,1.0,True,499.08590592718986,7985.374494835038,5936.374494835038,29681.8724741752,1650.0,330,289,0.8757575757575757,41,0,304,21,21,16,13,13,1417.2401064585524,3673.1121397649504,698.9508790112186,7985.374494835038,60,1.8972434019960929,,,,304.0,63.0,32.0,0.0,False,0.0,3673.1121397649504,4312.262355070087,45
double_ring_optical_clear_probe,87,11,11,11,1.0,True,699.7572516833702,7697.329768517072,5150.329768517072,25751.648842585353,2090.0,418,389,0.930622009569378,29,0,393,14,14,11,5,5,2520.063182791704,5526.113684052778,2521.1405191905665,7697.329768517072,210,0.8381760320044123,,,,393.0,42.0,22.0,0.0,False,0.0,,,
double_ring_optical_clear_probe,88,13,13,13,1.0,True,531.6140122581008,6910.982159355311,4740.982159355311,23704.910796776552,1775.0,355,320,0.9014084507042254,35,0,330,13,13,13,9,9,1039.2016832576564,3239.5619281588874,910.0229997787737,6910.982159355311,79,1.114473289999296,,,,330.0,39.0,26.0,0.0,False,0.0,,,
double_ring_optical_clear_probe,89,10,10,10,1.0,True,740.4467184662873,7404.467184662873,5094.4671846628735,25472.335923314364,1905.0,381,358,0.9396325459317585,23,0,355,10,10,10,6,6,1948.513394149466,4262.18848744382,1106.8339253144886,7404.467184662873,95,0.7755752990051406,,,,355.0,30.0,20.0,-9.094947017729282e-13,False,0.0,,,
double_ring_optical_clear_probe,90,11,11,11,1.0,True,724.5447555496795,7969.992311046475,5607.992311046476,28039.96155523238,1945.0,389,361,0.9280205655526992,28,0,362,11,11,11,7,7,2287.308168715819,6580.181021776283,930.8365784029406,7969.992311046475,79,0.6637136980134528,,,,362.0,33.0,22.0,-9.094947017729282e-13,False,0.0,,,
double_ring_optical_clear_probe,91,10,10,10,1.0,True,699.6438460959055,6996.438460959054,4748.4384609590525,23742.192304795266,1840.0,368,343,0.9320652173913043,25,0,343,15,15,10,3,3,1852.3699738003975,4769.681850093937,764.4529368232256,6996.438460959054,59,0.6002524299983634,,,,343.0,45.0,20.0,1.8189894035458565e-12,False,0.0,,,
double_ring_optical_clear_probe,92,13,13,13,1.0,True,534.4235264782939,6947.50584421782,4912.505844217821,24562.529221089106,1660.0,332,299,0.9006024096385542,33,0,310,13,13,13,9,9,943.5391783879697,4632.733407625825,1137.390153309504,6947.50584421782,97,1.0486795990000246,,,,310.0,39.0,26.0,-9.094947017729282e-13,False,0.0,,,
double_ring_optical_clear_probe,93,16,16,16,1.0,True,520.3816101976322,8326.105763162115,6440.105763162113,32200.528815810576,1525.0,305,265,0.8688524590163934,40,0,278,17,17,16,11,11,1800.8557025929538,5587.264819176862,993.1412104909735,8326.105763162115,80,0.9778925210121088,,,,278.0,51.0,32.0,1.8189894035458565e-12,False,0.0,5587.264819176862,2738.840943985253,12
double_ring_optical_clear_probe,94,14,14,14,1.0,True,571.6078402216261,8002.509763102766,5775.509763102766,28877.548815513837,1820.0,364,325,0.8928571428571429,39,0,337,14,14,14,8,8,1542.1413449166741,5241.172678984553,2464.0771708079806,8002.509763102766,196,1.1268731049931375,,,,337.0,42.0,28.0,0.0,False,0.0,,,
double_ring_optical_clear_probe,95,16,16,16,1.0,True,426.7952945701196,6828.724713121914,4831.724713121913,24158.62356560957,1615.0,323,280,0.8668730650154799,43,0,302,16,16,16,8,8,1987.6355872326228,6251.255917814846,717.0874318960255,6828.724713121914,59,1.3286879119987134,,,,302.0,48.0,32.0,9.094947017729282e-13,False,0.0,6251.255917814846,577.4687953070679,8
double_ring_optical_clear_probe,96,12,12,12,1.0,True,566.7731426315962,6801.277711579154,4701.277711579154,23506.38855789577,1720.0,344,311,0.9040697674418605,33,0,320,12,12,12,9,9,893.984904426285,2237.310475816027,553.1758716271842,6801.277711579154,40,1.340377222004463,,,,320.0,36.0,24.0,0.0,False,0.0,,,
double_ring_optical_clear_probe,97,11,11,11,1.0,True,588.1072037538071,6469.1792412918785,4324.179241291879,21620.896206459394,1755.0,351,323,0.9202279202279202,28,0,326,14,14,11,7,7,1297.964328921052,2587.1600183965566,555.9276591319965,5523.748477795294,40,0.8128725930000655,,,,326.0,42.0,22.0,-9.094947017729282e-13,False,945.4307634965844,,,
double_ring_optical_clear_probe,98,12,12,12,1.0,True,575.1848886653153,6902.218663983784,4767.218663983784,23836.09331991891,1750.0,350,317,0.9057142857142857,33,0,325,12,12,12,5,5,1472.4020662979503,4804.700029611662,1389.7459943634556,6799.694087529233,113,1.249202057995717,,,,325.0,36.0,24.0,0.0,False,102.5245764545507,,,
double_ring_optical_clear_probe,99,13,13,13,1.0,True,546.6067615572956,7105.887900244843,5096.887900244845,25484.439501224217,1640.0,328,296,0.9024390243902439,32,0,304,13,13,13,6,6,1433.020374316578,5531.717720005072,679.4131277412959,6509.073345339072,59,0.8874016379995737,,,,304.0,39.0,26.0,-1.8189894035458565e-12,False,596.8145549057708,,,
