strategy,seed,emitter_count,directional_count,cleared_count,clear_rate,all_cleared,average_localize_clear_time_s,virtual_time_s,movement_time_s,movement_distance_m,measure_time_s,measure_count,no_signal_count,no_signal_rate,direction_count,near_count,channel_switch_count,optical_count,clear_attempt_count,clear_success_count,directional_loss_count,directional_reacquisition_count,mean_first_seen_time_s,max_first_seen_time_s,first_clear_time_s,last_clear_time_s,measurements_before_first_clear,wall_time_s
early_optical_clear_probe,3994878760,10,8,10,1.0,True,861.5528827692262,8615.528827692262,5334.528827692262,26672.64413846133,2720.0,544,515,0.9466911764705882,29,0,508,11,11,10,6,6,2412.1463800188008,6182.942590819856,764.3537704722153,8365.653628113698,60,0.5378836110030534
early_optical_clear_probe,3446493538,11,5,11,1.0,True,741.4374426341134,8155.811868975247,5351.811868975247,26759.059344876245,2320.0,464,433,0.9331896551724138,31,0,429,11,11,11,3,3,1216.6151634750445,3904.1804418887928,757.0686672934853,5867.372622141972,59,0.574072037001315
early_optical_clear_probe,1278112619,16,5,16,1.0,True,461.66305291422515,7386.608846627602,4853.608846627605,24268.04423313802,2070.0,414,365,0.8816425120772947,49,0,383,16,16,16,3,3,1664.6689710696357,4434.051981266098,1071.233250340239,7386.608846627602,80,0.545020513003692
early_optical_clear_probe,4265401991,15,9,15,1.0,True,524.1310684357514,7861.966026536272,5368.966026536272,26844.830132681378,2045.0,409,367,0.8973105134474327,42,0,373,15,15,15,4,4,1168.1408905564329,3870.2028531397896,448.9137458164762,7370.583403586493,40,0.6676644569961354
early_optical_clear_probe,428302697,16,8,16,1.0,True,471.72259994816125,7547.56159917058,5337.56159917058,26687.80799585291,1800.0,360,315,0.875,45,0,330,16,16,16,4,4,1620.3119250738184,5328.76964611434,482.91452464145186,7547.56159917058,40,0.6236189560004277
early_optical_clear_probe,4291446997,11,7,11,1.0,True,816.600566973045,8982.606236703496,5646.6062367034965,28233.03118351748,2765.0,553,520,0.9403254972875226,33,0,516,11,11,11,10,10,2103.872727272727,5365.199999999998,5452.798263311596,8982.606236703496,387,0.48880119800014654
early_optical_clear_probe,1698866270,12,7,12,1.0,True,685.9150774026156,8230.980928831386,5674.980928831385,28374.90464415694,2110.0,422,384,0.909952606635071,38,0,386,12,12,12,7,7,1165.4687014537233,4541.138143767643,535.519004556301,6666.842993954724,40,0.6169858600042062
early_optical_clear_probe,44365831,15,8,15,1.0,True,567.7280221796415,8515.920332694623,5769.920332694627,28849.60166347314,2255.0,451,400,0.8869179600886918,51,0,416,15,15,15,10,10,1755.4083438422608,5040.173865886616,738.2094711314122,8515.920332694623,60,0.6185710799982189
early_optical_clear_probe,1975052011,16,8,16,1.0,True,517.5135864940216,8280.217383904346,5867.217383904347,29336.086919521753,1975.0,395,348,0.8810126582278481,47,0,358,16,16,16,7,7,1610.02477433374,4496.220110854493,770.7852294803456,8280.217383904346,60,0.5789049140003044
early_optical_clear_probe,2222203190,10,3,10,1.0,True,840.452248405107,8404.52248405107,5541.522484051069,27707.61242025536,2375.0,475,440,0.9263157894736842,35,0,438,10,10,10,3,3,1017.3593582714315,6123.716693677435,464.6450885119639,8345.52248405107,40,0.615559577003296
early_optical_clear_probe,4203662554,16,6,16,1.0,True,475.1113027321933,7601.7808437150925,5466.780843715094,27333.90421857548,1735.0,347,301,0.8674351585014409,46,0,314,18,18,16,6,6,1194.048442899427,6645.232168874544,454.36394398186394,7601.7808437150925,40,0.6791350430066814
early_optical_clear_probe,1822668520,16,10,16,1.0,True,389.52246449682866,6232.359431949259,4453.35943194926,22266.797159746304,1435.0,287,239,0.8327526132404182,48,0,264,16,16,16,9,9,720.7292394638399,3449.949164356867,1071.9377939596523,6232.359431949259,77,0.6933419220003998
early_optical_clear_probe,2826888429,14,6,14,1.0,True,612.6530885068339,8577.143239095674,5885.143239095675,29425.716195478373,2215.0,443,401,0.9051918735891648,42,0,407,14,14,14,4,4,2020.4259868224824,4640.290728899275,690.1921170099174,8577.143239095674,60,0.5777332770012436
early_optical_clear_probe,941288844,16,8,16,1.0,True,400.71817124978406,6411.490739996545,4597.490739996544,22987.45369998272,1460.0,292,246,0.8424657534246576,46,0,268,18,18,16,6,6,1693.2795547527844,4532.192936519921,727.9914702024913,6411.490739996545,60,0.699188602004142
early_optical_clear_probe,2474560596,12,7,12,1.0,True,746.3277155045572,8955.932586054687,5834.932586054692,29174.662930273473,2580.0,516,479,0.9282945736434108,37,0,481,12,12,12,7,7,2179.200362243977,6132.900131437775,491.71914740635555,8955.932586054687,40,0.6732120509986999
early_optical_clear_probe,1460553863,13,7,13,1.0,True,678.4072234032584,8819.293904242359,6028.2939042423595,30141.46952121181,2300.0,460,422,0.9173913043478261,38,0,423,14,14,13,6,6,2357.4423094757462,6239.4944498968,475.83544763079266,8819.293904242359,40,0.8030452230013907
early_optical_clear_probe,1887144257,11,4,11,1.0,True,797.9163916903625,8777.080308593988,5693.080308593986,28465.401542969943,2555.0,511,482,0.9432485322896281,29,0,474,11,11,11,5,5,2176.43035169038,5020.0039056075575,2304.542914437467,8186.756439750808,174,0.5916494209959637
early_optical_clear_probe,897343921,15,5,15,1.0,True,572.5592947521271,8588.389421281907,5764.389421281906,28821.94710640953,2315.0,463,416,0.8984881209503239,47,0,425,18,18,15,4,4,1912.4123621043502,6361.178992184962,450.8914321854847,8588.389421281907,40,0.6639920210000128
early_optical_clear_probe,2306949962,12,6,12,1.0,True,735.84824499695,8830.1789399634,5788.178939963398,28940.894699817,2515.0,503,465,0.9244532803180915,38,0,467,12,12,12,4,4,1730.0230695371672,5430.584254548143,713.6702216368038,8054.175778955263,60,0.5760502350021852
early_optical_clear_probe,1752425034,16,12,16,1.0,True,504.65372460675593,8074.459593708095,5742.459593708095,28712.297968540486,1905.0,381,338,0.8871391076115486,43,0,344,17,17,16,11,11,1803.939322726815,5221.864571461633,778.9224016352986,8051.459593708095,60,0.6351783940044697
early_optical_clear_probe,1405562583,16,5,16,1.0,True,435.64758409259707,6970.361345481553,4973.361345481553,24866.80672740778,1620.0,324,278,0.8580246913580247,46,0,294,17,17,16,5,5,823.8368685814887,5865.545039447804,512.7751763077631,6970.361345481553,40,0.6484919940048712
early_optical_clear_probe,3462569163,12,5,12,1.0,True,716.2228684215189,8594.674421058227,5564.674421058225,27823.37210529114,2505.0,501,466,0.9301397205588823,35,0,465,12,12,12,5,5,2304.8051080613373,6051.188865712301,482.3796587589235,8371.59512003397,40,0.5718497229972854
early_optical_clear_probe,4048504386,12,7,12,1.0,True,737.449400070551,8849.392800846612,5759.39280084661,28796.964004233065,2555.0,511,477,0.9334637964774951,34,0,475,12,12,12,5,5,2141.443882298824,5824.13289765921,1577.1728480290865,8367.006043143418,120,0.5293332610017387
early_optical_clear_probe,3859238259,11,8,11,1.0,True,762.7507811269883,8390.25859239687,5430.25859239687,27151.29296198436,2450.0,490,455,0.9285714285714286,35,0,455,11,11,11,5,5,1160.4325128179537,4146.478820498745,1515.2935244670484,7544.160162396824,119,0.5807290279990411
early_optical_clear_probe,2369844340,16,7,16,1.0,True,474.0159654381233,7584.255447009973,5252.255447009974,26261.277235049867,1905.0,381,327,0.8582677165354331,54,0,347,16,16,16,2,2,1869.024625735958,5851.619978520535,468.1778780673468,7584.255447009973,40,0.608046932000434
early_optical_clear_probe,320511883,12,7,12,1.0,True,714.4393135141695,8573.271762170034,5664.271762170033,28321.358810850186,2405.0,481,441,0.9168399168399168,40,0,444,12,12,12,3,3,2036.7938958221973,6799.624539137989,516.7153210587003,7833.913471303136,40,0.49257183900044765
early_optical_clear_probe,1878977103,13,8,13,1.0,True,687.4977871967753,8937.471233558079,6035.471233558078,30177.3561677904,2395.0,479,440,0.918580375782881,39,0,442,13,13,13,6,6,1468.1057157087864,6680.492726515409,418.2727958014764,8937.471233558079,40,0.6914839210003265
early_optical_clear_probe,1570293519,13,7,13,1.0,True,625.9859199461242,8137.8169592996155,5444.816959299616,27224.084796498082,2220.0,444,404,0.9099099099099099,40,0,408,13,13,13,5,5,1000.9268943840136,5920.625789801054,491.7524787706341,8096.8169592996155,40,0.5370656320010312
early_optical_clear_probe,3063495776,12,5,12,1.0,True,655.9397873653019,7871.277448383622,5062.277448383623,25311.387241918128,2320.0,464,427,0.9202586206896551,37,0,429,12,12,12,5,5,1331.201714108003,5863.628649677749,742.144331125118,7871.277448383622,59,0.4463909049954964
early_optical_clear_probe,4200393811,13,5,13,1.0,True,642.212645041361,8348.764385537694,5356.7643855376955,26783.82192768848,2470.0,494,455,0.9210526315789473,39,0,457,13,13,13,1,1,1810.7395391126547,4128.412822311815,789.1347073147324,8348.764385537694,60,0.6036824049951974
early_optical_clear_probe,1909720803,10,6,10,1.0,True,871.3118233899155,8713.118233899155,5496.118233899156,27480.59116949579,2670.0,534,505,0.9456928838951311,29,0,497,10,10,10,5,5,2259.269527679189,5309.133482953569,506.99536379201186,8288.696687770207,40,0.5814670510008
early_optical_clear_probe,2542283703,11,5,11,1.0,True,751.4618271963976,8266.080099160374,5407.080099160375,27035.400495801878,2365.0,473,441,0.9323467230443975,32,0,436,12,12,11,3,3,1640.9853563433303,4131.160719703727,2017.1380631292018,8213.080099160374,151,0.581026154999563
early_optical_clear_probe,699429319,16,7,16,1.0,True,470.83935520276253,7533.4296832442005,5323.4296832442005,26617.14841622101,1800.0,360,309,0.8583333333333333,51,0,327,17,17,16,5,5,1258.8725691815216,3855.6927893997663,480.17223343934654,7533.4296832442005,40,0.6970798470065347
early_optical_clear_probe,1768351629,10,8,10,1.0,True,905.5804215093109,9055.804215093109,5748.804215093109,28744.02107546556,2745.0,549,523,0.9526411657559198,26,0,512,10,10,10,5,5,2485.6949710424174,4221.292356419475,2072.035587975444,8817.349549355353,153,0.5660214750023442
early_optical_clear_probe,373358200,11,10,11,1.0,True,798.411232720504,8782.523559925545,5577.523559925544,27887.61779962774,2655.0,531,501,0.943502824858757,30,0,495,11,11,11,11,11,2472.6116895473165,6023.057554558967,457.6406833749378,8533.369157970288,40,0.5268371929996647
early_optical_clear_probe,150288151,13,9,13,1.0,True,688.2527017616104,8947.285122900936,5809.2851229009375,29046.425614504707,2590.0,518,478,0.9227799227799228,40,0,483,13,13,13,10,10,1666.9642984929128,5698.167940203934,3066.528328301686,8947.285122900936,227,0.5139361460023792
early_optical_clear_probe,490643133,13,6,13,1.0,True,719.0010171293031,9347.01322268094,6144.013222680936,30720.06611340469,2645.0,529,487,0.9206049149338374,42,0,493,13,13,13,7,7,2026.260594970446,7409.535602978945,705.345206067488,8928.38268828322,60,0.5563460339981248
early_optical_clear_probe,1034207569,15,12,15,1.0,True,631.4242560858604,9471.363841287906,6813.3638412879045,34066.81920643953,2180.0,436,383,0.8784403669724771,53,0,400,16,16,15,14,14,1474.784713825093,5176.737914894204,2035.5780284468963,9471.363841287906,152,0.6454513460048474
early_optical_clear_probe,2431908849,15,6,15,1.0,True,580.0350799929079,8700.526199893618,5652.526199893617,28262.63099946809,2505.0,501,455,0.908183632734531,46,0,465,16,16,15,6,6,2757.54563401669,7460.864864067374,491.25515310657323,8700.526199893618,40,0.5706429519996163
early_optical_clear_probe,4280083111,14,7,14,1.0,True,613.5727227384228,8590.018118337919,5661.018118337921,28305.090591689615,2410.0,482,435,0.9024896265560166,47,0,446,15,15,14,10,10,1194.1727041932972,4971.248495543177,1011.7996746751998,8590.018118337919,80,0.6072464989993023
early_optical_clear_probe,2026414697,10,4,10,1.0,True,845.5347064712553,8455.347064712552,5410.347064712553,27051.735323562774,2525.0,505,474,0.9386138613861386,31,0,470,10,10,10,5,5,1870.8190427193022,5232.472921036545,447.73615576513,8077.075262193353,40,0.5787108690055902
early_optical_clear_probe,2117610097,14,5,14,1.0,True,595.6538997643986,8339.15459670158,5623.154596701582,28115.77298350792,2235.0,447,401,0.8970917225950783,46,0,411,14,14,14,5,5,2231.950128356952,6708.782924388696,473.3500817943971,7668.083471104898,40,0.6473583939950913
early_optical_clear_probe,2161903738,10,2,10,1.0,True,798.0392973774577,7980.3929737745775,5198.392973774578,25991.96486887291,2305.0,461,432,0.9370932754880694,29,0,427,10,10,10,1,1,696.0504615838593,2333.306375091218,431.7082202640454,6475.12871759227,40,0.5790476969996234
early_optical_clear_probe,1734095830,11,8,11,1.0,True,745.6184003890153,8201.802404279168,5266.80240427917,26334.012021395858,2430.0,486,452,0.9300411522633745,34,0,450,11,11,11,10,10,1110.417912571237,5820.21157168721,2275.2805854348794,8201.802404279168,168,0.6506394460011506
early_optical_clear_probe,127841267,15,12,15,1.0,True,562.3892146606267,8435.838219909401,5906.838219909403,29534.19109954702,2075.0,415,374,0.9012048192771084,41,0,379,15,15,15,11,11,1712.9764336267529,6327.045918335628,445.14493245529763,8435.838219909401,40,0.7565428279995103
early_optical_clear_probe,2452981113,16,12,16,1.0,True,511.0122156321773,8176.195450114837,5794.1954501148375,28970.977250574193,1945.0,389,337,0.8663239074550129,52,0,354,17,17,16,11,11,1720.4119370020999,5264.5234677320095,483.32976489366763,8176.195450114837,40,0.6933217870027875
early_optical_clear_probe,4047663185,11,4,11,1.0,True,783.1654613764902,8614.820075141391,5655.82007514139,28279.10037570696,2450.0,490,457,0.9326530612244898,33,0,451,12,12,11,5,5,1379.7319973931562,3245.6151604219367,1263.994541002325,8614.820075141391,93,0.6177854720008327
early_optical_clear_probe,649817966,11,5,11,1.0,True,770.898059302636,8479.878652328996,5533.878652328999,27669.393261645007,2440.0,488,458,0.9385245901639344,30,0,451,11,11,11,3,3,2323.3794310604067,5761.556140431974,2006.2213680448438,8479.878652328996,154,0.650778610004636
early_optical_clear_probe,2128994306,11,1,11,1.0,True,714.8087852518391,7862.89663777023,5233.896637770232,26169.48318885117,2175.0,435,402,0.9241379310344827,33,0,399,11,11,11,1,1,1134.2921058304144,2310.768860689093,716.0877784916987,7809.89663777023,60,0.711730406001152
early_optical_clear_probe,890894774,16,7,16,1.0,True,505.01831183686943,8080.292989389911,5696.2929893899145,28481.464946949585,1950.0,390,346,0.8871794871794871,44,0,354,16,16,16,2,2,1630.249114323345,5707.81484580928,457.15904843942013,8080.292989389911,40,0.6680142940022051
early_optical_clear_probe,1766803968,10,4,10,1.0,True,902.1381869212782,9021.381869212782,5764.3818692127825,28821.909346063923,2695.0,539,506,0.9387755102040817,33,0,503,13,13,10,4,4,1491.0627937415697,4209.943320276494,1802.5276899999958,8739.20486033182,136,0.5284521680005128
early_optical_clear_probe,2485339738,10,4,10,1.0,True,838.3624746312895,8383.624746312895,5159.624746312896,25798.12373156449,2675.0,535,503,0.9401869158878504,32,0,499,10,10,10,5,5,1245.6628859291607,4809.208716721342,2311.8996504868933,6795.194894150951,174,0.5276252949988702
early_optical_clear_probe,892981517,16,4,16,1.0,True,439.7967955740482,7036.748729184771,4934.74872918477,24673.743645923856,1710.0,342,292,0.8538011695906432,50,0,312,16,16,16,2,2,1002.8607374588888,5446.444649301721,1027.498409646499,7036.748729184771,79,0.536601180996513
early_optical_clear_probe,3763569614,15,8,15,1.0,True,586.5375085093264,8798.062627639896,6157.062627639897,30785.313138199494,2170.0,434,388,0.8940092165898618,46,0,396,15,15,15,5,5,1844.9956089825603,6709.722983890942,798.4003012839014,8798.062627639896,60,0.6131456810035161
early_optical_clear_probe,3942224247,15,6,15,1.0,True,513.3547669145627,7700.321503718441,5151.32150371844,25756.607518592205,2090.0,418,379,0.9066985645933014,39,0,384,15,15,15,6,6,1981.7763889958617,5710.296059924655,709.4583500217734,7564.66158034345,60,0.6548367359937401
early_optical_clear_probe,2658036169,11,6,11,1.0,True,786.0577838882456,8646.635622770702,5388.635622770703,26943.178113853533,2700.0,540,502,0.9296296296296296,38,0,503,11,11,11,8,8,1950.8484101778922,4941.341376590188,782.063356251147,8593.635622770702,60,0.4530750589983654
early_optical_clear_probe,2196051692,15,8,15,1.0,True,540.5594442337036,8108.391663505554,5532.391663505555,27661.958317527784,2115.0,423,376,0.8888888888888888,47,0,386,15,15,15,5,5,1867.23640016124,6223.018343047451,508.5574400668294,8108.391663505554,40,0.6214554329999373
early_optical_clear_probe,2781445960,12,8,12,1.0,True,737.4886204847807,8849.863445817367,5777.8634458173665,28889.317229086842,2540.0,508,475,0.9350393700787402,33,0,472,12,12,12,5,5,2111.1264789803913,4526.993320881889,2105.4323177451815,8849.863445817367,160,0.5134320819997811
early_optical_clear_probe,1686066024,14,4,14,1.0,True,515.1864973558313,7212.610962981638,5137.610962981639,25688.054814908213,1700.0,340,296,0.8705882352941177,44,0,305,14,14,14,1,1,566.5234043194171,2071.492254705213,411.1446271046623,5459.476344395934,40,0.7401455329963937
early_optical_clear_probe,1343398639,15,9,15,1.0,True,548.6365638788994,8229.548458183492,5882.548458183493,29412.742290917475,1920.0,384,345,0.8984375,39,0,349,16,16,15,6,6,1098.899160932047,6095.167463258832,459.3731290714702,8229.548458183492,40,0.735365342006844
early_optical_clear_probe,452542703,11,7,11,1.0,True,810.019085625164,8910.209941876805,5904.209941876805,29521.049709384028,2485.0,497,463,0.93158953722334,34,0,463,12,12,11,4,4,2094.3921788216417,5082.512576758272,710.4108311610139,8910.209941876805,60,0.5255003619968193
early_optical_clear_probe,2843541126,14,8,14,1.0,True,606.9927464880939,8497.898450833314,5875.898450833316,29379.49225416659,2150.0,430,385,0.8953488372093024,45,0,396,16,16,14,8,8,1381.220336759769,4846.770899464507,1965.5122255947836,8378.928899914015,152,0.6194919449990266
early_optical_clear_probe,2536528546,10,4,10,1.0,True,828.7397416460175,8287.397416460175,5339.397416460176,26696.987082300893,2445.0,489,464,0.9488752556237219,25,0,453,10,10,10,2,2,1807.6000664319515,3893.8115714708206,1016.858366258754,8228.397416460175,78,0.7374173589996644
early_optical_clear_probe,1085015611,15,10,15,1.0,True,591.2186941656039,8868.280412484059,6413.28041248406,32066.402062420315,2010.0,402,362,0.900497512437811,40,0,367,16,16,15,5,5,2222.4242545360485,6405.850133087487,435.26483112251645,8868.280412484059,40,0.8530008259986062
early_optical_clear_probe,3166123490,14,8,14,1.0,True,600.4326405628223,8406.056967879511,5780.056967879514,28900.284839397573,2160.0,432,397,0.9189814814814815,35,0,396,14,14,14,4,4,2303.427922980162,7129.593104579843,456.8356630689867,8371.056967879511,40,0.7195092019974254
early_optical_clear_probe,750912107,12,6,12,1.0,True,686.7073552320197,8240.488262784236,5499.488262784234,27497.44131392119,2265.0,453,419,0.9249448123620309,34,0,416,12,12,12,4,4,1134.004270048434,4085.4463525305564,775.9052920932398,8240.488262784236,59,0.5665959350008052
early_optical_clear_probe,3192078103,12,6,12,1.0,True,740.5817750184113,8886.981300220936,5881.981300220936,29409.90650110469,2485.0,497,461,0.9275653923541247,36,0,460,12,12,12,3,3,2624.7710940886222,6454.789500418158,758.1312559078341,8839.981300220936,60,0.5788459219984361
early_optical_clear_probe,3326343423,14,4,14,1.0,True,516.3150564221447,7228.410789910025,5059.410789910025,25297.053949550136,1780.0,356,315,0.8848314606741573,41,0,319,14,14,14,4,4,445.78172846583675,2248.049054393717,447.79257862786164,6816.636676342367,40,0.7171286090015201
early_optical_clear_probe,1561916267,13,3,13,1.0,True,616.1259617383122,8009.637502598058,5246.63750259806,26233.1875129903,2275.0,455,416,0.9142857142857143,39,0,420,14,14,13,2,2,1176.006590295392,5340.703502379218,962.8220850081341,7786.118841928402,79,0.5790345670029637
early_optical_clear_probe,422654703,13,6,13,1.0,True,663.2597195281463,8622.376353865902,6280.376353865902,31401.881769329528,1925.0,385,340,0.8831168831168831,45,0,349,14,14,13,7,7,436.5840439249905,1961.846350496686,414.66475047880596,7102.66129602695,40,0.7529411340001388
early_optical_clear_probe,2942485191,12,7,12,1.0,True,768.7708562916192,9225.250275499431,6085.250275499431,30426.251377497163,2595.0,519,482,0.928709055876686,37,0,482,13,13,12,5,5,1978.025359668544,5422.122215638634,697.5256847563538,9225.250275499431,60,0.53964083900064
early_optical_clear_probe,3107043318,14,7,14,1.0,True,638.3840482245113,8937.376675143158,6011.376675143157,30056.883375715784,2410.0,482,442,0.91701244813278,40,0,446,14,14,14,5,5,2280.0215851563785,7506.624232146822,514.5427952775926,8937.376675143158,40,0.7092226290042163
early_optical_clear_probe,1122544754,13,3,13,1.0,True,703.4962139903525,9145.450781874582,6441.450781874582,32207.253909372925,2225.0,445,399,0.8966292134831461,46,0,408,15,15,13,2,2,1198.8762627256447,6421.3019351418925,1494.9729672066005,9145.450781874582,110,0.8037384980052593
early_optical_clear_probe,2917819061,13,7,13,1.0,True,618.9083217399847,8045.8081826198,5404.808182619802,27024.040913099016,2175.0,435,393,0.903448275862069,42,0,401,13,13,13,6,6,1515.86930661436,6896.488336207453,530.4920949656638,7798.020464819057,40,0.48633368499577045
early_optical_clear_probe,4293605397,15,9,15,1.0,True,577.141901556263,8657.128523343945,5863.128523343945,29315.64261671973,2295.0,459,412,0.8976034858387799,47,0,424,15,15,15,7,7,1778.7573070559624,5863.886202599621,2601.173501044021,8657.128523343945,198,0.5180581200038432
early_optical_clear_probe,450737591,14,4,14,1.0,True,547.0641242172462,7658.8977390414475,5248.897739041447,26244.488695207245,1980.0,396,354,0.8939393939393939,42,0,360,14,14,14,5,5,640.1771198725097,3373.538052576756,443.2958574043931,6030.606069693606,40,0.6646947539993562
early_optical_clear_probe,516899282,10,6,10,1.0,True,942.678768740617,9426.78768740617,6167.787687406166,30838.93843703084,2705.0,541,512,0.9463955637707948,29,0,504,10,10,10,7,7,1426.25846881999,6830.6794452859185,1819.4049841494434,7311.10300834032,134,0.49545413599844323
early_optical_clear_probe,858810779,13,5,13,1.0,True,651.9418160325214,8475.243608422777,5814.243608422779,29071.218042113902,2190.0,438,401,0.9155251141552512,37,0,403,14,14,13,3,3,1402.738439689762,7498.799049307731,737.3260157633032,8116.153925318538,59,0.8182538830005797
early_optical_clear_probe,829376469,15,6,15,1.0,True,529.3233769746328,7939.850654619491,5428.850654619491,27144.25327309746,2060.0,412,373,0.9053398058252428,39,0,376,15,15,15,5,5,1612.9298395293777,4500.20745206636,1796.977814913322,6912.644627136073,136,0.5180548770003952
early_optical_clear_probe,2905945815,16,6,16,1.0,True,547.5596975344515,8760.955160551224,5982.955160551225,29914.77580275613,2275.0,455,414,0.9098901098901099,41,0,420,17,17,16,3,3,2820.378488358411,8238.510280148092,441.69636630259856,8760.955160551224,40,0.5537060269998619
early_optical_clear_probe,3511197423,16,8,16,1.0,True,579.344428061723,9269.510848987567,6504.510848987567,32522.55424493784,2265.0,453,405,0.8940397350993378,48,0,417,17,17,16,5,5,2286.366591921034,6766.874639697847,515.2844055056573,9269.510848987567,40,0.559952521995001
early_optical_clear_probe,619630386,11,4,11,1.0,True,803.6907036109498,8840.597739720448,5865.597739720445,29327.98869860223,2460.0,492,460,0.9349593495934959,32,0,457,12,12,11,3,3,1351.3758129590062,4838.63967262693,419.04636956974855,7751.947679520185,40,0.6301450039973133
early_optical_clear_probe,461802506,13,3,13,1.0,True,607.9271801885012,7903.053342450516,5269.053342450516,26345.266712252593,2170.0,434,398,0.9170506912442397,36,0,399,13,13,13,2,2,1314.668408707899,6658.5671823205475,768.825070631304,7862.053342450516,60,0.5339588410060969
early_optical_clear_probe,2526179025,11,6,11,1.0,True,763.6851116054078,8400.536227659486,5486.536227659487,27432.681138297452,2410.0,482,452,0.9377593360995851,30,0,446,12,12,11,4,4,1712.7843215481248,4866.774598194596,1300.1156927137756,8113.056707110677,100,0.5561759440024616
early_optical_clear_probe,1005122762,15,8,15,1.0,True,522.0624866881852,7830.937300322779,5355.93730032278,26779.686501613905,2030.0,406,363,0.8940886699507389,43,0,370,15,15,15,6,6,1598.0512807720947,7536.188931880078,527.0089317142254,7830.937300322779,40,0.5425810759988963
early_optical_clear_probe,1819142268,16,8,16,1.0,True,487.16429392316917,7794.628702770707,5511.628702770707,27558.14351385354,1865.0,373,328,0.8793565683646113,45,0,338,16,16,16,9,9,913.6357173937026,6592.827261704409,521.8261217323185,7794.628702770707,40,0.5888471869984642
early_optical_clear_probe,478643335,14,8,14,1.0,True,556.6045800308099,7792.4641204313375,5514.464120431339,27572.320602156706,1870.0,374,332,0.8877005347593583,42,0,338,14,14,14,5,5,1107.3471641459187,5693.218149696849,531.4035830305025,7792.4641204313375,40,0.7400345080022817
early_optical_clear_probe,931618394,13,8,13,1.0,True,619.5032509615573,8053.542262500245,5492.542262500246,27462.71131250124,2110.0,422,388,0.919431279620853,34,0,386,13,13,13,5,5,1156.4157006212397,2824.7343340814787,409.20738691663644,7664.762190588192,40,0.6844812440031092
early_optical_clear_probe,3373057727,11,5,11,1.0,True,764.8390355132152,8413.229390645367,5388.229390645371,26941.146953226857,2505.0,501,464,0.9261477045908184,37,0,465,11,11,11,6,6,1140.4366519104033,6535.264362629901,483.9641527337561,8116.617584906893,40,0.557925505003368
early_optical_clear_probe,1582115203,13,7,13,1.0,True,644.4614183743531,8377.99843886659,5974.99843886659,29874.992194332972,1975.0,395,356,0.9012658227848102,39,0,360,14,14,13,7,7,752.3450255716682,2995.12167854909,426.6080857184726,7644.759083834781,40,0.7609745759982616
early_optical_clear_probe,167637553,14,4,14,1.0,True,604.0605696218416,8456.847974705783,5771.8479747057845,28859.239873528928,2210.0,442,398,0.9004524886877828,44,0,405,14,14,14,4,4,524.8571428571429,2608.9999999999995,5583.990373380944,8456.847974705783,349,0.652271959996142
early_optical_clear_probe,2972685836,11,6,11,1.0,True,740.6826372013263,8147.509009214589,5256.50900921459,26282.545046072966,2390.0,478,442,0.9246861924686193,36,0,443,12,12,11,7,7,856.6106238798119,4354.935916492378,2465.380946185552,7557.883095905676,179,0.5315590009995503
early_optical_clear_probe,1308756131,15,10,15,1.0,True,552.8644653155791,8292.966979733686,5998.966979733688,29994.83489866845,1880.0,376,336,0.8936170212765957,40,0,339,15,15,15,10,10,1314.4825599098415,3984.7570219342288,515.4231181497098,8292.966979733686,40,0.7664841350051574
early_optical_clear_probe,1408331827,12,5,12,1.0,True,752.037021257663,9024.444255091956,6019.444255091956,30097.221275459786,2485.0,497,463,0.93158953722334,34,0,460,12,12,12,3,3,2740.944192871763,7497.256547597804,1973.2783850453259,8796.657517737745,150,0.5653894530041725
early_optical_clear_probe,320694853,12,8,12,1.0,True,710.813288810578,8529.759465726936,5637.759465726938,28188.797328634697,2390.0,478,445,0.9309623430962343,33,0,442,12,12,12,5,5,2073.884142352658,4327.2012120941,1568.4820006308062,7037.9832154698925,120,0.5349451570000383
early_optical_clear_probe,1850311055,16,9,16,1.0,True,470.67722831937726,7530.835653110036,5455.835653110036,27279.17826555019,1685.0,337,286,0.8486646884272997,51,0,307,17,17,16,10,10,663.9531749202915,4428.688150239897,532.7496079095013,7530.835653110036,40,0.8495255119996727
early_optical_clear_probe,2893833046,11,2,11,1.0,True,752.2703386489155,8274.97372513807,5354.973725138071,26774.86862569036,2415.0,483,451,0.9337474120082816,32,0,447,12,12,11,3,3,1695.2013312588288,4728.616345859967,409.1354909200382,8221.97372513807,40,0.5997399820043938
early_optical_clear_probe,3219631666,16,7,16,1.0,True,441.63920792873967,7066.227326859835,5016.227326859834,25081.136634299186,1665.0,333,283,0.8498498498498499,50,0,302,17,17,16,6,6,1214.6378246991983,6277.527622930026,417.00809824227093,7066.227326859835,40,0.6579344139972818
early_optical_clear_probe,3948087229,14,5,14,1.0,True,601.451308116419,8420.318313629867,5811.318313629865,29056.59156814933,2145.0,429,386,0.8997668997668997,43,0,391,15,15,14,7,7,1093.8604997170908,5163.753606663099,494.7500422059654,8420.318313629867,40,0.6149990940029966
early_optical_clear_probe,1149188533,16,6,16,1.0,True,449.13796462252805,7186.207433960449,5151.20743396045,25756.037169802257,1655.0,331,286,0.8640483383685801,45,0,300,16,16,16,4,4,1391.976827043175,5706.590449191763,446.76775967580346,7186.207433960449,40,0.8728219170006923
