paper_section,paper_slot,title,status,original_asset_paths,source_script_paths,data_source_paths,git_branch_or_commit_if_needed,copied_to,notes
section5,(5)-fig1,Single detection-point bearing-error wedge,direct_use,task1/figures/fig1_single_bearing_wedge.png; task1/figures/fig1_single_bearing_wedge.pdf; task1/figures/fig1_single_bearing_wedge.svg,task1/demo/demo_single_wedge.py,,working tree,paper_assets/paper_figures/section5/fig1_single_bearing_wedge.*; paper_assets/originals/section5/fig1_single_bearing_wedge/,Archived in all available formats; suitable for current paper use.
section5,(5)-fig2,Multi-station intersection with local enlargement,programmatically_generated,task1/figures/fig2_multi_station_intersection.png; paper_assets/originals/section5/fig2_multi_station_intersection/fig2_global_overview.png; paper_assets/originals/section5/fig2_multi_station_intersection/fig2_local_detail.png,task1/demo/demo_multi_intersection.py,paper_assets/originals/section5/fig2_multi_station_intersection/geometry.json,working tree,paper_assets/paper_figures/section5/section5_fig2_multi_station_intersection.*; paper_assets/originals/section5/fig2_multi_station_intersection/,Two independent source panels and a final two-panel composition generated from the existing geometry functions; no AI image generation.
section5,(5)-fig3,Active target disk clipping,programmatically_generated,paper_assets/originals/section5/fig3_active_target_disk_clipping/fig3_parameterized_source.png,task1/demo/demo_circle_clipping.py,paper_assets/originals/section5/fig3_active_target_disk_clipping/geometry.json,working tree,paper_assets/paper_figures/section5/section5_fig3_active_target_disk_clipping.*; paper_assets/originals/section5/fig3_active_target_disk_clipping/,Constructed outer-wide and inner-narrow trapezoid; exact clipping reports the active circular arc and changes the diameter endpoint from A to P; no AI image generation.
section5,(5)-fig4,Hexagon counterexample and minimum-covering-circle check,direct_use,task1/figures/fig4_hexagon_counterexample.png; task1/figures/fig4_hexagon_counterexample.pdf; task1/figures/fig4_hexagon_counterexample.svg,task1/demo/demo_hexagon_counterexample.py,,working tree,paper_assets/paper_figures/section5/fig4_hexagon_counterexample.*; paper_assets/originals/section5/fig4_hexagon_counterexample/,Archived in all available formats; suitable for current paper use with optional light polish.
section6,(6)-fig1,First localization region and second-point candidate regions,programmatically_generated,task2/results/raw/base_scenarios.csv; task2/results/raw/selected_points.csv,task2/experiments/make_figures.py,task2/results/raw/base_scenarios.csv; task2/results/raw/selected_points.csv; task2/results/tables/strategy_summary.csv,working tree,paper_assets/paper_figures/section6/section6_fig1_candidate_regions.*; paper_assets/originals/section6/fig1_candidate_regions/,Expected Diameter removed; GDOP Mean selected point used; no benchmark rerun.
section6,(6)-fig2,Second detection points selected by four strategies,programmatically_generated,task2/results/raw/selected_points.csv,task2/experiments/make_figures.py,task2/results/raw/selected_points.csv,working tree,paper_assets/paper_figures/section6/section6_fig2_selected_points.*; paper_assets/originals/section6/fig2_selected_points/,Only GDOP Mean, Geometry, FIM E-optimal, and Random retained; no benchmark rerun.
section6,(6)-fig3,Empirical CDF of localization diameter,programmatically_generated,task2/results/raw/evaluations.csv,task2/experiments/make_figures.py,task2/results/raw/evaluations.csv,working tree,paper_assets/paper_figures/section6/section6_fig3_diameter_cdf.*; paper_assets/originals/section6/fig3_diameter_cdf/,Expected Diameter filtered; full tail retained; no benchmark rerun.
section7,(7)-opening-A,Realistic quadruped robot searching for an interference source,needs_ai_generation,,image_gen built-in; prompt in paper_assets/prompts/image_generation_prompts.md,,generated in current task,paper_assets/paper_figures/section7/section7_robot_search_realistic.png,Generated candidate; review, crop, and caption before publication.
section7,(7)-opening-B,Standalone artistic mathematical-model abstraction (right image),needs_ai_generation,,image_gen built-in; prompt in paper_assets/prompts/image_generation_prompts.md,,generated in current task,paper_assets/paper_figures/section7/section7_robot_to_model_abstraction.png,Generated independent right-image candidate; same 3:2 dimensions as the realistic left image; review, crop, and caption before publication.
