scenario_id,target_x,target_y,s1_x,s1_y,radius,radius_mode,error_model,error1_rad,bearing1_rad
0,-608.7527861583342,-1003.7390494088179,-822.0197296973874,-445.6184273974741,1000.0,fixed_1000,uniform,0.00795287806207727,5.085336765668526
1,-1485.9048476540092,-493.41582509030076,-1366.0983826125535,-830.602711908014,1000.0,fixed_1000,truncated_gaussian,-0.007586080628016919,1.9046092830794672
2,600.3416160555291,-1266.961381345204,1095.8753603338703,-1362.0277758444367,1000.0,fixed_1000,worst_bounded,-0.017453292519943295,2.9345958946877775
3,-259.87733425323194,1677.9936270902135,-687.5559945815322,762.7025923786266,1250.0,fixed_1250,uniform,-0.0066335083008303205,1.1270487481531872
4,959.8203981778647,-443.5984865689975,1268.5952447854584,-648.5025997339649,1250.0,fixed_1250,truncated_gaussian,-0.007507688919809177,2.548205914654793
5,1477.3462649575672,919.2753898282615,927.7164869054477,830.3153822250537,1250.0,fixed_1250,worst_bounded,-0.017453292519943295,0.143009574207273
6,263.0436831726364,-1764.711533725516,382.75226960042244,-1490.5335848111354,1500.0,fixed_1500,uniform,0.012232301846454213,4.312958860342811
7,135.41309217865097,-1076.3406795348508,255.8883010663938,-33.70706821731801,1500.0,fixed_1500,truncated_gaussian,-0.0012171534289947786,4.59613305869265
8,-1152.9465895793526,-537.790430040361,212.8341603572958,-436.41258890676704,1500.0,fixed_1500,worst_bounded,-0.017453292519943295,3.198230512745091
9,-1199.63419162236,-427.6733617557037,-728.6281102184953,-1281.7172870489326,1003.617799045486,random,uniform,-0.0128030446865414,2.061988164107834
10,-1118.579707675459,-970.2213398765005,-1154.6987984475659,-849.6791590088985,1043.562235460759,random,truncated_gaussian,-0.0014377250987888202,5.002076460631261
11,770.4275446740554,-172.54130940881345,612.4388723354118,-235.78579995717246,1031.1914387042025,random,worst_bounded,0.017453292519943295,0.3982271286112407
12,-251.91387442727265,495.47715306184017,400.2620220766797,98.42546550275495,1000.0,fixed_1000,uniform,0.015021446984493304,2.6097412924602037
13,-1314.007880294376,972.4719194349874,-314.3016513928666,991.353158590425,1000.0,fixed_1000,truncated_gaussian,-0.009518535323332815,3.1509586605880626
14,-387.0794157093723,-18.265626235173123,-246.1608673961031,-182.77001340970875,1000.0,fixed_1000,worst_bounded,-0.017453292519943295,2.2616706222304526
15,779.729778932374,-74.28363472352255,1114.8220293198947,-110.93937233241621,1250.0,fixed_1250,uniform,-0.014798232502162213,3.0178376522400248
16,-1541.1391640214883,-239.4944620263381,-1406.625899538848,624.4468490262607,1250.0,fixed_1250,truncated_gaussian,-0.00866893399724974,4.54926295129269
17,1399.3702375568716,85.36515045163158,1045.3944911321614,270.8010064523404,1250.0,fixed_1250,worst_bounded,0.017453292519943295,5.818080994246324
18,793.156423294124,524.5334121305272,199.10580088986717,486.70103712344144,1500.0,fixed_1500,uniform,0.010260952836697135,0.07386050209534993
19,1589.572055294264,-653.2898508452774,1726.225682934156,165.19887560994118,1500.0,fixed_1500,truncated_gaussian,-0.004573745155616665,4.542382651933595
20,1726.723558091811,102.73891084532319,1053.7015820342112,50.56094546847667,1500.0,fixed_1500,worst_bounded,-0.017453292519943295,0.05991981388992809
21,-113.20490821591076,-860.7180755149344,-534.8011720803095,193.40079129121625,1171.2314275363326,random,uniform,-0.015101541605074032,5.0777518755535365
22,-1033.3229345687557,769.911625215755,-405.49469424216795,1264.9982239634865,1223.3813744682295,random,truncated_gaussian,-0.0015997814414431652,3.8077254215507486
23,430.1073879309329,812.663431469401,-237.53212137866353,1543.8784012724345,1176.4812096446014,random,worst_bounded,0.017453292519943295,5.469823459036935
24,1099.743260917618,705.0451103819174,923.9924994719705,1538.5064239172395,1000.0,fixed_1000,uniform,-0.0028278857850911835,4.917384988315163
25,-66.99015349043307,1590.3124406571917,-171.52363962283354,1450.1096141267142,1000.0,fixed_1000,truncated_gaussian,0.006939716188618358,0.9370648691893213
26,-87.47129587239566,401.254589099358,-312.2762338879075,257.4123938004201,1000.0,fixed_1000,worst_bounded,0.017453292519943295,0.5866624483348042
27,-715.8379111692997,-1424.5296375909838,-391.03787210683765,-418.48844185698715,1250.0,fixed_1250,uniform,-0.016779519305820775,4.383323715708149
28,1565.0208294909703,853.1789283274437,476.7516769388701,1467.4532582682618,1250.0,fixed_1250,truncated_gaussian,-0.003644594491484116,5.76567061884798
29,7.865274292534268,456.5217632759446,52.45227381754158,221.5231873561467,1250.0,fixed_1250,worst_bounded,0.017453292519943295,1.7757539165447462
30,-44.99221941751387,1407.3378367393393,-415.1408994530356,1069.7619317521126,1500.0,fixed_1500,uniform,0.00010800221771549781,0.7395139736911697
31,-860.3312543769568,887.8776005815603,-1102.5146380993635,532.5212125696839,1500.0,fixed_1500,truncated_gaussian,0.0037724113731775503,0.976351701361812
32,750.8693989066988,-374.1253155550865,882.0838888391514,813.4087054376353,1500.0,fixed_1500,worst_bounded,0.017453292519943295,4.619795422204794
33,1138.0756877728888,-919.400627156167,1019.8573076478721,-1046.5066544799777,1053.4675273900866,random,uniform,0.0005685269805171811,0.8221789941973674
34,1047.8140320324183,-464.13261231936525,1090.8399682645306,-869.2484683361881,1152.2626283998352,random,truncated_gaussian,-0.0020988646469434595,1.6745073108250168
35,149.66849001569264,210.30979009996673,-1110.7146665264672,605.3485508800638,1328.8654820831703,random,worst_bounded,0.017453292519943295,5.996908958669559
36,-890.774400840392,342.842362424259,-604.7972923223253,1114.877028385457,1000.0,fixed_1000,uniform,-0.004910742960333963,4.35272891179314
37,-761.6814031324649,-463.36366501899147,-1090.8060040164257,-48.3090759800653,1000.0,fixed_1000,truncated_gaussian,-0.00931131523451353,5.373515468940216
38,-1066.412323175785,-730.596390920869,-952.9112432951232,-565.8386490370467,1000.0,fixed_1000,worst_bounded,0.017453292519943295,4.126607060224672
39,219.03800067549508,-1714.9778823667982,88.16594243098461,-1701.629125228422,1250.0,fixed_1250,uniform,-0.015119772500220867,6.166418536840726
40,-43.14431338788017,924.558920351638,-368.5665913738026,1693.7752998686328,1250.0,fixed_1250,truncated_gaussian,-0.008511422788913847,5.104101210412182
41,-540.434816404903,-328.18670679422297,-817.8575296332115,-20.597405984353315,1250.0,fixed_1250,worst_bounded,0.017453292519943295,5.463720311059184
42,766.5982096225051,650.6564090985435,593.4310362389339,-201.67595430435983,1500.0,fixed_1500,uniform,0.017267656646607416,1.3876235571913889
43,184.81685079680716,909.4302200163833,190.6614356854527,1051.9468322064013,1500.0,fixed_1500,truncated_gaussian,-0.0010798482418925993,4.670322249198463
44,387.34370076581206,121.93294152910408,908.0082688929764,80.85806671704935,1500.0,fixed_1500,worst_bounded,0.017453292519943295,3.080319672177827
45,1045.6256007327117,-1259.6564648366639,1390.952609080187,-1063.7009537966437,1492.7261281490032,random,uniform,-0.012481262145736631,3.645252478109132
46,1105.2626517355857,-323.124937354989,959.2821035988603,-385.82412213402273,1416.484992535863,random,truncated_gaussian,0.0067399440079901046,0.4124190685115198
47,-908.770978820384,-532.5935952047918,-286.4372949560103,-286.2274766122832,1471.8563714681713,random,worst_bounded,0.017453292519943295,3.5359909210037115
48,263.54057841145885,390.7669723047033,-372.10490005919854,-14.324461003424688,1000.0,fixed_1000,uniform,-0.008431455865552004,0.5589578743549627
49,1391.5535381372692,96.60366105746921,986.3182672751434,-508.1989314333378,1000.0,fixed_1000,truncated_gaussian,0.008683943664538982,0.9891535147499979
50,-224.7993243969116,1689.640361802214,326.3055316989786,1534.8931350980092,1000.0,fixed_1000,worst_bounded,-0.017453292519943295,2.850394046585497
51,169.53457056362964,-1102.0357107260843,100.49203057903365,-948.9305777025685,1250.0,fixed_1250,uniform,-0.012392497218949895,5.123638956413149
52,-972.6413658577935,1036.5417712037051,-610.2253150502248,562.7711395441279,1250.0,fixed_1250,truncated_gaussian,-0.0076023589038561445,2.2162015523914986
53,403.0407357520385,-641.2825187282244,718.0147226870365,-503.39146394132575,1250.0,fixed_1250,worst_bounded,0.017453292519943295,3.5716960231560466
54,773.6570223821707,-626.1639406951487,1490.2928893552337,-446.92626984725985,1500.0,fixed_1500,uniform,-0.007330046179646275,3.379344632007527
55,1314.7769350004542,1214.6493111527636,532.5632545635274,668.3123072774204,1500.0,fixed_1500,truncated_gaussian,0.004773334902241354,0.614458151799611
56,-1591.8732188046984,737.2471849702383,-1635.1569721901064,373.3495959909831,1500.0,fixed_1500,worst_bounded,-0.017453292519943295,1.4349543842006565
57,-631.8249901644906,1646.0547383719024,-456.4463519114128,1450.4151481615727,1456.772541523504,random,uniform,-0.0020342039631609,2.2996054261744105
58,-214.61874158243378,670.2773328369042,-199.0517972513587,1167.3796243500453,1116.8214990275926,random,truncated_gaussian,0.011433923142323365,4.692517759695964
59,613.8982485583942,960.331731511509,256.81334850614246,1415.4506972555873,1011.5106186387195,random,worst_bounded,0.017453292519943295,5.395120219192883
60,785.8930891143964,54.29701257899362,1319.0918049751044,-500.0352198753992,1000.0,fixed_1000,uniform,-0.0014318003668588632,2.3353325696525014
61,316.84404703588893,1356.3847531693891,954.9368264533898,1290.3401215762372,1000.0,fixed_1000,truncated_gaussian,0.008720141978233266,3.047176864878746
62,727.3167534618872,1481.7554232927866,570.1769926204115,1053.057196459104,1000.0,fixed_1000,worst_bounded,0.017453292519943295,1.2369067939555058
63,630.1316025924252,-734.1704835655169,1120.0764383950425,413.2898385830356,1250.0,fixed_1250,uniform,-0.010068951915625679,4.298771857409998
64,3.873224052727602,-855.757407292973,-240.84789793952888,-835.2832389318664,1250.0,fixed_1250,truncated_gaussian,0.003425945599923541,6.203142372433905
65,352.4643083282073,851.46835561659,5.325143247697952,522.3523822173349,1250.0,fixed_1250,worst_bounded,0.017453292519943295,0.7762062961568134
66,-650.6013586869298,-111.77248708897595,-86.41652519184186,397.3190703118489,1500.0,fixed_1500,uniform,0.015268034170951687,3.8909720033415565
67,623.6391220846896,-1048.4675531894861,799.7626091878574,-1259.9158870224949,1500.0,fixed_1500,truncated_gaussian,-0.0027010375973770076,2.2626005849801585
68,447.3167823861407,-249.2816735782137,-29.732519673152126,-825.8064887098371,1500.0,fixed_1500,worst_bounded,0.017453292519943295,0.8969895782355959
69,-66.39354615537732,240.76563068092585,1138.1386607755828,-372.7036449421689,1401.0354284401212,random,uniform,-0.01472851139116869,2.6558035690456188
70,763.8004499381613,-632.4274120089419,945.8676455228285,-473.34208089725223,1115.3640750692318,random,truncated_gaussian,-0.0022151780461114787,3.8575119008111973
71,-167.42272952082956,176.34290565580687,-496.0851430615262,138.51319165249055,1366.6176679418643,random,worst_bounded,0.017453292519943295,0.1320510254552527
72,-1216.572612216761,1313.7417657172698,-447.8815647000737,700.6875187734847,1000.0,fixed_1000,uniform,-0.00043809921050816034,2.467921465140061
73,1026.620553091847,217.9078818558868,539.299181979835,342.1624075835439,1000.0,fixed_1000,truncated_gaussian,0.0035296849205970903,6.037059948934109
74,563.9069188367822,-746.639811871434,436.8342700889041,-658.8918518994028,1000.0,fixed_1000,worst_bounded,0.017453292519943295,5.696294077964086
75,-961.6894427633379,-215.95865490139553,-1172.6392630760326,-629.966369266303,1250.0,fixed_1250,uniform,-0.008304956071795268,1.0912479595632798
76,246.00547865210189,784.1528909095258,828.2306394201398,210.10350019189514,1250.0,fixed_1250,truncated_gaussian,-0.009355631021686569,2.3539095274578847
77,411.5246480653473,-1741.6403334494914,946.8034108569689,-1414.5010698851604,1250.0,fixed_1250,worst_bounded,-0.017453292519943295,3.672722039055838
78,-888.8542062005523,-907.4127221123682,-189.5180378227152,-978.8526362214187,1500.0,fixed_1500,uniform,-0.006023418932451504,3.033768469936414
79,-576.9043501192155,-446.2284034104017,-156.40836087946525,-574.6613155317154,1500.0,fixed_1500,truncated_gaussian,0.013149118989845731,2.8583090133852975
80,380.39010197091176,629.6124303582375,1.973123877349792,422.8683939887055,1500.0,fixed_1500,worst_bounded,0.017453292519943295,0.5174815792914951
81,1096.1273930546904,718.5676015363126,801.1510281722391,893.8124405271756,1181.3932961067649,random,uniform,0.014013694409131774,5.761130582822089
82,-759.2805000801965,-1559.1250603663793,-626.0625130261135,-1108.9994465695147,1335.5333298776532,random,truncated_gaussian,-0.007245805849102647,4.417399340887443
83,71.94744382491213,-63.12867006957597,235.69554445022646,-679.081669453006,1462.953635081314,random,worst_bounded,0.017453292519943295,1.8480848525632172
84,-306.52260662460367,-1438.6364978032918,-898.3531732425687,-902.1356919327516,1000.0,fixed_1000,uniform,0.005800779828744516,5.552585476261262
85,129.7368989041576,411.3981788053069,276.33752404715835,221.08078717468254,1000.0,fixed_1000,truncated_gaussian,-0.011796693838818326,2.215363818000017
86,-1356.3555896896692,1121.456876897634,-1314.7250292215615,924.4598852877331,1000.0,fixed_1000,worst_bounded,0.017453292519943295,1.7965113422583279
87,1280.040621413617,966.6723705214534,1757.9501192662544,62.29699113870015,1250.0,fixed_1250,uniform,0.007324001936796363,2.0642614147601814
88,-1047.595827685111,-1423.8181657503358,-1531.2371251415893,-626.4085199817422,1250.0,fixed_1250,truncated_gaussian,0.006724598606165097,5.264310108601537
89,1458.501336652378,604.7882924998231,931.034314232146,-183.6272122053623,1250.0,fixed_1250,worst_bounded,-0.017453292519943295,0.9637118462623714
90,-1396.3234310175242,155.88624490212928,-1422.4317735336897,-89.24743096564072,1500.0,fixed_1500,uniform,0.01049277176375588,1.4751825520726085
91,1179.1888822272217,-15.1275793590706,1237.281391039385,796.1571073541445,1500.0,fixed_1500,truncated_gaussian,0.013748756605541583,4.6546541664867895
92,-595.781722721458,139.67789464740557,-451.21201291906925,-233.09418503752076,1500.0,fixed_1500,worst_bounded,-0.017453292519943295,1.9233084120004655
93,48.94867670036523,-412.70815751085627,-51.48037189582475,1008.3840617727948,1499.8368883364938,random,uniform,-0.0008706534547247985,4.782071353466199
94,601.731129060958,753.034072061334,1086.7290109135015,1185.0325583312247,1100.1202771883966,random,truncated_gaussian,-0.0077860013931307275,3.8614723084026212
95,562.6568413110766,-299.17255338524717,274.488380112718,508.55330171077344,1206.831988542584,random,worst_bounded,-0.017453292519943295,5.037624635963664
96,818.6269236492302,356.8531720453675,1379.4058733211882,621.6444936050655,1000.0,fixed_1000,uniform,-0.005612769218950127,3.5771288024642987
97,-1241.2586201947558,400.07679114067065,-249.08793997373232,358.25741453468,1000.0,fixed_1000,truncated_gaussian,0.008045192606150397,3.107513402502177
98,490.84694024831964,-339.28684273024646,775.347772550987,-968.4424847947961,1000.0,fixed_1000,worst_bounded,-0.017453292519943295,1.9780205558398145
99,590.0009014994511,-284.08349267806335,242.64468208730096,-277.9203407843044,1250.0,fixed_1250,uniform,-0.007906327032481753,6.257537811512817
100,131.88672641478595,-479.07770066985154,176.31836233070027,-380.701265723251,1250.0,fixed_1250,truncated_gaussian,0.0007135595901220426,4.2888780033111455
101,-438.6706300882157,-99.08926565699286,-32.296729299760784,-1007.8535511531124,1250.0,fixed_1250,worst_bounded,-0.017453292519943295,1.9738426673281917
102,-983.579038246948,869.3496706403556,-20.507821586580235,-136.04471759404225,1500.0,fixed_1500,uniform,0.007889424032891397,2.342586636536504
103,-346.12910957427175,0.36558354269216375,-1378.3219422030538,300.6796865343124,1500.0,fixed_1500,truncated_gaussian,-0.010736293173078778,5.989317657127374
104,-1154.862914555033,1304.4684103500972,-1251.0316338175553,1159.6053288957619,1500.0,fixed_1500,worst_bounded,0.017453292519943295,1.002193022556222
105,246.93864822299605,-715.5760155036196,-504.92902250150775,-868.1643245233547,1146.8593639840803,random,uniform,0.01674058995554913,0.21696694029549862
106,-10.100443331504113,-65.13050374926311,-392.06010310936836,-408.4710050124505,1307.5120007237765,random,truncated_gaussian,-0.006268798302829076,0.7259338385924325
107,114.95901058661724,853.6814023246806,49.04008203847357,979.8220218927761,1470.2316921832892,random,worst_bounded,0.017453292519943295,5.211392540134519
108,-564.1832375904064,-725.6872561234464,-256.5861183583317,-228.68600000903416,1000.0,fixed_1000,uniform,0.0003543788274029541,4.158538166086318
109,1341.4114739214026,872.1569401078436,1238.6661989966371,1059.1567237989964,1000.0,fixed_1000,truncated_gaussian,0.006316959708789337,5.2211195742717456
110,-330.2897277007512,991.3474358582242,-761.7178993125156,1148.6859098909863,1000.0,fixed_1000,worst_bounded,-0.017453292519943295,5.91602883116802
111,-836.0635046244219,-632.973852064812,-963.2806549438557,-90.6803658516261,1250.0,fixed_1250,uniform,0.0036416995826540656,4.946454973481434
112,-97.30332277163457,-936.5715170508325,46.6926184503986,-1395.757992527543,1250.0,fixed_1250,truncated_gaussian,-0.007570257902830398,1.867102968497691
113,745.7237469454492,-1224.6023859171446,991.3059158900551,-1254.2330197975123,1250.0,fixed_1250,worst_bounded,0.017453292519943295,3.03897170028986
114,-561.4276109511076,1569.1101885683831,-325.84684290389066,1392.3909151323683,1500.0,fixed_1500,uniform,-0.015873721116277384,2.4821262845623258
115,664.7602993090901,-240.55771699428317,99.63175572812986,-940.1927258081694,1500.0,fixed_1500,truncated_gaussian,0.00312420126339375,0.8944732227173158
116,11.39136749389297,1379.9648092535706,662.5535651454476,1631.606736441654,1500.0,fixed_1500,worst_bounded,0.017453292519943295,3.5278173880328234
117,-306.2552093848135,838.081043715989,209.232126454448,1751.5756655654568,1293.0051897958263,random,uniform,0.008437702425268933,4.207068988278993
118,-1373.5975904582695,-681.0147602463093,-1323.4242271151884,-54.459014937767165,1309.243224048858,random,truncated_gaussian,0.0046995428309255715,4.637180982674879
119,-1481.795304122439,-192.27446508355484,-738.3505886247959,406.7813155161702,1124.5465826623342,random,worst_bounded,0.017453292519943295,3.8373037182698626
120,-1196.4404727185208,-593.0375647024263,-932.2332836184481,-313.87736661696556,1000.0,fixed_1000,uniform,-0.012055635647703978,3.942447388358297
121,848.9127272195179,636.1555585772217,578.2192357516301,740.7035554051389,1000.0,fixed_1000,truncated_gaussian,0.004532063896618954,5.919144022144345
122,-118.08595197354171,-1566.1115645310026,-489.5351199181464,-1222.477516382753,1000.0,fixed_1000,worst_bounded,0.017453292519943295,5.554118574516615
123,-384.87722862381,-79.67729419884866,359.24158312635853,651.4423407651539,1250.0,fixed_1250,uniform,0.012338479124138942,3.9305179474136405
124,-565.6369069472737,-235.27728276190888,-474.201122112113,-521.1534647767431,1250.0,fixed_1250,truncated_gaussian,-0.002759896296079735,1.8775978695922029
125,1370.7330951696808,-1139.1884916582255,1588.8923063430295,-453.42689779557486,1250.0,fixed_1250,worst_bounded,0.017453292519943295,4.421839360529581
126,-968.1636380613663,1294.3936169953224,-653.3883917403987,1439.1381610881328,1500.0,fixed_1500,uniform,0.00665608213164837,3.5792509400348664
127,-451.37326994635885,-467.2849605694298,-76.99835259258003,-344.8064003183295,1500.0,fixed_1500,truncated_gaussian,0.0031001022811871963,3.4608723835168544
128,-1559.209128731845,555.4300364629022,-1717.9158411083713,300.0300937991922,1500.0,fixed_1500,worst_bounded,-0.017453292519943295,0.9973333167603986
129,-667.0412096725611,126.3494896118758,-761.333137919276,282.88714920638074,1160.8562264270954,random,uniform,0.013370840906710351,5.267912357266975
130,400.0903510630748,633.0474344166785,609.1546402694903,874.9869884436646,1078.2555631760101,random,truncated_gaussian,0.014364706531025492,4.014120363611161
131,1216.9932912841632,879.0588155574138,195.69393800482703,896.6395090527598,1231.2337585775874,random,worst_bounded,-0.017453292519943295,6.248519669205606
132,1357.2593884176545,991.2890852167026,797.9964098924261,1348.5611678889657,1000.0,fixed_1000,uniform,-0.012487726113596557,5.702217248425473
133,1198.3381915615457,-191.44739872456202,1168.8708701529965,98.71362157484234,1000.0,fixed_1000,truncated_gaussian,-0.007966461641562738,4.805630601762522
134,473.1876408724817,-1146.4335030196146,-153.07634332904337,-1246.4268636998272,1000.0,fixed_1000,worst_bounded,-0.017453292519943295,0.1408767496085324
135,752.4584282647669,1295.743768387778,-108.6213678357733,1339.9422181969164,1250.0,fixed_1250,uniform,0.006057157285859181,6.2379583731988735
136,897.4135016463122,1296.3756860110389,97.0420858913808,1443.0914090055746,1250.0,fixed_1250,truncated_gaussian,-0.0017516473299555582,6.100136896770537
137,-205.5145732567072,876.1273018191317,-916.022382678773,1198.1044011697638,1250.0,fixed_1250,worst_bounded,0.017453292519943295,5.87515597764385
138,-639.5034754362734,-112.3371846197953,-897.6326239300774,33.3723805821316,1500.0,fixed_1500,uniform,-0.012959593271886415,5.756331011998938
139,-1502.9076122348552,962.2822803031027,-1448.2401656241416,681.7577488629074,1500.0,fixed_1500,truncated_gaussian,-0.009553411270938674,1.753706554067653
140,34.07280253602418,407.9739304556224,-983.3174711796232,398.0824078684636,1500.0,fixed_1500,worst_bounded,0.017453292519943295,0.027175432776041064
141,975.4717593131493,-996.1775259982858,1217.6659216580515,-991.5939282138762,1194.5091234441145,random,uniform,-0.006104876434221331,3.154410820660573
142,-1441.9063677291224,99.21477656079054,-1644.068611906497,-506.6267982468459,1461.1753856157993,random,truncated_gaussian,0.0029363764495085073,1.251662714345004
143,-379.3805343881143,1301.0228737872776,128.46429172465008,1420.4424782820693,1384.52435237676,random,worst_bounded,0.017453292519943295,3.389999853070944
144,-561.0815754457988,208.34730604591118,-575.9228567788715,-73.00352312573011,1000.0,fixed_1000,uniform,-0.009288429205577825,1.5088066538456824
145,-913.2253428252992,714.2391568522296,-665.0822761681676,-219.15114683469358,1000.0,fixed_1000,truncated_gaussian,0.015279087066967803,1.8459164577985496
146,150.4871963672468,1099.4304969528273,142.52986630089217,704.0899002965984,1000.0,fixed_1000,worst_bounded,-0.017453292519943295,1.5332179678978846
147,853.6122375584424,-1128.6257924835265,573.5077494171345,-1537.629169480221,1250.0,fixed_1250,uniform,-0.0053269443117591395,0.9649861870904674
148,-304.5325650090238,954.338135946129,-977.4858037692939,1094.7048461918225,1250.0,fixed_1250,truncated_gaussian,0.01249940314078167,6.090049902561635
149,25.769068810934193,-584.5681870053006,364.72673309511305,-242.16120474631043,1250.0,fixed_1250,worst_bounded,-0.017453292519943295,3.914599848329998
150,1175.1705114860652,-1091.5749996169457,688.8106760855876,151.1010905569326,1500.0,fixed_1500,uniform,0.01702447871401255,5.102467670073167
151,-371.930746586113,-1657.0024141859026,-1262.2874298800411,-907.6514304567099,1500.0,fixed_1500,truncated_gaussian,-0.0007337792462808665,5.582836736551896
152,-760.2640263593097,-635.3082892472942,-682.5543332756815,-512.5608036577386,1500.0,fixed_1500,worst_bounded,0.017453292519943295,4.165449551034741
153,-979.5410783327947,-1320.332986400914,-525.9698047333027,-731.5100716209944,1022.6005472530466,random,uniform,-0.012456856190500118,4.043564050730925
154,1246.4640046555558,514.4035045187842,450.66119773079913,1383.4536440810766,1302.497175638172,random,truncated_gaussian,0.0059853420048187585,5.459804562579581
155,341.48833370279834,-604.2798152092372,72.71658778476052,-780.5400438289352,1434.803403940119,random,worst_bounded,-0.017453292519943295,0.5629877222691326
156,-1535.5437284657073,253.62065989894748,-727.6849454753826,62.294135451038755,1000.0,fixed_1000,uniform,-0.005550888873421025,2.90349472766847
157,654.9655802852976,36.64213350765444,1629.9154973249942,-64.21920946178147,1000.0,fixed_1000,truncated_gaussian,-0.008905175957451878,3.0296013480290327
158,-501.98467262312823,1663.810658786286,-535.1657924684363,1510.2169941612697,1000.0,fixed_1000,worst_bounded,-0.017453292519943295,1.340580846377649
159,411.8047005954814,540.2550819248977,-134.13826362070887,148.40013299455404,1250.0,fixed_1250,uniform,-0.012841773109140055,0.6097031780048544
160,-1338.0112287910395,45.18645132125149,-546.7698933348872,-71.46287459781041,1250.0,fixed_1250,truncated_gaussian,-0.008143912478345311,2.9870773696577304
161,-1053.236455874942,861.6509475309927,-885.5113594614047,1258.5532532650107,1250.0,fixed_1250,worst_bounded,-0.017453292519943295,4.295112054359372
162,1661.5627140992733,218.30134617182995,911.519969311885,-649.391387993152,1500.0,fixed_1500,uniform,-0.00917509687912319,0.8488203681131018
163,465.51777193151037,-964.5991883810426,320.5110636446634,-859.6423113325583,1500.0,fixed_1500,truncated_gaussian,0.007596647141053979,5.664256150451425
164,617.2913595071562,-528.3450494645973,906.5109705848854,-478.0435409202642,1500.0,fixed_1500,worst_bounded,-0.017453292519943295,3.2963383836912175
165,830.9172911925949,1194.6527877588046,359.052093518367,1350.004859646289,1186.1864948902878,random,uniform,-0.010431705844956226,5.95470078663076
166,-1262.7708861701951,981.8613802404761,-311.65746759434194,636.4507784285438,1408.8836040320182,random,truncated_gaussian,0.004731687447894807,2.7979701814198576
167,-485.852680510194,-746.4930714665113,-565.7981287267253,-497.9136799743627,1067.957787255826,random,worst_bounded,-0.017453292519943295,5.0060977797364865
168,334.53769567898985,353.0150636535179,1127.9556013434417,167.0652642404798,1000.0,fixed_1000,uniform,-0.0033356297757973427,2.9080464236674475
169,-857.3159098527192,-1571.6891053154511,-562.7726359992957,-1501.4472015748254,1000.0,fixed_1000,truncated_gaussian,0.005745493756131774,3.381442923321885
170,856.3935448670493,173.65644425822416,395.4099597564438,-237.08660428764625,1000.0,fixed_1000,worst_bounded,0.017453292519943295,0.7452817788761428
171,150.3145330688661,297.03046630062846,474.8335186871225,-299.9684142934332,1250.0,fixed_1250,uniform,0.01412138953488833,2.0828216042482484
172,1011.878627450884,-1479.287489703793,633.2475217625522,-1545.7744318774885,1250.0,fixed_1250,truncated_gaussian,-0.005568293585406087,0.1682577423246076
173,1176.6250165037507,-765.2228243930614,1345.2001300308214,-575.4979146448864,1250.0,fixed_1250,worst_bounded,-0.017453292519943295,3.9684972839374257
174,-1257.3599795423422,166.95755374402054,-688.5017042301226,202.043593474685,1500.0,fixed_1500,uniform,0.009348959225818451,3.21254157782798
175,-540.7092674933233,-108.26630064148999,-794.2196248124451,743.454557019958,1500.0,fixed_1500,truncated_gaussian,-0.011339365561137097,4.990344355902873
176,520.5016638688118,1695.4001536618991,-484.3489540638591,1326.080355978247,1500.0,fixed_1500,worst_bounded,-0.017453292519943295,0.33475848874548053
177,-603.8305462447585,1265.7512518245057,-652.6173524055923,1367.0069503117181,1036.8106262661154,random,uniform,-0.005847300834295953,5.155538078742224
178,162.50963700162742,-204.61262642407507,-711.3447879971565,362.46847893510846,1267.0938751938525,random,truncated_gaussian,-0.006947351724618283,5.70060664037745
179,-720.9939325438954,1107.4153557146192,-912.8516172585869,256.65219712003375,1249.654174316803,random,worst_bounded,0.017453292519943295,1.3664474727379656
180,-942.8594135731047,731.1541242185634,-760.4647555515089,370.36774213075796,1000.0,fixed_1000,uniform,-0.0034206678714395113,2.035451422847926
181,934.0573681395695,1369.1185388578997,555.0285613388926,525.7624844889614,1000.0,fixed_1000,truncated_gaussian,-0.004669785757891276,1.1437474236618572
182,-82.32896095025258,-75.5247259696994,-448.86808906501307,-660.3910491335596,1000.0,fixed_1000,worst_bounded,0.017453292519943295,1.0284245878713547
183,-751.6117840716037,1216.8123741311792,-1009.9542450893316,932.7434101896922,1250.0,fixed_1250,uniform,0.015688675166374216,0.8484811897060133
184,-806.0203723195272,195.91699997973777,-610.3830180116895,417.82283561587496,1250.0,fixed_1250,truncated_gaussian,0.00020905905373434368,3.9900290823045563
185,-611.2393182692721,-521.7821904252016,-1105.5323000194294,-613.6732734430653,1250.0,fixed_1250,worst_bounded,0.017453292519943295,0.20125908094370362
186,-1661.4735156736742,-644.7558378193402,-1244.5319266167062,-610.3059266767511,1500.0,fixed_1500,uniform,-0.004591649456230843,3.219439014250511
187,-286.8476076835131,613.6725250463555,-695.3199550318736,703.464962310812,1500.0,fixed_1500,truncated_gaussian,-0.007246118982204878,6.0595558021786236
188,-142.3306429043277,527.0149759385029,-748.704043245154,1376.9920807644066,1500.0,fixed_1500,worst_bounded,0.017453292519943295,5.349504819089304
189,257.6960684585722,-1133.0663061698817,1012.1947847530218,-778.1788614618006,1310.8083791579206,random,uniform,0.015102184006525531,3.5963520987894406
190,-345.8083783693891,886.1437380847486,44.88907159363356,-266.9956878010945,1346.285827415489,random,truncated_gaussian,-0.014555180467241894,1.8829143503929537
191,-158.3571846022279,653.1243976993867,-873.4085356022708,1030.42199717964,1411.1191950823186,random,worst_bounded,-0.017453292519943295,5.780209041320883
192,1519.8629059959933,701.3558695701241,1317.0681578052447,48.87057288367703,1000.0,fixed_1000,uniform,0.0014751140117142438,1.2709328359755503
193,-72.66336696069517,664.8737394000519,-165.76675211130868,694.1251297230372,1000.0,fixed_1000,truncated_gaussian,-0.014275986032092961,5.964493001928642
194,47.62896884770402,-262.1453542255972,646.3409150259132,-998.5151533325865,1000.0,fixed_1000,worst_bounded,-0.017453292519943295,2.2359960927175226
195,-900.9248745445431,1032.9066909825858,-376.10587310123367,-50.267397551014255,1250.0,fixed_1250,uniform,0.00584746359535664,2.0278305050485135
196,-690.0173437606372,-541.3752081899221,-72.87641201235806,84.43186890631534,1250.0,fixed_1250,truncated_gaussian,-0.00981188777684479,3.924151067114278
197,31.532753533701324,-640.1348050824703,200.31094418551749,388.17271075583255,1250.0,fixed_1250,worst_bounded,-0.017453292519943295,4.532254161358635
198,-1738.3890099655443,-271.2906497554481,-458.07087836571554,-1038.3280742999377,1500.0,fixed_1500,uniform,-0.010415399342652083,2.591420452827486
199,1171.5088144887866,-1307.5548465599852,332.464996232767,-290.73053766696967,1500.0,fixed_1500,truncated_gaussian,0.012021123139241996,5.414305970388042
200,-960.2399348901135,603.6150692219519,-1422.6958958949408,1017.7961169868073,1500.0,fixed_1500,worst_bounded,-0.017453292519943295,5.535346591052759
201,-912.5118567762823,941.8130674154497,-985.8508250857707,1198.1214762241611,1160.5097535234959,random,uniform,-0.010018450395900554,4.981059691352592
202,-45.15363298194162,594.1988413390338,-563.5685795870844,474.2239091353126,1420.0508062588817,random,truncated_gaussian,-0.000228568391159866,0.22719418150377685
203,-831.6279459423622,673.5620086247721,-1430.6137971665999,-598.3786070663986,1493.3525204136272,random,worst_bounded,0.017453292519943295,1.148133155041089
204,99.63522578786632,-795.5212729201471,-548.0121701636549,-200.0072927382746,1000.0,fixed_1000,uniform,-0.01004067029472371,5.529658076957352
205,624.6227888163394,-293.9401572629196,1435.8868177468296,-350.95178735619146,1000.0,fixed_1000,truncated_gaussian,0.009689691279093119,3.081122627518881
206,374.5162047548582,1193.5235623529397,509.72858506860246,1425.78500039257,1000.0,fixed_1000,worst_bounded,0.017453292519943295,4.202646729729311
207,201.6118002426921,54.274352734117414,285.9328412040834,252.00570416953053,1250.0,fixed_1250,uniform,0.016855890901953833,4.326153094619083
208,1137.4897740813653,-1089.265842973592,380.5265636167376,-1118.1528485658025,1250.0,fixed_1250,truncated_gaussian,-0.007462739164981213,0.030680455335886647
209,216.36694979800592,1001.0926294052298,-573.8912940087798,1620.0558142653235,1250.0,fixed_1250,worst_bounded,0.017453292519943295,5.636200010840409
210,-743.3344440213618,418.52052236270043,56.561545322357915,305.6017137257573,1500.0,fixed_1500,uniform,0.0010535366404980373,3.0024059991072836
211,-899.1459979352618,819.6409906726388,-786.3448747243895,1062.4800748904481,1500.0,fixed_1500,truncated_gaussian,-0.005519199558122284,4.272015271964065
212,-1178.251232715419,1111.5382148306705,-782.691424117193,1312.8176048127307,1500.0,fixed_1500,worst_bounded,-0.017453292519943295,3.594839431105436
213,811.3039177366942,-322.30854556745487,1360.1184209873545,-616.9687455658913,1336.7735764214444,random,uniform,0.01705871107332176,2.6659189403504118
214,720.121405913227,601.4205399846909,707.0211169490096,795.749889393693,1166.4905134596036,random,truncated_gaussian,0.0065458862146752055,4.786245842720807
215,1031.8386597637616,749.3732438924677,814.0313410453653,955.3975355105772,1057.8306874938569,random,worst_bounded,0.017453292519943295,5.54303447641897
216,-1218.1011621507462,1114.9052345909745,-1053.8321121025197,1363.9580823444082,1000.0,fixed_1000,uniform,0.01425161731450637,4.143563641678496
217,-315.86108450861053,-60.15983193953341,-213.13885961443538,6.463615475908718,1000.0,fixed_1000,truncated_gaussian,0.0077225826347632025,3.7246906536868525
218,-729.1992222876727,1057.2961415046086,-1035.0322025322425,1118.579220460395,1000.0,fixed_1000,worst_bounded,-0.017453292519943295,6.067970259551831
219,965.0051164101253,-63.707337325442914,783.8354547104989,403.12282524885705,1250.0,fixed_1250,uniform,-0.0014624692357196774,5.081119099195828
220,1731.1667901451008,-166.0525820447531,1777.5540065434911,-35.69209965748277,1250.0,fixed_1250,truncated_gaussian,-0.003736878151658664,4.366785867775634
221,-865.8158288542102,1268.8122549830862,-1461.0476732487223,843.1567480158119,1250.0,fixed_1250,worst_bounded,0.017453292519943295,0.638247557008595
222,59.525908190395285,887.9918076890997,168.52414041240684,880.2290179770259,1500.0,fixed_1500,uniform,-0.015522979041593733,3.054970313258993
223,415.7344262939552,-1242.9399433830572,489.66303173060487,-1290.268841208749,1500.0,fixed_1500,truncated_gaussian,-0.01668348706172752,2.5554559785733293
224,-1447.1286384215998,-266.741552382229,-1551.8841305469477,-106.25891941081969,1500.0,fixed_1500,worst_bounded,-0.017453292519943295,5.273243677354159
225,-938.635627222819,-146.3733373466918,-1004.1112000221269,286.3732305574298,1175.6580871827546,random,uniform,-0.002577608961094633,4.85997476725238
226,1046.4504832576908,1145.5758766998038,1001.5530242162819,611.3239920882045,1295.564595903277,random,truncated_gaussian,0.011374789953236363,1.4983301204425556
227,493.23658739502224,-863.5143603818221,-231.80426063328247,-1616.1235282527477,1184.5100164069436,random,worst_bounded,-0.017453292519943295,0.7865995736594211
228,297.9624987793279,-747.5026873018036,812.1676510883154,-850.0639345200502,1000.0,fixed_1000,uniform,-0.004208191106031151,2.9405121383039776
229,1251.829652923079,102.97276738084857,1310.9473429958853,182.0917070125114,1000.0,fixed_1000,truncated_gaussian,0.005846357891281079,4.076528490168448
230,975.1572878527504,-1156.8396425955193,1166.537218045047,-1370.7716072809426,1000.0,fixed_1000,worst_bounded,0.017453292519943295,2.318063910998402
231,1249.987432504383,-103.52165703292762,789.3680128318247,-553.1225474068533,1250.0,fixed_1250,uniform,0.0015656416047013615,0.7748590529895304
232,922.7680612088586,-472.9333562803351,616.0174055065966,-922.4661791399408,1250.0,fixed_1250,truncated_gaussian,-0.007994022877781904,0.9640023401762694
233,245.27598297134696,-8.045216619306727,-53.295317983109584,485.56254966204943,1250.0,fixed_1250,worst_bounded,0.017453292519943295,5.273839073752519
234,-786.3697489381395,-153.48995562872082,386.34756517217716,370.02629491339985,1500.0,fixed_1500,uniform,-0.011134609383147066,3.5503250148528522
235,-321.6401566047958,797.9639617733728,275.6950216927043,1322.042602658934,1500.0,fixed_1500,truncated_gaussian,-0.010089881117348244,3.851668460803573
236,-616.6886946814033,245.50491590216782,-970.7901337634303,-403.40832146898276,1500.0,fixed_1500,worst_bounded,0.017453292519943295,1.0887262306000798
237,984.188894397241,-315.46725058786546,1073.548476763663,-353.26062607478815,1303.7089726628392,random,uniform,-0.016656375497545204,2.724815239256735
238,-476.66353589106626,-36.98655819862404,-589.0348798435008,125.55204245304861,1219.7121079736319,random,truncated_gaussian,0.0030811827569542432,5.320368312065769
239,1615.8002697678335,10.484071004557695,539.552244207365,223.10476484894633,1198.2826153167339,random,worst_bounded,-0.017453292519943295,6.070686268751244
240,1038.9379448908423,-791.2463054931022,924.361383910827,-791.896672714198,1000.0,fixed_1000,uniform,0.012267296978429508,0.017943503618959022
241,-1314.8415413669613,-983.9083440477232,-1105.9455494217468,-867.2059459076545,1000.0,fixed_1000,truncated_gaussian,-0.002326876464916088,3.6487354739546327
242,215.01739949575273,647.9433551631622,-510.9417946591016,445.7767653596855,1000.0,fixed_1000,worst_bounded,-0.017453292519943295,0.254147243002898
243,1061.862405959942,-904.6987469434592,-50.503428482346635,-1383.616823093988,1250.0,fixed_1250,uniform,0.007112397673594527,0.4136661694267356
244,880.6764691001002,1542.1247387385245,166.52120199348838,657.5824934693356,1250.0,fixed_1250,truncated_gaussian,-0.0018109180715671811,0.8897650534100578
245,-1477.9385915494463,420.6263522659005,-260.6824145096923,503.77359782442886,1250.0,fixed_1250,worst_bounded,-0.017453292519943295,3.192340525402041
246,1163.6129105973746,10.87485411500415,341.53154271329197,269.43818834422285,1500.0,fixed_1500,uniform,-0.014040198387733063,5.964418466928915
247,-1148.6165289241355,-360.70843965446744,-1697.8599063254662,-304.92933257568615,1500.0,fixed_1500,truncated_gaussian,0.0024765819994043777,6.184452616887004
248,-1414.9464872028273,373.5795529023914,-1489.2265160796699,-551.8294282433139,1500.0,fixed_1500,worst_bounded,-0.017453292519943295,1.4732475092788682
249,1403.717232666423,910.3373863706244,1206.634802966859,861.3000058087052,1082.348080664419,random,uniform,0.0039989286422283145,0.24786349609155467
250,-659.3699677245643,357.5125882339603,-160.56757209888337,1490.1364154955277,1496.9541135527695,random,truncated_gaussian,-0.007438452840243761,4.290112381125231
251,356.91513812489865,-950.3516770952693,1452.1517523172517,-928.2993268940344,1367.821901035365,random,worst_bounded,0.017453292519943295,3.1791780075868985
252,996.8125302096034,633.8845175185069,938.5076185948764,291.62948439231,1000.0,fixed_1000,uniform,-0.002868412951121488,1.399192590840349
253,118.83627023402123,-440.58578475025575,-431.2098228168424,-668.8237367113,1000.0,fixed_1000,truncated_gaussian,0.00042511435454173596,0.3937469223350174
254,-1219.174323132698,-1078.4476220694526,-1241.3653513269674,-844.6162623353651,1000.0,fixed_1000,worst_bounded,0.017453292519943295,4.824460744042244
255,-1068.0311275600673,680.676846541276,-983.8112149937983,772.7120058290469,1250.0,fixed_1250,uniform,0.010808328323257652,3.982110669861101
256,277.62932546216354,709.1908912568467,-154.11290433359983,1537.8894880061557,1250.0,fixed_1250,truncated_gaussian,-0.008719623082698733,5.183966237386292
257,-737.0359752602769,1353.5554530471388,-197.48567252238888,1749.234261187017,1250.0,fixed_1250,worst_bounded,-0.017453292519943295,3.756898544365791
258,909.2190065663775,444.4185406543052,203.1280508807946,652.7192140323441,1500.0,fixed_1500,uniform,-0.015745388027228125,5.980571564740655
259,-264.4224103736312,-929.655499088774,390.7530958851791,-1333.1765894425937,1500.0,fixed_1500,truncated_gaussian,0.014382149303046233,2.60394775082125
260,1453.4443767877642,-536.3999866624094,457.0249215865132,265.2097602783514,1500.0,fixed_1500,worst_bounded,0.017453292519943295,5.623165684688442
261,684.1892745602162,-1343.4858651042168,750.5073563404268,-634.0805659367594,1339.392561889074,random,uniform,0.00919783518060013,4.628373671982247
262,802.0808658678235,36.70902207953939,653.0343318433604,-42.88510196852015,1096.8058294760328,random,truncated_gaussian,-0.0017689573090589215,0.4887243531533759
263,-797.7718375939495,881.0442430084273,-122.70870170921603,426.8859685386874,1189.5219694023654,random,worst_bounded,-0.017453292519943295,2.531927296595524
264,-821.8176057364145,154.00427862923524,-509.52276804359263,-406.44309948591535,1000.0,fixed_1000,uniform,-0.00486445921494009,2.0743045591422278
265,-985.7592090359523,-1403.4059012901794,-1116.7470273362926,-1247.712682393795,1000.0,fixed_1000,truncated_gaussian,0.010508251657625634,5.42233047267817
266,-656.5084239088019,-515.3334640396325,165.3135436346995,-418.1592990645788,1000.0,fixed_1000,worst_bounded,0.017453292519943295,3.2767418194876132
267,-312.84239859128445,-564.2178793277088,-491.87251269992623,263.06782602991916,1250.0,fixed_1250,uniform,0.00104609064616518,4.926555326024728
268,-76.32602609991488,590.2169084199752,258.8706189414529,828.4085420943982,1250.0,fixed_1250,truncated_gaussian,-0.013326840021839089,3.7460722815538032
269,-455.87102118689165,-440.8738905385299,302.49259026222524,-681.4185185856746,1250.0,fixed_1250,worst_bounded,0.017453292519943295,2.851894930563188
270,249.11938019217894,355.82517398327786,-128.23301227461303,-1079.6400738926031,1500.0,fixed_1500,uniform,-0.009140583793771825,1.3045937092676874
271,-115.60303209608874,1100.147499881222,430.25232004761705,1374.3051855749336,1500.0,fixed_1500,truncated_gaussian,-0.013540536597104571,3.593500790138326
272,-1418.381763418364,-430.251021905567,-874.987236784979,-563.3952035028535,1500.0,fixed_1500,worst_bounded,-0.017453292519943295,2.8838503482728672
273,334.54301370213636,999.5665927854369,-32.08259340649931,223.14401773236784,1330.8380044826579,random,uniform,-0.013492280237247732,1.116143929673385
274,-1422.9630450792356,-988.7121139408607,-1306.801208964934,-1091.883082165537,1169.7761355529965,random,truncated_gaussian,-0.0015905083955599347,2.413763891022913
275,-1143.0296299031531,-47.01163348264658,-1041.6949827118879,655.3305875302947,1170.9904599594674,random,worst_bounded,0.017453292519943295,4.586550104471466
276,433.0019323630669,123.45754923801857,693.8346018428429,-439.88205242647166,1000.0,fixed_1000,uniform,0.009302985042092905,2.013720700071273
277,-316.62999363744393,-1028.2618239301864,655.9874804544166,-1181.9445112936348,1000.0,fixed_1000,truncated_gaussian,0.011812011739988906,2.9966909324678457
278,-1161.5570812685862,390.80002305764884,-1147.258001985802,978.5258688224058,1000.0,fixed_1000,worst_bounded,0.017453292519943295,4.7055175659675
279,-547.4104044140091,-205.46591930292493,-293.3222942059607,-566.9878947937624,1250.0,fixed_1250,uniform,-0.011508715152111961,2.171909677506011
280,717.3260360003936,1649.9115407631803,944.2778055260765,1303.0979433806792,1250.0,fixed_1250,truncated_gaussian,-0.00857581153947162,2.1416765108039217
281,-435.45789698494605,960.8085552707489,-657.6080934070657,820.7377040719799,1250.0,fixed_1250,worst_bounded,-0.017453292519943295,0.5451079017096835
282,1096.6177809320247,-279.0149175307216,272.64014275840793,147.1923194983109,1500.0,fixed_1500,uniform,-0.0008515598078246214,5.804976964575719
283,1313.0854876174246,1059.3523099522076,1317.7651761878756,1150.582780181583,1500.0,fixed_1500,truncated_gaussian,-2.286982762716176e-05,4.661115792266047
284,118.83790094724988,-376.21503050191285,202.02266596933435,-390.98042515425703,1500.0,fixed_1500,worst_bounded,-0.017453292519943295,2.9484678639436424
285,26.596290753952015,-502.8275596406829,575.6168106880059,-947.1008556564198,1032.8299944974694,random,uniform,0.0007712806936543172,2.462031872594387
286,-1079.5894270602382,715.9645290222601,-823.9889390284047,1423.2312912123064,1283.6917827001844,random,truncated_gaussian,-0.0036330436252681336,4.361968685765456
287,66.95962777623248,524.634210506006,729.6828979349423,1464.2370892724148,1315.918810836474,random,worst_bounded,-0.017453292519943295,4.080646345359751
288,-737.3441675574924,-750.0525407003519,-272.5358708485118,-657.2362789485969,1000.0,fixed_1000,uniform,-0.004373383233048466,3.3343140313988777
289,187.70198063512365,-1534.868424161817,301.6979423904091,-1241.481466896963,1000.0,fixed_1000,truncated_gaussian,-0.0019606985864824076,4.33983003586766
290,822.8379855269217,932.871334933095,-127.60721980711719,832.2918276257483,1000.0,fixed_1000,worst_bounded,-0.017453292519943295,0.08797788711400685
291,-1730.5356299035716,389.6083522060525,-642.4088889025952,-71.97960921400943,1250.0,fixed_1250,uniform,-0.011973639785265373,2.7284225875575654
292,926.3542602887078,1341.0688766370185,-255.27487970659467,1722.754303554662,1250.0,fixed_1250,truncated_gaussian,0.004752744106510337,5.9755014210434085
293,-260.5120417797763,-495.73555034560246,-861.4811576052939,83.72076583769461,1250.0,fixed_1250,worst_bounded,-0.017453292519943295,5.498556449491619
294,197.20424997263692,65.2155438807394,-826.8375112646752,392.07597102292806,1500.0,fixed_1500,uniform,-0.013459048820353463,5.960761315698928
295,28.09653547299315,-1380.7278843863376,-575.3838353210461,-643.2145968333662,1500.0,fixed_1500,truncated_gaussian,0.007412030187761098,5.405579583222205
296,-633.8460145905044,-882.2510269115938,-816.0621546446978,-397.323536203091,1500.0,fixed_1500,worst_bounded,0.017453292519943295,5.089278691564625
297,70.62851571735379,520.7426520496218,-534.4634266878436,-434.7071234269457,1374.8020479837048,random,uniform,0.0038349168383585708,1.0100814579629018
298,-401.82793637227456,-750.6658273163309,-30.17598369324253,-704.9400485694493,1362.2127182854756,random,truncated_gaussian,0.013802264692944537,3.2778135667322954
299,1734.0835686540106,137.80869948335712,667.5766763756178,183.4970361834871,1314.988437037438,random,worst_bounded,0.017453292519943295,6.257825544585066
300,1348.39128033181,-311.3283864250484,1381.3689295512809,-556.1938973308995,1000.0,fixed_1000,uniform,-0.013933735288107187,1.6907336732763136
301,-1504.5846529748628,-219.4473522960528,-1661.513043862495,-325.5638520574413,1000.0,fixed_1000,truncated_gaussian,-0.005227433470414815,0.5893528174934672
302,311.15912290570094,-493.5036948603311,-165.0362710402357,382.74454377241335,1000.0,fixed_1000,worst_bounded,0.017453292519943295,5.227641280668753
303,-1131.318769617148,-892.3727848825313,-753.7592217720089,-1611.8666132251465,1250.0,fixed_1250,uniform,0.009314898442884214,2.0633678490828653
304,92.74310294185838,512.0931409219513,-590.2231459524457,407.1204620431683,1250.0,fixed_1250,truncated_gaussian,0.003714385858925153,0.15622203285223696
305,814.4614016274775,47.18231827477493,1187.8768534790495,-136.39890404567393,1250.0,fixed_1250,worst_bounded,-0.017453292519943295,2.6672123363067843
306,572.1278349012575,592.5959216477789,1172.4785869591865,470.2270378298981,1500.0,fixed_1500,uniform,0.014747581782720228,2.955265685775657
307,-278.82447099207997,-1468.387553264013,-539.1549539853654,-1624.6273844571188,1500.0,fixed_1500,truncated_gaussian,-0.01228985347013764,0.5282469707275361
308,130.0908096201708,209.5900248662293,103.51183179929627,458.3295421823458,1500.0,fixed_1500,worst_bounded,-0.017453292519943295,4.801386430564083
309,160.7704930366498,1360.6231673678235,520.3607458114403,1486.490457637024,1246.5419138383872,random,uniform,-0.01401005241368918,3.4642839335376507
310,1574.449063484746,-515.3114608238519,823.3064473407276,295.39637071021957,1393.0761378271216,random,truncated_gaussian,-0.0005104614182343806,5.459157564153628
311,343.5986704571189,576.7082391188535,532.9986351875,567.6632790310293,1422.3012870364,random,worst_bounded,0.017453292519943295,3.1113263309237453
312,-549.9510560083226,-1626.690320895006,-625.2513352130231,-1509.8943162405533,1000.0,fixed_1000,uniform,0.01684815017554613,5.301888949725403
313,453.40081000042466,-1255.567501535925,693.9444235766101,-1105.0474980307615,1000.0,fixed_1000,truncated_gaussian,-0.01211567471451275,3.688614952243596
314,-1030.926577091552,-889.1861601694718,-878.2888920037572,-704.1794925296181,1000.0,fixed_1000,worst_bounded,-0.017453292519943295,4.005112537540836
315,-500.57344348654135,-498.5089016623546,-632.0325025086921,-1043.0842339108674,1250.0,fixed_1250,uniform,-0.006543946702679345,1.327386543357368
316,787.0467201381956,506.46746440677344,306.1855879508218,712.6475315112575,1250.0,fixed_1250,truncated_gaussian,0.007496060201148262,5.885619657244124
317,-1081.1863999219158,-1245.6018900451047,-1523.9156626760687,-529.7719548199235,1250.0,fixed_1250,worst_bounded,-0.017453292519943295,5.248835512491536
318,156.09819841477668,-91.04581068289694,391.91484103281584,-551.9182570517489,1500.0,fixed_1500,uniform,0.00841214319887618,2.05215193807248
319,122.52999295401695,-1084.8528777608115,-1234.4707834866588,-505.951918269041,1500.0,fixed_1500,truncated_gaussian,-0.016059391212184332,5.863898074233354
320,31.012362451682645,1741.0114310806289,849.5072659903011,1210.7130817102634,1500.0,fixed_1500,worst_bounded,0.017453292519943295,2.584152287775198
321,136.30457009038793,-1032.0778340188976,201.08434488265993,-699.5084171070046,1066.6589297943717,random,uniform,-0.0007594001890159144,4.519252737267788
322,-1003.1491812134861,-979.8942881204866,-990.9510339237892,-876.4163188053143,1344.0027331505112,random,truncated_gaussian,-0.013170068938415125,4.581878846301548
323,296.103255091565,-1286.4074198289265,217.18298249283816,-409.4668026407419,1116.1343227043772,random,worst_bounded,0.017453292519943295,4.819595489252013
324,-867.2621725382927,-434.39033991336305,-650.2468606640635,-606.0894091684901,1000.0,fixed_1000,uniform,0.010952394292904823,2.4832028047581254
325,-1546.8088918120206,297.66246126202617,-1285.1058283813675,-180.40351782998863,1000.0,fixed_1000,truncated_gaussian,-3.21615148905661e-05,2.071624710336077
326,1559.0163845539719,466.25808841585524,1050.7895581392586,295.1111879238568,1000.0,fixed_1000,worst_bounded,0.017453292519943295,0.342278368943532
327,-31.399387184138387,-360.0165116684539,-177.1627738626635,-272.53657583993464,1250.0,fixed_1250,uniform,0.016114804000624493,5.758770125803136
328,1109.2466724267024,1162.6694550434634,672.582714539668,1106.4095973607186,1250.0,fixed_1250,truncated_gaussian,-7.21381851695135e-05,0.1280621406014007
329,104.18415297776345,552.3558849805576,1151.4208671543468,189.3141498023242,1250.0,fixed_1250,worst_bounded,-0.017453292519943295,2.7904374622057837
330,82.25210830769005,1216.4801744788551,-119.55431253916588,910.4292329247537,1500.0,fixed_1500,uniform,0.013218539084651964,1.0010680477859042
331,-853.6806680844193,1145.5084923748389,-750.9286248749917,1076.8544428196951,1500.0,fixed_1500,truncated_gaussian,0.01287826297099899,2.5654402635073215
332,817.9324944597471,-261.722367370146,557.2659278467052,760.1392753863151,1500.0,fixed_1500,worst_bounded,-0.017453292519943295,4.944699062031464
333,-250.2534874576124,-1369.535063708047,621.6018053885066,-1134.329110957611,1483.7559355923586,random,uniform,-0.004501413028406865,3.4005946246648935
334,-114.72058143267378,-1184.2738661633894,107.74030217106417,-1205.5814431611896,1255.3050068680996,random,truncated_gaussian,-0.0036378516556790897,3.042464870852388
335,1680.3509344935244,-354.97276818604803,488.53270758094345,-34.98009722266954,1265.161881251412,random,worst_bounded,-0.017453292519943295,6.003427022834028
336,285.2192556866636,-407.3217103395518,242.31569348152993,-495.3006618813752,1000.0,fixed_1000,uniform,-0.015983549428755073,1.1010881387931755
337,-640.5263810933815,-956.6720528019526,-170.74190775062368,-712.2466509603782,1000.0,fixed_1000,truncated_gaussian,-0.0007964576169823006,3.6205458096249576
338,-774.5439084196589,941.8841008437751,-280.38777094922114,1181.7177435033675,1000.0,fixed_1000,worst_bounded,0.017453292519943295,3.6108967646581744
339,464.60420832954173,-1407.182073520365,565.6539512226916,-681.4858614573245,1250.0,fixed_1250,uniform,-0.0011305337401185042,4.572902833266246
340,-1157.948093857108,-952.4664593984097,-1644.8703454751244,-87.54303434618168,1250.0,fixed_1250,truncated_gaussian,-0.011581481167502893,5.21355068180426
341,350.85598012175774,-1249.8347744127973,325.6018359655642,-1615.269179895259,1250.0,fixed_1250,worst_bounded,-0.017453292519943295,1.484345546232154
342,161.59529132175936,8.548352881504465,-32.391379431342386,-101.28833488573969,1500.0,fixed_1500,uniform,0.008038348505121761,0.5232396480235855
343,-704.11704226005,1013.1088595793093,-83.67212274491033,906.6620081896945,1500.0,fixed_1500,truncated_gaussian,-0.010929392071584144,2.960752114333777
344,-206.76618973180007,-591.4702954986719,170.11672708494433,99.6004564086636,1500.0,fixed_1500,worst_bounded,-0.017453292519943295,4.195661197857075
345,-1640.4976160384456,55.61980879089932,-1084.203404813511,-367.90632194452746,1228.7225527652074,random,uniform,-0.014708788334615634,2.47616787729638
346,534.6262214966841,657.0070036223375,844.8428762555806,96.19940719317492,1169.6486410248442,random,truncated_gaussian,-0.0010169723618458552,2.075045874649792
347,-1484.9365698641493,-651.4604035075075,-754.3345548584263,-127.94815980159149,1339.7795662318322,random,worst_bounded,0.017453292519943295,3.7807925814249694
348,-77.59635892443656,-550.4273879264136,-513.5095888033602,-833.6288285017208,1000.0,fixed_1000,uniform,-0.003969232203816864,0.5721766977726486
349,48.84990266310864,-1635.5060894021117,801.1390597952178,-1327.498087222288,1000.0,fixed_1000,truncated_gaussian,-0.014096199643611765,3.516103626138651
350,80.01968848986907,130.80638945461388,325.23084894426603,284.9110063693512,1000.0,fixed_1000,worst_bounded,-0.017453292519943295,3.6852205915094363
351,-480.6342143463738,190.40696747272096,-1015.1496035569281,-119.04426692220039,1250.0,fixed_1250,uniform,-0.006336179752071668,0.518452524823025
352,-13.444060934817145,213.63695731241523,548.2576652225217,835.9548609268613,1250.0,fixed_1250,truncated_gaussian,0.011883154492091758,3.9900245619488284
353,676.8192879456899,-965.8523390480946,518.605830281398,-798.8652416337633,1250.0,fixed_1250,worst_bounded,-0.017453292519943295,5.453361228255476
354,1707.4788653002893,482.9425108749347,1527.0555378641434,199.50497732522376,1500.0,fixed_1500,uniform,0.0005668938302765096,1.0044984410633084
355,1434.7510451590679,111.67563271171731,1091.4590247693625,-1137.660521786841,1500.0,fixed_1500,truncated_gaussian,0.01527484025729418,1.3179099227278164
356,-496.84841334403,117.66319342022679,-937.0195547794902,11.3420805313947,1500.0,fixed_1500,worst_bounded,0.017453292519943295,0.25445856029228603
357,247.59321834558247,167.8066220732299,1118.7639806932034,533.7416366634749,1090.6263343405883,random,uniform,-0.010979194555049266,3.528283694626986
358,719.0905755931602,-1302.8262229566712,1288.8420714742979,-1215.4976199243606,1013.1294401957756,random,truncated_gaussian,-0.007936406222475335,3.2857474813435674
359,75.13512812321332,-1585.7434981016038,810.8459250486542,-682.455931860859,1367.7239127048317,random,worst_bounded,-0.017453292519943295,4.011426870626729
360,-519.7600525774405,1147.1405237078327,-198.39630988483725,735.3564602254987,1000.0,fixed_1000,uniform,0.01581844419679568,2.249300969344084
361,734.0336563573802,-532.9268132805856,598.4017113450666,-1075.522333284526,1000.0,fixed_1000,truncated_gaussian,0.01711854858271959,1.3429655875944972
362,1281.197247799436,-96.4701293141356,1150.6881786148258,-163.38911142907097,1000.0,fixed_1000,worst_bounded,-0.017453292519943295,0.45634498410730195
363,812.1089871338123,1084.8889405150155,348.8010884284062,458.3826414182356,1250.0,fixed_1250,uniform,0.0124643812025871,0.9465068395507195
364,-1060.8320511220345,270.96153357628043,-1376.803379233838,556.8991779426281,1250.0,fixed_1250,truncated_gaussian,-0.004186988674388205,5.543456191221765
365,-1555.2067678793826,845.2066334688791,-1465.279459057281,389.390931693791,1250.0,fixed_1250,worst_bounded,0.017453292519943295,1.7830368513989663
366,172.24144025329636,-1389.893757244012,348.2924496625794,-380.407690533704,1500.0,fixed_1500,uniform,0.007478727003089495,4.5472075019818705
367,660.6052771240652,440.70783385988346,918.3248955551767,1423.4265080278763,1500.0,fixed_1500,truncated_gaussian,-0.011775807743161398,4.444137173211886
368,1726.8776244974824,-22.5223353671798,468.40789598494575,30.52793819545476,1500.0,fixed_1500,worst_bounded,0.017453292519943295,6.25850895429562
369,479.8758476543593,403.47758144051653,301.26825268571883,867.4768685371213,1286.1497113470298,random,uniform,-0.0038757852862772967,5.075961728003366
370,-1163.3161745571747,-678.3559581958316,-1602.1695399390424,441.176880842188,1402.1711692635097,random,truncated_gaussian,0.004969283891019971,5.09094640659408
371,1057.670026299281,393.9075660308644,586.9938983933496,1331.393931013614,1466.0444653772452,random,worst_bounded,-0.017453292519943295,5.160231406861163
372,1550.231003520576,-630.5674779372794,1353.0766631462257,-1082.7755665251984,1000.0,fixed_1000,uniform,0.015912571998176434,1.1755737497731074
373,-59.20945483132232,-271.0965458942966,-569.8946720169129,-678.025535455136,1000.0,fixed_1000,truncated_gaussian,0.003729448990196475,0.6765340994698136
374,-1388.6659174598856,598.99539842216,-1309.1364719382116,-116.46169329928944,1000.0,fixed_1000,worst_bounded,-0.017453292519943295,1.6640474919612007
375,1388.3074288826617,1047.8387961318142,707.3503040727668,551.9584099646843,1250.0,fixed_1250,uniform,-0.004681776585106762,0.6247278377507565
376,921.1629474170976,131.21842873067655,1214.8279416449584,-163.9704357987005,1250.0,fixed_1250,truncated_gaussian,-0.005735276960315878,2.347871360784302
377,963.3562968425096,831.2705737744077,-114.88720173013269,318.9376684187613,1250.0,fixed_1250,worst_bounded,0.017453292519943295,0.4610281750403576
378,371.1025434546346,-202.0426179990006,-33.403416355302966,-1092.368859167212,1500.0,fixed_1500,uniform,-0.011441103914334297,1.132902545867718
379,972.5815324886554,-139.8347060803606,1500.7361656360101,-471.0278822658119,1500.0,fixed_1500,truncated_gaussian,-0.00410734963093085,2.577394416683203
380,375.59180985423745,227.3652656056507,123.08586024301385,824.0362320265331,1500.0,fixed_1500,worst_bounded,0.017453292519943295,5.130179920711725
381,707.1298350523947,924.7863496728851,1323.4133407408067,321.8856293267936,1013.0119645907934,random,uniform,0.0020959533419765593,2.3692668387287448
382,1502.8998917196584,-661.2098744334186,1339.0576178430388,-1047.4835311791321,1440.0249494612963,random,truncated_gaussian,-0.009503567277070397,1.160132850130512
383,1309.9067920959615,733.2621601534461,1192.3716134751032,686.2291135161162,1228.3171134966278,random,worst_bounded,0.017453292519943295,0.3980988365696777
384,1241.2531548141174,65.95220138123338,931.6805163188994,-698.5120261981914,1000.0,fixed_1000,uniform,0.006094638280341999,1.19212144132636
385,979.4531701539605,829.0049413316025,1304.736887661919,662.2537854556859,1000.0,fixed_1000,truncated_gaussian,0.00031754175434010016,2.668207367550282
386,1151.4484456863547,-42.818478722771594,1238.9872121814558,88.53308740911203,1000.0,fixed_1000,worst_bounded,-0.017453292519943295,4.1070856547972925
387,-681.8322658112625,512.0793398469408,-1051.8162423264475,904.3857785045025,1250.0,fixed_1250,uniform,-0.0113976501570324,5.457114450490628
388,-70.75977678303131,1744.2043678607579,-178.4314116071388,1399.811481807986,1250.0,fixed_1250,truncated_gaussian,0.013222866178333384,1.2810050845781566
389,1112.9301538352477,343.9570157484813,666.8752701833205,387.12954478456476,1250.0,fixed_1250,worst_bounded,0.017453292519943295,6.204151659346786
390,503.16023130886606,1329.0676971274904,676.975315349167,1425.3061727848904,1500.0,fixed_1500,uniform,0.0077232419823107,3.6549824288107904
391,603.6557796881143,1171.5013655862367,398.13402008302273,730.7461128441897,1500.0,fixed_1500,truncated_gaussian,0.001525906679590515,1.1360007110293102
392,-1433.6160208223155,682.1875320112724,-599.5514916769174,1043.5206801485829,1500.0,fixed_1500,worst_bounded,-0.017453292519943295,3.5329514798950408
393,-575.5991309955033,-1479.7237006329865,-795.3952148642484,-438.44061629637736,1399.0255053810165,random,uniform,0.01058068587089039,4.93099790428799
394,-228.98995803063403,-1010.1415120541114,-1140.3123807333707,-757.1468436116082,1192.0923113917554,random,truncated_gaussian,-0.005835810352213408,6.006555915814552
395,-415.503865347913,-438.70761116385285,407.494532997815,-887.0868328450557,1214.6767523873787,random,worst_bounded,0.017453292519943295,2.660194738642753
396,-134.79185289931186,-1506.730991563887,-428.32417049369667,-1383.097657908604,1000.0,fixed_1000,uniform,0.0022105486310868318,5.886755411763355
397,-24.369190808476084,1022.5560312074973,332.59026160166144,1489.9975831237618,1000.0,fixed_1000,truncated_gaussian,0.0021069949716629437,4.06231904287843
398,-1321.1909588608385,-501.8338171697896,-914.6846224410988,-808.4727906383177,1000.0,fixed_1000,worst_bounded,0.017453292519943295,2.5127808835578227
399,794.5681934650739,1584.2205206057943,158.74212581093718,549.6472921400386,1250.0,fixed_1250,uniform,-0.005494518558564976,1.0142320065220969
