seed,channel,start_index,end_index,outcome,phase,frontier_rank,task_start_x_m,task_start_y_m,main_action_count,opportunistic_action_count,preview_kind,preview_reason,preview_end_x_m,preview_end_y_m,actual_end_x_m,actual_end_y_m,preview_travel_m,actual_travel_m,endpoint_error_m,preview_cost_s,actual_main_cost_s,actual_total_cost_s,cost_error_s,cost_error_total_s,preview_end_is_start_pose,path_length_m,net_displacement_m,within_task_detour_ratio,current_pose_measure_actions,forward_route_measure_actions,main_action_chain
20260911,14,49,59,channel_cleared,directional_sweep,0,1181.7693036146495,208.3778132003164,2,1,MEASURE,current_position_information,1181.7693036146495,208.3778132003164,1145.0,-130.0,0.0,2.842170943040401e-14,340.369690416956,6.0,11.000000000000005,85.0739380833912,5.000000000000005,79.0739380833912,True,340.369690416956,340.369690416956,1.0,1,0,MEASURE:14:current_position_information|CLEAR:14:certified_clear_point
20260911,11,64,71,channel_cleared,directional_sweep,0,1145.0,-130.0,2,0,MEASURE,forward_center_measurement,1712.5,272.5,1715.0,280.0,695.7460025037873,703.6516966542082,7.905694150420948,144.14920050075744,150.73033933084164,150.73033933084164,6.5811388300842,6.5811388300842,False,703.6516966542082,702.1395872616783,1.0021535737622016,0,0,MEASURE:11:forward_center_measurement|CLEAR:11:certified_clear_point
20260911,8,76,92,channel_cleared,directional_sweep,0,1715.0,280.0,5,0,MEASURE,current_position_information,1715.0,280.0,1365.0,850.0,0.0,1342.9165344585072,668.8796603276257,6.0,294.58330689170145,294.58330689170145,288.58330689170145,288.58330689170145,True,1342.9165344585072,668.8796603276257,2.00771022668073,1,2,MEASURE:8:current_position_information|MEASURE:8:forward_route_measurement|MEASURE:8:forward_route_measurement|MEASURE:8:forward_center_measurement|CLEAR:8:certified_clear_point
20260911,15,113,124,channel_cleared,directional_sweep,1,410.42417199080256,1127.63114494309,4,0,MEASURE,forward_center_measurement,672.5,762.5,587.5,850.0,449.449099046998,1228.1927493813714,121.98872898755852,95.8898198093996,266.6385498762743,266.6385498762743,170.74873006687469,170.74873006687469,False,1228.1927493813714,329.29455128737544,3.7297694255181506,0,1,MEASURE:15:forward_center_measurement|MEASURE:15:forward_route_measurement|MEASURE:15:forward_center_measurement|CLEAR:15:near_immediate
20260911,10,145,158,channel_cleared,directional_sweep,2,-771.3451316238468,919.253331742774,4,0,MEASURE,current_position_information,-771.3451316238468,919.253331742774,-835.0,547.5,0.0,397.92556383217294,377.16373358243015,6.0,100.58511276643458,100.58511276643458,94.58511276643458,94.58511276643458,True,397.92556383217294,377.16373358243015,1.055047260383547,1,2,MEASURE:10:current_position_information|MEASURE:10:forward_route_measurement|MEASURE:10:forward_route_measurement|CLEAR:10:certified_clear_point
20260911,7,163,185,channel_cleared,directional_sweep,2,-835.0,547.5,7,0,MEASURE,current_position_information,-835.0,547.5,-1685.0,237.5,0.0,1182.7677546764248,904.7651629014017,6.0,272.553550935285,272.553550935285,266.553550935285,266.553550935285,True,1182.7677546764248,904.7651629014017,1.3072649159960184,1,4,MEASURE:7:current_position_information|MEASURE:7:forward_route_measurement|MEASURE:7:forward_route_measurement|MEASURE:7:forward_route_measurement|MEASURE:7:forward_route_measurement|MEASURE:7:forward_center_measurement|CLEAR:7:certified_clear_point
20260911,12,205,227,channel_cleared,directional_sweep,3,-1181.7693036146497,-208.37781320031604,4,3,MEASURE,current_position_information,-1181.7693036146497,-208.37781320031604,-982.5,-405.0,0.0,0.0,279.9438152647014,6.0,23.0,97.2872364931338,17.0,91.2872364931338,True,281.436182465669,279.9438152647014,1.005330952568309,1,1,MEASURE:12:current_position_information|MEASURE:12:forward_route_measurement|MEASURE:12:forward_center_measurement|CLEAR:12:certified_clear_point
20260911,1,232,242,channel_cleared,directional_sweep,3,-982.5,-405.0,3,0,MEASURE,forward_center_measurement,-1632.5,-327.5,-1650.0,-330.0,654.6038878589097,697.2078743058904,17.67766952966369,135.92077757178194,154.44157486117808,154.44157486117808,18.520797289396143,18.520797289396143,False,697.2078743058904,671.7002679767219,1.0379746853548264,0,0,MEASURE:1:forward_center_measurement|MEASURE:1:forward_center_measurement|CLEAR:1:certified_clear_point
20260911,6,261,272,channel_cleared,directional_sweep,4,-410.42417199080325,-1127.6311449430898,3,1,MEASURE,current_position_information,-410.42417199080325,-1127.6311449430898,-580.0,-740.0,0.0,0.0,423.10030249917736,6.0,17.0,107.62006049983547,11.0,101.62006049983547,True,423.10030249917736,423.10030249917736,1.0,1,0,MEASURE:6:current_position_information|MEASURE:6:forward_center_measurement|CLEAR:6:near_immediate
20260911,13,277,320,channel_cleared,directional_sweep,4,-580.0,-740.0,7,7,MEASURE,current_position_information,-580.0,-740.0,132.5,-885.0,0.0,483.85402503376173,727.1047036018953,6.0,137.77080500675234,299.5384355424159,131.77080500675234,293.5384355424159,True,1082.6921777120797,727.1047036018953,1.4890457623897808,1,4,MEASURE:13:current_position_information|MEASURE:13:forward_route_measurement|MEASURE:13:forward_route_measurement|MEASURE:13:forward_route_measurement|MEASURE:13:forward_route_measurement|MEASURE:13:forward_center_measurement|CLEAR:13:certified_clear_point
20260911,19,325,336,channel_cleared,directional_sweep,4,132.5,-885.0,3,1,MEASURE,current_position_information,132.5,-885.0,180.0,-1400.0,0.0,44.49355246990616,517.1858950126153,5.0,24.898710493981234,125.43717900252308,19.898710493981234,120.43717900252308,True,517.1858950126154,517.1858950126153,1.0000000000000002,1,0,MEASURE:19:current_position_information|MEASURE:19:forward_center_measurement|CLEAR:19:near_immediate
20260911,17,341,352,channel_cleared,directional_sweep,4,180.0,-1400.0,3,1,MEASURE,current_position_information,180.0,-1400.0,-675.0,-1542.5,0.0,866.7936605674963,866.7936605674963,6.0,190.35873211349926,196.35873211349926,184.35873211349926,190.35873211349926,True,866.7936605674963,866.7936605674963,1.0,1,0,MEASURE:17:current_position_information|MEASURE:17:forward_center_measurement|CLEAR:17:near_immediate
20260911,2,371,382,channel_cleared,directional_sweep,5,771.3451316238471,-919.2533317427738,3,1,MEASURE,current_position_information,771.3451316238471,-919.2533317427738,1197.5,-912.5,0.0,319.65628161090046,426.2083754812007,6.0,80.93125632218009,108.24167509624013,74.93125632218009,102.24167509624013,True,426.2083754812007,426.2083754812007,1.0,1,0,MEASURE:2:current_position_information|MEASURE:2:forward_center_measurement|CLEAR:2:near_immediate
20260911,4,387,406,channel_cleared,directional_sweep,5,1197.5,-912.5,5,1,MEASURE,current_position_information,1197.5,-912.5,17.5,-77.5,0.0,834.8506150683387,1445.5535271998751,6.0,193.97012301366775,328.8354257072765,187.97012301366775,322.8354257072765,True,1479.1771285363827,1445.5535271998751,1.0232600181894602,1,0,MEASURE:4:current_position_information|MEASURE:4:forward_center_measurement|MEASURE:4:forward_center_measurement|MEASURE:4:forward_center_measurement|CLEAR:4:certified_clear_point
20260911,9,411,418,channel_cleared,directional_sweep,5,17.5,-77.5,2,0,MEASURE,forward_center_measurement,695.0,-287.5,697.5,-300.0,709.2998308190972,722.0473796030792,12.747548783981962,147.85996616381945,155.40947592061585,155.40947592061585,7.549509756796397,7.549509756796397,False,722.0473796030792,715.476239996829,1.0091842876659038,0,0,MEASURE:9:forward_center_measurement|CLEAR:9:certified_clear_point
20260911,18,423,426,channel_cleared,directional_sweep,5,697.5,-300.0,1,0,CLEAR,certified_clear_point,865.0,-1182.5,865.0,-1182.5,898.2552532548864,898.2552532548864,0.0,184.65105065097728,184.65105065097728,184.65105065097728,0.0,0.0,False,898.2552532548864,898.2552532548864,1.0,0,0,CLEAR:18:certified_clear_point
20260912,1,49,68,channel_cleared,directional_sweep,0,771.3451316238472,919.2533317427736,6,0,MEASURE,forward_center_measurement,1055.0,1062.5,1310.0,1220.0,317.77302012645504,618.4688003374968,299.7186180403213,69.55460402529101,154.69376006749934,154.69376006749934,85.13915604220833,85.13915604220833,False,618.4688003374968,616.9259483059151,1.002500870705501,0,0,MEASURE:1:forward_center_measurement|MEASURE:1:forward_center_measurement|MEASURE:1:forward_center_measurement|MEASURE:1:forward_center_measurement|MEASURE:1:forward_center_measurement|CLEAR:1:certified_clear_point
20260912,11,96,106,channel_cleared,directional_sweep,1,-410.42417199080245,1127.63114494309,2,1,MEASURE,current_position_information,-410.42417199080245,1127.63114494309,-192.5,1572.5,0.0,0.0,495.3778789343776,6.0,11.0,116.07557578687552,5.0,110.07557578687552,True,495.3778789343776,495.3778789343776,1.0,1,0,MEASURE:11:current_position_information|CLEAR:11:certified_clear_point
20260912,5,111,130,channel_cleared,directional_sweep,1,-192.5,1572.5,3,3,MEASURE,forward_route_measurement,-410.42417199080245,1127.63114494309,-52.5,1030.0,495.3778789343776,766.5308467973562,371.0007457650189,92.69112881351609,170.30616935947123,211.20705069653854,77.61504054595514,118.51592188302246,False,886.0352534826926,560.2733707753742,1.5814338137407629,0,1,MEASURE:5:forward_route_measurement|MEASURE:5:forward_center_measurement|CLEAR:5:certified_clear_point
20260912,7,135,140,channel_cleared,directional_sweep,1,-52.5,1030.0,2,0,MEASURE,forward_center_measurement,-772.5,1350.0,-772.5,1350.0,787.9086241436884,787.9086241436884,0.0,162.58172482873766,167.58172482873766,167.58172482873766,5.0,5.0,False,787.9086241436884,787.9086241436884,1.0,0,0,MEASURE:7:forward_center_measurement|CLEAR:7:near_immediate
20260912,20,164,195,channel_cleared,directional_sweep,2,-1181.7693036146495,208.37781320031684,4,6,MEASURE,forward_route_measurement,-1130.4662821157992,67.42392008243053,-1435.0,-67.5,150.00000000000003,4.323426488511456,333.08444805902315,6.0,23.86468529770229,158.79543259343586,17.86468529770229,152.79543259343586,False,498.97716296717937,374.4787756442259,1.332457793125326,0,1,MEASURE:20:forward_route_measurement|MEASURE:20:forward_center_measurement|MEASURE:20:forward_center_measurement|CLEAR:20:certified_clear_point
20260912,13,200,207,channel_cleared,directional_sweep,2,-1435.0,-67.5,1,1,CLEAR,certified_clear_point,-1337.5,-117.5,-1337.5,-117.5,109.57303500405563,109.57303500405563,0.0,26.914607000811124,26.914607000811124,32.914607000811124,0.0,6.0,False,109.57303500405563,109.57303500405563,1.0,0,0,CLEAR:13:certified_clear_point
20260912,19,212,228,channel_cleared,directional_sweep,2,-1337.5,-117.5,3,2,MEASURE,current_position_information,-1337.5,-117.5,-1400.0,-325.0,0.0,0.0,216.70832932769335,5.0,16.0,161.9391341015139,11.0,156.9391341015139,True,669.6956705075694,216.70832932769335,3.0903088616169234,1,1,MEASURE:19:current_position_information|MEASURE:19:forward_route_measurement|CLEAR:19:certified_clear_point
20260912,15,233,249,channel_cleared,directional_sweep,2,-1400.0,-325.0,3,2,MEASURE,current_position_information,-1400.0,-325.0,-1142.5,-80.0,0.0,313.30531433019746,355.43107630031454,6.0,79.6610628660395,100.1961467115562,73.6610628660395,94.1961467115562,True,355.9807335577809,355.43107630031454,1.0015464524463864,1,0,MEASURE:15:current_position_information|MEASURE:15:forward_center_measurement|CLEAR:15:certified_clear_point
20260912,12,254,264,channel_cleared,directional_sweep,2,-1142.5,-80.0,3,0,MEASURE,current_position_information,-1142.5,-80.0,-1732.5,-450.0,0.0,696.4993160473746,696.419413859206,5.0,154.29986320947492,154.29986320947492,149.29986320947492,149.29986320947492,True,696.4993160473746,696.419413859206,1.000114732855774,1,0,MEASURE:12:current_position_information|MEASURE:12:forward_center_measurement|CLEAR:12:certified_clear_point
20260912,3,284,292,channel_cleared,directional_sweep,3,-771.3451316238474,-919.2533317427735,3,0,MEASURE,forward_center_measurement,-990.0,-857.5,-1012.5,-842.5,227.20789036898714,254.24952493496704,27.04163456597992,51.44157807379743,66.84990498699341,66.84990498699341,15.408326913195978,15.408326913195978,False,254.24952493496704,253.0745828311009,1.004642671305519,0,0,MEASURE:3:forward_center_measurement|MEASURE:3:forward_center_measurement|CLEAR:3:near_immediate
20260912,18,310,324,channel_cleared,directional_sweep,4,410.42417199080177,-1127.6311449430902,3,2,MEASURE,current_position_information,410.42417199080177,-1127.6311449430902,-97.5,-1357.5,0.0,0.0,557.5183001639642,6.0,17.0,140.50366003279285,11.0,134.50366003279285,True,557.5183001639642,557.5183001639642,1.0,1,0,MEASURE:18:current_position_information|MEASURE:18:forward_center_measurement|CLEAR:18:near_immediate
20260912,9,329,345,channel_cleared,directional_sweep,4,-97.5,-1357.5,3,2,MEASURE,current_position_information,-97.5,-1357.5,800.0,-1300.0,0.0,233.25264886692028,899.3400358040334,6.0,63.65052977338405,210.85870260328366,57.65052977338405,204.85870260328366,True,909.2935130164183,899.3400358040334,1.0110675348768237,1,0,MEASURE:9:current_position_information|MEASURE:9:forward_center_measurement|CLEAR:9:certified_clear_point
20260912,8,350,369,channel_cleared,directional_sweep,4,800.0,-1300.0,4,2,MEASURE,current_position_information,800.0,-1300.0,-42.5,-382.5,0.0,991.8176527215497,1245.637387043276,6.0,221.36353054430995,284.669697092286,215.36353054430995,278.669697092286,True,1248.34848546143,1245.637387043276,1.0021764748283521,1,1,MEASURE:8:current_position_information|MEASURE:8:forward_route_measurement|MEASURE:8:forward_center_measurement|CLEAR:8:certified_clear_point
20260912,2,374,378,channel_cleared,directional_sweep,4,-42.5,-382.5,1,0,CLEAR,certified_clear_point,443.0263157894737,-1550.921052631579,443.0263157894737,-1550.921052631579,1265.2839837588979,1265.2839837588979,0.0,258.0567967517796,258.0567967517796,258.0567967517796,0.0,0.0,False,1265.2839837588979,1265.2839837588979,1.0,0,0,CLEAR:2:certified_clear_point
20260912,6,394,404,channel_cleared,directional_sweep,5,1181.7693036146495,-208.37781320031647,3,0,MEASURE,current_position_information,1181.7693036146495,-208.37781320031647,280.0,-185.0,0.0,922.0689585573954,902.072280414202,6.0,200.41379171147906,200.41379171147906,194.41379171147906,194.41379171147906,True,922.0689585573954,902.072280414202,1.0221674898756576,1,0,MEASURE:6:current_position_information|MEASURE:6:forward_center_measurement|CLEAR:6:certified_clear_point
20260912,16,409,416,channel_cleared,directional_sweep,5,280.0,-185.0,3,0,MEASURE,current_position_information,280.0,-185.0,1000.0,400.0,0.0,941.3684928974155,927.6987657639736,6.0,204.27369857948312,204.27369857948312,198.27369857948312,198.27369857948312,True,941.3684928974155,927.6987657639736,1.0147350925083798,1,0,MEASURE:16:current_position_information|MEASURE:16:forward_center_measurement|CLEAR:16:certified_clear_point
20260913,12,49,68,channel_cleared,directional_sweep,0,771.3451316238472,919.2533317427736,3,3,MEASURE,current_position_information,771.3451316238472,919.2533317427736,1002.5,612.5,0.0,0.0,384.0965760186996,6.0,17.0,112.05974044132311,11.0,106.05974044132311,True,385.29870220661564,384.0965760186996,1.003129749815467,1,0,MEASURE:12:current_position_information|MEASURE:12:forward_center_measurement|CLEAR:12:certified_clear_point
20260913,14,73,101,channel_cleared,directional_sweep,0,1002.5,612.5,3,6,MEASURE,current_position_information,1002.5,612.5,1277.5,907.5,0.0,116.37940126612828,403.29889660151565,6.0,40.27588025322566,137.99475332230213,34.27588025322566,131.99475332230213,True,424.9737666115106,403.29889660151565,1.0537439358070226,1,0,MEASURE:14:current_position_information|MEASURE:14:forward_center_measurement|CLEAR:14:certified_clear_point
20260913,6,106,122,channel_cleared,directional_sweep,0,1277.5,907.5,3,2,MEASURE,current_position_information,1277.5,907.5,1357.5,960.0,0.0,85.2006337686367,95.6882960450232,6.0,34.04012675372734,48.15499229318842,28.040126753727343,42.15499229318842,True,95.7749614659421,95.6882960450232,1.0009057055512633,1,0,MEASURE:6:current_position_information|MEASURE:6:forward_center_measurement|CLEAR:6:certified_clear_point
20260913,7,127,140,channel_cleared,directional_sweep,0,1357.5,960.0,3,1,MEASURE,current_position_information,1357.5,960.0,1082.5,437.5,0.0,720.3935530102124,590.4500402235569,6.0,161.07871060204246,255.21412326710242,155.07871060204246,249.21412326710242,True,1161.070616335512,590.4500402235569,1.9664163557274146,1,1,MEASURE:7:current_position_information|MEASURE:7:forward_route_measurement|CLEAR:7:certified_clear_point
20260913,17,145,149,channel_cleared,directional_sweep,0,1082.5,437.5,1,0,CLEAR,certified_clear_point,975.0,1085.0,975.0,1085.0,656.3630854946064,656.3630854946064,0.0,136.27261709892127,136.27261709892127,136.27261709892127,0.0,0.0,False,656.3630854946064,656.3630854946064,1.0,0,0,CLEAR:17:certified_clear_point
20260913,3,154,161,channel_cleared,directional_sweep,0,975.0,1085.0,2,0,MEASURE,forward_service_approach,623.623968672016,945.3005583928132,525.0,1002.5,378.1283504012417,492.1391539103511,114.01080350910944,81.62567008024834,109.42783078207023,109.42783078207023,27.80216070182189,27.80216070182189,False,492.1391539103511,457.5,1.075713997618254,0,0,MEASURE:3:forward_service_approach|CLEAR:3:certified_clear_point
20260913,13,180,193,channel_cleared,directional_sweep,1,-410.42417199080245,1127.63114494309,4,0,MEASURE,current_position_information,-410.42417199080245,1127.63114494309,-537.5,875.0,0.0,316.5878104547135,282.79102082541397,6.0,84.3175620909427,84.3175620909427,78.3175620909427,78.3175620909427,True,316.5878104547135,282.79102082541397,1.1195115372852118,1,1,MEASURE:13:current_position_information|MEASURE:13:forward_route_measurement|MEASURE:13:forward_center_measurement|CLEAR:13:certified_clear_point
20260913,2,198,211,channel_cleared,directional_sweep,1,-537.5,875.0,4,0,MEASURE,current_position_information,-537.5,875.0,-752.5,875.0,0.0,250.99306747018855,215.0,6.0,71.19861349403772,71.19861349403772,65.19861349403772,65.19861349403772,True,250.99306747018855,215.0,1.167409616140412,1,1,MEASURE:2:current_position_information|MEASURE:2:forward_route_measurement|MEASURE:2:forward_center_measurement|CLEAR:2:certified_clear_point
20260913,10,232,248,channel_cleared,directional_sweep,2,-1181.7693036146495,208.37781320031684,3,2,MEASURE,current_position_information,-1181.7693036146495,208.37781320031684,-770.0,507.5,0.0,325.62605693738095,508.94797576483,6.0,82.12521138747618,132.6003382199619,76.12521138747618,126.60033821996191,True,518.0016910998096,508.94797576483,1.0177890781889327,1,0,MEASURE:10:current_position_information|MEASURE:10:forward_center_measurement|CLEAR:10:certified_clear_point
20260913,19,253,275,channel_cleared,directional_sweep,2,-770.0,507.5,5,2,MEASURE,current_position_information,-770.0,507.5,-1335.0,-372.5,0.0,825.7858735645443,1045.7652700295607,6.0,193.15717471290887,270.97341520724933,187.15717471290887,264.97341520724933,True,1154.8670760362465,1045.7652700295607,1.1043272416223975,1,2,MEASURE:19:current_position_information|MEASURE:19:forward_route_measurement|MEASURE:19:forward_route_measurement|MEASURE:19:forward_center_measurement|CLEAR:19:certified_clear_point
20260913,5,280,284,channel_cleared,directional_sweep,2,-1335.0,-372.5,1,0,CLEAR,certified_clear_point,-1187.5,605.0,-1187.5,605.0,988.5658804551167,988.5658804551167,0.0,202.71317609102334,202.71317609102334,202.71317609102334,0.0,0.0,False,988.5658804551167,988.5658804551167,1.0,0,0,CLEAR:5:certified_clear_point
20260913,18,301,311,channel_cleared,directional_sweep,3,-771.3451316238474,-919.2533317427735,3,0,MEASURE,current_position_information,-771.3451316238474,-919.2533317427735,-672.5,-375.0,0.0,556.2322164355239,553.1564418488184,6.0,127.2464432871048,127.2464432871048,121.2464432871048,121.2464432871048,True,556.2322164355239,553.1564418488184,1.0055604063407908,1,0,MEASURE:18:current_position_information|MEASURE:18:forward_center_measurement|CLEAR:18:certified_clear_point
20260913,11,331,344,channel_cleared,directional_sweep,4,410.42417199080177,-1127.6311449430902,3,1,MEASURE,current_position_information,410.42417199080177,-1127.6311449430902,-140.0,-860.0,0.0,125.31476086641064,612.040193823338,6.0,42.06295217328213,146.51879206561574,36.06295217328213,140.51879206561574,True,617.5939603280787,612.040193823338,1.0090741859126064,1,0,MEASURE:11:current_position_information|MEASURE:11:forward_center_measurement|CLEAR:11:certified_clear_point
20260913,15,349,359,channel_cleared,directional_sweep,4,-140.0,-860.0,3,0,MEASURE,current_position_information,-140.0,-860.0,370.0,-1717.5,0.0,1000.4560707056868,997.700481106429,6.0,216.09121414113739,216.09121414113739,210.09121414113739,210.09121414113739,True,1000.4560707056868,997.700481106429,1.0027619407341588,1,0,MEASURE:15:current_position_information|MEASURE:15:forward_center_measurement|CLEAR:15:certified_clear_point
20260913,16,364,383,channel_cleared,directional_sweep,4,370.0,-1717.5,6,0,MEASURE,current_position_information,370.0,-1717.5,157.5,-337.5,0.0,1610.7645675049066,1396.2651073488873,6.0,353.1529135009813,353.1529135009813,347.1529135009813,347.1529135009813,True,1610.7645675049066,1396.2651073488873,1.153623734509339,1,2,MEASURE:16:current_position_information|MEASURE:16:forward_route_measurement|MEASURE:16:forward_route_measurement|MEASURE:16:forward_center_measurement|MEASURE:16:forward_center_measurement|CLEAR:16:certified_clear_point
20260913,1,402,408,channel_cleared,directional_sweep,5,1181.7693036146495,-208.37781320031647,2,0,MEASURE,current_position_information,1181.7693036146495,-208.37781320031647,1133.75,-393.75,0.0,191.490733871205,191.490733871205,6.0,49.298146774241005,49.298146774241005,43.298146774241005,43.298146774241005,True,191.490733871205,191.490733871205,1.0,1,0,MEASURE:1:current_position_information|CLEAR:1:certified_clear_point
