phase,block_seed,configuration,source_count,bearing_error_deg,reception_min_m,reception_max_m,spatial_pattern,planner_overrides_json,success,controller_success,cleared_count,all_sources,clear_ratio,virtual_time_s,time_per_source_s,movement_s,measurement_s,switching_s,optical_s,laser_s,action_count,wall_runtime_s,fallback_misses,probe_attempts,probe_successes,termination_reason,error
P1,20800000,default,14,1.0,1000.0,1500.0,area_uniform,{},True,True,14,14,1.0,3799.298351807284,271.37845370052025,2870.298351807284,725.0,134.0,42.0,28.0,159,38.647843269995064,0,0,0,coverage_certificate_and_all_found_cleared,
P1,20800000,grid_2p5,14,1.0,1000.0,1500.0,area_uniform,"{""grid_step_m"": 2.5}",True,True,14,14,1.0,4219.183680996494,301.37026292832104,3352.183680996494,675.0,122.0,42.0,28.0,149,144.71033279699623,0,0,0,coverage_certificate_and_all_found_cleared,
P1,20800000,grid_10,14,1.0,1000.0,1500.0,area_uniform,"{""grid_step_m"": 10.0}",True,True,14,14,1.0,3814.7641987350544,272.4831570525039,2873.7641987350544,735.0,133.0,45.0,28.0,162,15.42307536098815,1,0,0,coverage_certificate_and_all_found_cleared,
P1,20800000,probe_budget_0,14,1.0,1000.0,1500.0,area_uniform,"{""opportunistic_probe_budget"": 0}",True,True,14,14,1.0,3799.298351807284,271.37845370052025,2870.298351807284,725.0,134.0,42.0,28.0,159,39.83634535499732,0,0,0,coverage_certificate_and_all_found_cleared,
P1,20800000,probe_budget_48,14,1.0,1000.0,1500.0,area_uniform,"{""opportunistic_probe_budget"": 48}",True,True,14,14,1.0,3799.298351807284,271.37845370052025,2870.298351807284,725.0,134.0,42.0,28.0,159,40.33921667300456,0,0,0,coverage_certificate_and_all_found_cleared,
P1,20800000,probe_limit_0,14,1.0,1000.0,1500.0,area_uniform,"{""optical_probe_limit"": 0}",True,True,14,14,1.0,3799.298351807284,271.37845370052025,2870.298351807284,725.0,134.0,42.0,28.0,159,42.45626139998785,0,0,0,coverage_certificate_and_all_found_cleared,
P1,20800000,probe_limit_3,14,1.0,1000.0,1500.0,area_uniform,"{""optical_probe_limit"": 3}",True,True,14,14,1.0,3799.298351807284,271.37845370052025,2870.298351807284,725.0,134.0,42.0,28.0,159,42.35096307899221,0,0,0,coverage_certificate_and_all_found_cleared,
P1,20800000,completion_samples_15,14,1.0,1000.0,1500.0,area_uniform,"{""completion_sample_count"": 15}",True,True,14,14,1.0,3799.298351807284,271.37845370052025,2870.298351807284,725.0,134.0,42.0,28.0,159,37.76965345798817,0,0,0,coverage_certificate_and_all_found_cleared,
P1,20800000,posterior_off,14,1.0,1000.0,1500.0,area_uniform,"{""posterior_completion"": false}",True,True,14,14,1.0,3799.298351807284,271.37845370052025,2870.298351807284,725.0,134.0,42.0,28.0,159,38.05171734098985,0,0,0,coverage_certificate_and_all_found_cleared,
P1,20800000,free_order_off,14,1.0,1000.0,1500.0,area_uniform,"{""free_coverage_order"": false}",True,True,14,14,1.0,3799.298351807284,271.37845370052025,2870.298351807284,725.0,134.0,42.0,28.0,159,41.85917209199397,0,0,0,coverage_certificate_and_all_found_cleared,
P1,20800000,shared_stops_off,14,1.0,1000.0,1500.0,area_uniform,"{""shared_stop_measurements"": false}",True,True,14,14,1.0,3799.298351807284,271.37845370052025,2870.298351807284,725.0,134.0,42.0,28.0,159,42.47302587299782,0,0,0,coverage_certificate_and_all_found_cleared,
P1,20800001,default,13,1.0,1000.0,1500.0,area_uniform,{},True,True,13,13,1.0,3614.0100227051885,278.0007709773222,2814.010022705189,625.0,110.0,39.0,26.0,138,32.49061050800083,0,0,0,coverage_certificate_and_all_found_cleared,
P1,20800001,grid_2p5,13,1.0,1000.0,1500.0,area_uniform,"{""grid_step_m"": 2.5}",True,True,13,13,1.0,4895.158286229965,376.550637402305,4008.158286229964,700.0,122.0,39.0,26.0,153,160.96702614199603,0,0,0,coverage_certificate_and_all_found_cleared,
P1,20800001,grid_10,13,1.0,1000.0,1500.0,area_uniform,"{""grid_step_m"": 10.0}",True,True,13,13,1.0,3742.294739839338,287.86882614148755,2887.294739839338,670.0,117.0,42.0,26.0,148,12.421132953997585,1,0,0,coverage_certificate_and_all_found_cleared,
P1,20800001,probe_budget_0,13,1.0,1000.0,1500.0,area_uniform,"{""opportunistic_probe_budget"": 0}",True,True,13,13,1.0,3614.0100227051885,278.0007709773222,2814.010022705189,625.0,110.0,39.0,26.0,138,33.37624870699074,0,0,0,coverage_certificate_and_all_found_cleared,
P1,20800001,probe_budget_48,13,1.0,1000.0,1500.0,area_uniform,"{""opportunistic_probe_budget"": 48}",True,True,13,13,1.0,3614.0100227051885,278.0007709773222,2814.010022705189,625.0,110.0,39.0,26.0,138,31.527778047005995,0,0,0,coverage_certificate_and_all_found_cleared,
P1,20800001,probe_limit_0,13,1.0,1000.0,1500.0,area_uniform,"{""optical_probe_limit"": 0}",True,True,13,13,1.0,3614.0100227051885,278.0007709773222,2814.010022705189,625.0,110.0,39.0,26.0,138,33.03680667099252,0,0,0,coverage_certificate_and_all_found_cleared,
P1,20800001,probe_limit_3,13,1.0,1000.0,1500.0,area_uniform,"{""optical_probe_limit"": 3}",True,True,13,13,1.0,3614.0100227051885,278.0007709773222,2814.010022705189,625.0,110.0,39.0,26.0,138,33.74186375499994,0,0,0,coverage_certificate_and_all_found_cleared,
P1,20800001,completion_samples_15,13,1.0,1000.0,1500.0,area_uniform,"{""completion_sample_count"": 15}",True,True,13,13,1.0,3614.0100227051885,278.0007709773222,2814.010022705189,625.0,110.0,39.0,26.0,138,32.94783840999298,0,0,0,coverage_certificate_and_all_found_cleared,
P1,20800001,posterior_off,13,1.0,1000.0,1500.0,area_uniform,"{""posterior_completion"": false}",True,True,13,13,1.0,3614.0100227051885,278.0007709773222,2814.010022705189,625.0,110.0,39.0,26.0,138,32.918861381011084,0,0,0,coverage_certificate_and_all_found_cleared,
P1,20800001,free_order_off,13,1.0,1000.0,1500.0,area_uniform,"{""free_coverage_order"": false}",True,True,13,13,1.0,3614.0100227051885,278.0007709773222,2814.010022705189,625.0,110.0,39.0,26.0,138,29.708372395994957,0,0,0,coverage_certificate_and_all_found_cleared,
P1,20800001,shared_stops_off,13,1.0,1000.0,1500.0,area_uniform,"{""shared_stop_measurements"": false}",True,True,13,13,1.0,3614.0100227051885,278.0007709773222,2814.010022705189,625.0,110.0,39.0,26.0,138,29.909347888009506,0,0,0,coverage_certificate_and_all_found_cleared,
P1,20800002,default,14,1.0,1000.0,1500.0,area_uniform,{},True,True,14,14,1.0,3590.3716032884404,256.4551145206029,2756.3716032884413,650.0,114.0,42.0,28.0,144,36.90182114900381,0,0,0,coverage_certificate_and_all_found_cleared,
P1,20800002,grid_2p5,14,1.0,1000.0,1500.0,area_uniform,"{""grid_step_m"": 2.5}",True,True,14,14,1.0,4582.700432068808,327.335745147772,3771.700432068809,630.0,111.0,42.0,28.0,140,147.13496200100053,0,0,0,coverage_certificate_and_all_found_cleared,
P1,20800002,grid_10,14,1.0,1000.0,1500.0,area_uniform,"{""grid_step_m"": 10.0}",True,True,14,14,1.0,3551.417522278282,253.67268016273442,2704.417522278283,665.0,112.0,42.0,28.0,147,13.83792326899129,0,0,0,coverage_certificate_and_all_found_cleared,
P1,20800002,probe_budget_0,14,1.0,1000.0,1500.0,area_uniform,"{""opportunistic_probe_budget"": 0}",True,True,14,14,1.0,3590.3716032884404,256.4551145206029,2756.3716032884413,650.0,114.0,42.0,28.0,144,40.62822099699406,0,0,0,coverage_certificate_and_all_found_cleared,
P1,20800002,probe_budget_48,14,1.0,1000.0,1500.0,area_uniform,"{""opportunistic_probe_budget"": 48}",True,True,14,14,1.0,3590.3716032884404,256.4551145206029,2756.3716032884413,650.0,114.0,42.0,28.0,144,40.111693275001016,0,0,0,coverage_certificate_and_all_found_cleared,
P1,20800002,probe_limit_0,14,1.0,1000.0,1500.0,area_uniform,"{""optical_probe_limit"": 0}",True,True,14,14,1.0,3590.3716032884404,256.4551145206029,2756.3716032884413,650.0,114.0,42.0,28.0,144,39.246186674005,0,0,0,coverage_certificate_and_all_found_cleared,
P1,20800002,probe_limit_3,14,1.0,1000.0,1500.0,area_uniform,"{""optical_probe_limit"": 3}",True,True,14,14,1.0,3590.3716032884404,256.4551145206029,2756.3716032884413,650.0,114.0,42.0,28.0,144,39.53072885501024,0,0,0,coverage_certificate_and_all_found_cleared,
P1,20800002,completion_samples_15,14,1.0,1000.0,1500.0,area_uniform,"{""completion_sample_count"": 15}",True,True,14,14,1.0,3590.3716032884404,256.4551145206029,2756.3716032884413,650.0,114.0,42.0,28.0,144,40.93723994899483,0,0,0,coverage_certificate_and_all_found_cleared,
P1,20800002,posterior_off,14,1.0,1000.0,1500.0,area_uniform,"{""posterior_completion"": false}",True,True,14,14,1.0,3590.3716032884404,256.4551145206029,2756.3716032884413,650.0,114.0,42.0,28.0,144,43.12963887600927,0,0,0,coverage_certificate_and_all_found_cleared,
P1,20800002,free_order_off,14,1.0,1000.0,1500.0,area_uniform,"{""free_coverage_order"": false}",True,True,14,14,1.0,3590.3716032884404,256.4551145206029,2756.3716032884413,650.0,114.0,42.0,28.0,144,40.26135247500497,0,0,0,coverage_certificate_and_all_found_cleared,
P1,20800002,shared_stops_off,14,1.0,1000.0,1500.0,area_uniform,"{""shared_stop_measurements"": false}",True,True,14,14,1.0,3590.3716032884404,256.4551145206029,2756.3716032884413,650.0,114.0,42.0,28.0,144,42.24202309499378,0,0,0,coverage_certificate_and_all_found_cleared,
P1,20800003,default,13,1.0,1000.0,1500.0,area_uniform,{},True,True,13,13,1.0,3742.9223907212913,287.91710697856087,2926.9223907212922,640.0,111.0,39.0,26.0,141,26.903715751002892,0,0,0,coverage_certificate_and_all_found_cleared,
P1,20800003,grid_2p5,13,1.0,1000.0,1500.0,area_uniform,"{""grid_step_m"": 2.5}",True,True,13,13,1.0,4054.1160166406203,311.85507820312466,3225.1160166406203,650.0,114.0,39.0,26.0,143,114.08274476599763,0,0,0,coverage_certificate_and_all_found_cleared,
P1,20800003,grid_10,13,1.0,1000.0,1500.0,area_uniform,"{""grid_step_m"": 10.0}",True,True,13,13,1.0,3779.2358551183283,290.71045039371757,2935.2358551183283,665.0,114.0,39.0,26.0,146,8.285736289995839,0,0,0,coverage_certificate_and_all_found_cleared,
P1,20800003,probe_budget_0,13,1.0,1000.0,1500.0,area_uniform,"{""opportunistic_probe_budget"": 0}",True,True,13,13,1.0,3742.9223907212913,287.91710697856087,2926.9223907212922,640.0,111.0,39.0,26.0,141,27.851165145999403,0,0,0,coverage_certificate_and_all_found_cleared,
P1,20800003,probe_budget_48,13,1.0,1000.0,1500.0,area_uniform,"{""opportunistic_probe_budget"": 48}",True,True,13,13,1.0,3742.9223907212913,287.91710697856087,2926.9223907212922,640.0,111.0,39.0,26.0,141,29.664229600006365,0,0,0,coverage_certificate_and_all_found_cleared,
P1,20800003,probe_limit_0,13,1.0,1000.0,1500.0,area_uniform,"{""optical_probe_limit"": 0}",True,True,13,13,1.0,3742.9223907212913,287.91710697856087,2926.9223907212922,640.0,111.0,39.0,26.0,141,29.68550012599735,0,0,0,coverage_certificate_and_all_found_cleared,
P1,20800003,probe_limit_3,13,1.0,1000.0,1500.0,area_uniform,"{""optical_probe_limit"": 3}",True,True,13,13,1.0,3742.9223907212913,287.91710697856087,2926.9223907212922,640.0,111.0,39.0,26.0,141,29.247617486005765,0,0,0,coverage_certificate_and_all_found_cleared,
P1,20800003,completion_samples_15,13,1.0,1000.0,1500.0,area_uniform,"{""completion_sample_count"": 15}",True,True,13,13,1.0,3742.9223907212913,287.91710697856087,2926.9223907212922,640.0,111.0,39.0,26.0,141,27.962022697000066,0,0,0,coverage_certificate_and_all_found_cleared,
P1,20800003,posterior_off,13,1.0,1000.0,1500.0,area_uniform,"{""posterior_completion"": false}",True,True,13,13,1.0,3742.9223907212913,287.91710697856087,2926.9223907212922,640.0,111.0,39.0,26.0,141,28.70531526301056,0,0,0,coverage_certificate_and_all_found_cleared,
P1,20800003,free_order_off,13,1.0,1000.0,1500.0,area_uniform,"{""free_coverage_order"": false}",True,True,13,13,1.0,3742.9223907212913,287.91710697856087,2926.9223907212922,640.0,111.0,39.0,26.0,141,28.075274345988873,0,0,0,coverage_certificate_and_all_found_cleared,
P1,20800003,shared_stops_off,13,1.0,1000.0,1500.0,area_uniform,"{""shared_stop_measurements"": false}",True,True,13,13,1.0,3742.9223907212913,287.91710697856087,2926.9223907212922,640.0,111.0,39.0,26.0,141,28.47058346499398,0,0,0,coverage_certificate_and_all_found_cleared,
P1,20800004,default,15,1.0,1000.0,1500.0,area_uniform,{},True,True,15,15,1.0,3720.5876097996083,248.03917398664055,2915.5876097996083,625.0,105.0,45.0,30.0,140,45.254523504001554,0,0,0,coverage_certificate_and_all_found_cleared,
P1,20800004,grid_2p5,15,1.0,1000.0,1500.0,area_uniform,"{""grid_step_m"": 2.5}",True,True,15,15,1.0,4890.260957433009,326.0173971622006,4039.2609574330086,640.0,112.0,69.0,30.0,151,156.6679107999953,8,0,0,coverage_certificate_and_all_found_cleared,
P1,20800004,grid_10,15,1.0,1000.0,1500.0,area_uniform,"{""grid_step_m"": 10.0}",True,True,15,15,1.0,3715.3519168503317,247.6901277900221,2883.351916850332,645.0,112.0,45.0,30.0,144,17.436487639002735,0,0,0,coverage_certificate_and_all_found_cleared,
P1,20800004,probe_budget_0,15,1.0,1000.0,1500.0,area_uniform,"{""opportunistic_probe_budget"": 0}",True,True,15,15,1.0,3720.5876097996083,248.03917398664055,2915.5876097996083,625.0,105.0,45.0,30.0,140,45.827355434012134,0,0,0,coverage_certificate_and_all_found_cleared,
P1,20800004,probe_budget_48,15,1.0,1000.0,1500.0,area_uniform,"{""opportunistic_probe_budget"": 48}",True,True,15,15,1.0,3720.5876097996083,248.03917398664055,2915.5876097996083,625.0,105.0,45.0,30.0,140,47.03173894798965,0,0,0,coverage_certificate_and_all_found_cleared,
P1,20800004,probe_limit_0,15,1.0,1000.0,1500.0,area_uniform,"{""optical_probe_limit"": 0}",True,True,15,15,1.0,3720.5876097996083,248.03917398664055,2915.5876097996083,625.0,105.0,45.0,30.0,140,50.157348683002056,0,0,0,coverage_certificate_and_all_found_cleared,
P1,20800004,probe_limit_3,15,1.0,1000.0,1500.0,area_uniform,"{""optical_probe_limit"": 3}",True,True,15,15,1.0,3720.5876097996083,248.03917398664055,2915.5876097996083,625.0,105.0,45.0,30.0,140,48.87544226400496,0,0,0,coverage_certificate_and_all_found_cleared,
P1,20800004,completion_samples_15,15,1.0,1000.0,1500.0,area_uniform,"{""completion_sample_count"": 15}",True,True,15,15,1.0,3720.5876097996083,248.03917398664055,2915.5876097996083,625.0,105.0,45.0,30.0,140,49.88700656800938,0,0,0,coverage_certificate_and_all_found_cleared,
P1,20800004,posterior_off,15,1.0,1000.0,1500.0,area_uniform,"{""posterior_completion"": false}",True,True,15,15,1.0,3720.5876097996083,248.03917398664055,2915.5876097996083,625.0,105.0,45.0,30.0,140,46.92858479000279,0,0,0,coverage_certificate_and_all_found_cleared,
P1,20800004,free_order_off,15,1.0,1000.0,1500.0,area_uniform,"{""free_coverage_order"": false}",True,True,15,15,1.0,3720.5876097996083,248.03917398664055,2915.5876097996083,625.0,105.0,45.0,30.0,140,49.386102425007266,0,0,0,coverage_certificate_and_all_found_cleared,
P1,20800004,shared_stops_off,15,1.0,1000.0,1500.0,area_uniform,"{""shared_stop_measurements"": false}",True,True,15,15,1.0,3720.5876097996083,248.03917398664055,2915.5876097996083,625.0,105.0,45.0,30.0,140,45.36685802100692,0,0,0,coverage_certificate_and_all_found_cleared,
P1,20800005,default,13,1.0,1000.0,1500.0,area_uniform,{},True,True,13,13,1.0,3947.689728242624,303.668440634048,3066.689728242623,695.0,121.0,39.0,26.0,152,39.92319261901139,0,0,0,coverage_certificate_and_all_found_cleared,
P1,20800005,grid_2p5,13,1.0,1000.0,1500.0,area_uniform,"{""grid_step_m"": 2.5}",True,True,13,13,1.0,4477.815422055185,344.44734015809115,3620.8154220551864,675.0,114.0,42.0,26.0,149,168.29245988398907,1,0,0,coverage_certificate_and_all_found_cleared,
P1,20800005,grid_10,13,1.0,1000.0,1500.0,area_uniform,"{""grid_step_m"": 10.0}",True,True,13,13,1.0,3801.635009461071,292.43346226623623,2891.635009461072,720.0,125.0,39.0,26.0,157,9.144716720998986,0,0,0,coverage_certificate_and_all_found_cleared,
P1,20800005,probe_budget_0,13,1.0,1000.0,1500.0,area_uniform,"{""opportunistic_probe_budget"": 0}",True,True,13,13,1.0,3947.689728242624,303.668440634048,3066.689728242623,695.0,121.0,39.0,26.0,152,34.92027400099323,0,0,0,coverage_certificate_and_all_found_cleared,
P1,20800005,probe_budget_48,13,1.0,1000.0,1500.0,area_uniform,"{""opportunistic_probe_budget"": 48}",True,True,13,13,1.0,3947.689728242624,303.668440634048,3066.689728242623,695.0,121.0,39.0,26.0,152,36.20286226799362,0,0,0,coverage_certificate_and_all_found_cleared,
P1,20800005,probe_limit_0,13,1.0,1000.0,1500.0,area_uniform,"{""optical_probe_limit"": 0}",True,True,13,13,1.0,3947.689728242624,303.668440634048,3066.689728242623,695.0,121.0,39.0,26.0,152,41.513718062997214,0,0,0,coverage_certificate_and_all_found_cleared,
P1,20800005,probe_limit_3,13,1.0,1000.0,1500.0,area_uniform,"{""optical_probe_limit"": 3}",True,True,13,13,1.0,3947.689728242624,303.668440634048,3066.689728242623,695.0,121.0,39.0,26.0,152,32.664853732989286,0,0,0,coverage_certificate_and_all_found_cleared,
P1,20800005,completion_samples_15,13,1.0,1000.0,1500.0,area_uniform,"{""completion_sample_count"": 15}",True,True,13,13,1.0,3947.689728242624,303.668440634048,3066.689728242623,695.0,121.0,39.0,26.0,152,40.344226039000205,0,0,0,coverage_certificate_and_all_found_cleared,
P1,20800005,posterior_off,13,1.0,1000.0,1500.0,area_uniform,"{""posterior_completion"": false}",True,True,13,13,1.0,3947.689728242624,303.668440634048,3066.689728242623,695.0,121.0,39.0,26.0,152,37.92690559699258,0,0,0,coverage_certificate_and_all_found_cleared,
P1,20800005,free_order_off,13,1.0,1000.0,1500.0,area_uniform,"{""free_coverage_order"": false}",True,True,13,13,1.0,3947.689728242624,303.668440634048,3066.689728242623,695.0,121.0,39.0,26.0,152,36.84817656199448,0,0,0,coverage_certificate_and_all_found_cleared,
P1,20800005,shared_stops_off,13,1.0,1000.0,1500.0,area_uniform,"{""shared_stop_measurements"": false}",True,True,13,13,1.0,3947.689728242624,303.668440634048,3066.689728242623,695.0,121.0,39.0,26.0,152,36.56868576000852,0,0,0,coverage_certificate_and_all_found_cleared,
P1,20800006,default,13,1.0,1000.0,1500.0,area_uniform,{},True,True,13,13,1.0,3590.4018486642103,276.18475758955464,2809.4018486642112,605.0,111.0,39.0,26.0,134,35.29184249800164,0,0,0,coverage_certificate_and_all_found_cleared,
P1,20800006,grid_2p5,13,1.0,1000.0,1500.0,area_uniform,"{""grid_step_m"": 2.5}",True,True,13,13,1.0,4017.5788073051217,309.04452363885554,3179.578807305122,655.0,118.0,39.0,26.0,144,165.71650088099705,0,0,0,coverage_certificate_and_all_found_cleared,
P1,20800006,grid_10,13,1.0,1000.0,1500.0,area_uniform,"{""grid_step_m"": 10.0}",True,True,13,13,1.0,3574.8361867123185,274.98739897787067,2778.836186712319,620.0,111.0,39.0,26.0,137,8.375636106997263,0,0,0,coverage_certificate_and_all_found_cleared,
P1,20800006,probe_budget_0,13,1.0,1000.0,1500.0,area_uniform,"{""opportunistic_probe_budget"": 0}",True,True,13,13,1.0,3590.4018486642103,276.18475758955464,2809.4018486642112,605.0,111.0,39.0,26.0,134,33.01158814999508,0,0,0,coverage_certificate_and_all_found_cleared,
P1,20800006,probe_budget_48,13,1.0,1000.0,1500.0,area_uniform,"{""opportunistic_probe_budget"": 48}",True,True,13,13,1.0,3590.4018486642103,276.18475758955464,2809.4018486642112,605.0,111.0,39.0,26.0,134,30.457186370011186,0,0,0,coverage_certificate_and_all_found_cleared,
P1,20800006,probe_limit_0,13,1.0,1000.0,1500.0,area_uniform,"{""optical_probe_limit"": 0}",True,True,13,13,1.0,3590.4018486642103,276.18475758955464,2809.4018486642112,605.0,111.0,39.0,26.0,134,31.064458769993507,0,0,0,coverage_certificate_and_all_found_cleared,
P1,20800006,probe_limit_3,13,1.0,1000.0,1500.0,area_uniform,"{""optical_probe_limit"": 3}",True,True,13,13,1.0,3590.4018486642103,276.18475758955464,2809.4018486642112,605.0,111.0,39.0,26.0,134,33.91183307500614,0,0,0,coverage_certificate_and_all_found_cleared,
P1,20800006,completion_samples_15,13,1.0,1000.0,1500.0,area_uniform,"{""completion_sample_count"": 15}",True,True,13,13,1.0,3590.4018486642103,276.18475758955464,2809.4018486642112,605.0,111.0,39.0,26.0,134,34.60000803200819,0,0,0,coverage_certificate_and_all_found_cleared,
P1,20800006,posterior_off,13,1.0,1000.0,1500.0,area_uniform,"{""posterior_completion"": false}",True,True,13,13,1.0,3590.4018486642103,276.18475758955464,2809.4018486642112,605.0,111.0,39.0,26.0,134,29.802552647000994,0,0,0,coverage_certificate_and_all_found_cleared,
P1,20800006,free_order_off,13,1.0,1000.0,1500.0,area_uniform,"{""free_coverage_order"": false}",True,True,13,13,1.0,3590.4018486642103,276.18475758955464,2809.4018486642112,605.0,111.0,39.0,26.0,134,32.43217468098737,0,0,0,coverage_certificate_and_all_found_cleared,
P1,20800006,shared_stops_off,13,1.0,1000.0,1500.0,area_uniform,"{""shared_stop_measurements"": false}",True,True,13,13,1.0,3590.4018486642103,276.18475758955464,2809.4018486642112,605.0,111.0,39.0,26.0,134,34.01144218900299,0,0,0,coverage_certificate_and_all_found_cleared,
P1,20800007,default,11,1.0,1000.0,1500.0,area_uniform,{},True,True,11,11,1.0,3351.303083467581,304.663916678871,2470.303083467581,700.0,126.0,33.0,22.0,151,34.90588625500095,0,0,0,coverage_certificate_and_all_found_cleared,
P1,20800007,grid_2p5,11,1.0,1000.0,1500.0,area_uniform,"{""grid_step_m"": 2.5}",True,True,11,11,1.0,4331.929243229009,393.8117493844554,3463.929243229009,685.0,128.0,33.0,22.0,148,135.31234046899772,0,0,0,coverage_certificate_and_all_found_cleared,
P1,20800007,grid_10,11,1.0,1000.0,1500.0,area_uniform,"{""grid_step_m"": 10.0}",True,True,11,11,1.0,3444.5014179509376,313.1364925409943,2535.5014179509376,720.0,131.0,36.0,22.0,156,10.789910637002322,1,0,0,coverage_certificate_and_all_found_cleared,
P1,20800007,probe_budget_0,11,1.0,1000.0,1500.0,area_uniform,"{""opportunistic_probe_budget"": 0}",True,True,11,11,1.0,3351.303083467581,304.663916678871,2470.303083467581,700.0,126.0,33.0,22.0,151,31.497422425003606,0,0,0,coverage_certificate_and_all_found_cleared,
P1,20800007,probe_budget_48,11,1.0,1000.0,1500.0,area_uniform,"{""opportunistic_probe_budget"": 48}",True,True,11,11,1.0,3351.303083467581,304.663916678871,2470.303083467581,700.0,126.0,33.0,22.0,151,29.781279242000892,0,0,0,coverage_certificate_and_all_found_cleared,
P1,20800007,probe_limit_0,11,1.0,1000.0,1500.0,area_uniform,"{""optical_probe_limit"": 0}",True,True,11,11,1.0,3351.303083467581,304.663916678871,2470.303083467581,700.0,126.0,33.0,22.0,151,33.45387477098848,0,0,0,coverage_certificate_and_all_found_cleared,
P1,20800007,probe_limit_3,11,1.0,1000.0,1500.0,area_uniform,"{""optical_probe_limit"": 3}",True,True,11,11,1.0,3351.303083467581,304.663916678871,2470.303083467581,700.0,126.0,33.0,22.0,151,32.37088159499399,0,0,0,coverage_certificate_and_all_found_cleared,
P1,20800007,completion_samples_15,11,1.0,1000.0,1500.0,area_uniform,"{""completion_sample_count"": 15}",True,True,11,11,1.0,3351.303083467581,304.663916678871,2470.303083467581,700.0,126.0,33.0,22.0,151,30.710158136003884,0,0,0,coverage_certificate_and_all_found_cleared,
P1,20800007,posterior_off,11,1.0,1000.0,1500.0,area_uniform,"{""posterior_completion"": false}",True,True,11,11,1.0,3351.303083467581,304.663916678871,2470.303083467581,700.0,126.0,33.0,22.0,151,33.12034656999458,0,0,0,coverage_certificate_and_all_found_cleared,
P1,20800007,free_order_off,11,1.0,1000.0,1500.0,area_uniform,"{""free_coverage_order"": false}",True,True,11,11,1.0,3351.303083467581,304.663916678871,2470.303083467581,700.0,126.0,33.0,22.0,151,28.120752714996343,0,0,0,coverage_certificate_and_all_found_cleared,
P1,20800007,shared_stops_off,11,1.0,1000.0,1500.0,area_uniform,"{""shared_stop_measurements"": false}",True,True,11,11,1.0,3351.303083467581,304.663916678871,2470.303083467581,700.0,126.0,33.0,22.0,151,29.729505302006146,0,0,0,coverage_certificate_and_all_found_cleared,
P1,20800008,default,16,1.0,1000.0,1500.0,area_uniform,{},True,True,16,16,1.0,3640.2493969763877,227.51558731102423,2925.2493969763873,535.0,100.0,48.0,32.0,123,41.464753612992354,0,0,0,upper_bound_reached,
P1,20800008,grid_2p5,16,1.0,1000.0,1500.0,area_uniform,"{""grid_step_m"": 2.5}",True,True,16,16,1.0,4482.888612404938,280.1805382753086,3734.8886124049372,570.0,98.0,48.0,32.0,130,159.52530760300579,0,0,0,upper_bound_reached,
P1,20800008,grid_10,16,1.0,1000.0,1500.0,area_uniform,"{""grid_step_m"": 10.0}",True,True,16,16,1.0,3737.689568748455,233.60559804677843,2964.689568748455,590.0,103.0,48.0,32.0,134,19.28597496000293,0,0,0,upper_bound_reached,
P1,20800008,probe_budget_0,16,1.0,1000.0,1500.0,area_uniform,"{""opportunistic_probe_budget"": 0}",True,True,16,16,1.0,3640.2493969763877,227.51558731102423,2925.2493969763873,535.0,100.0,48.0,32.0,123,39.67913736701303,0,0,0,upper_bound_reached,
P1,20800008,probe_budget_48,16,1.0,1000.0,1500.0,area_uniform,"{""opportunistic_probe_budget"": 48}",True,True,16,16,1.0,3640.2493969763877,227.51558731102423,2925.2493969763873,535.0,100.0,48.0,32.0,123,37.98711546900449,0,0,0,upper_bound_reached,
P1,20800008,probe_limit_0,16,1.0,1000.0,1500.0,area_uniform,"{""optical_probe_limit"": 0}",True,True,16,16,1.0,3640.2493969763877,227.51558731102423,2925.2493969763873,535.0,100.0,48.0,32.0,123,41.07105163099186,0,0,0,upper_bound_reached,
P1,20800008,probe_limit_3,16,1.0,1000.0,1500.0,area_uniform,"{""optical_probe_limit"": 3}",True,True,16,16,1.0,3640.2493969763877,227.51558731102423,2925.2493969763873,535.0,100.0,48.0,32.0,123,41.876070675003575,0,0,0,upper_bound_reached,
P1,20800008,completion_samples_15,16,1.0,1000.0,1500.0,area_uniform,"{""completion_sample_count"": 15}",True,True,16,16,1.0,3640.2493969763877,227.51558731102423,2925.2493969763873,535.0,100.0,48.0,32.0,123,41.040267119999044,0,0,0,upper_bound_reached,
P1,20800008,posterior_off,16,1.0,1000.0,1500.0,area_uniform,"{""posterior_completion"": false}",True,True,16,16,1.0,3640.2493969763877,227.51558731102423,2925.2493969763873,535.0,100.0,48.0,32.0,123,39.54947326298861,0,0,0,upper_bound_reached,
P1,20800008,free_order_off,16,1.0,1000.0,1500.0,area_uniform,"{""free_coverage_order"": false}",True,True,16,16,1.0,3640.2493969763877,227.51558731102423,2925.2493969763873,535.0,100.0,48.0,32.0,123,38.967015132002416,0,0,0,upper_bound_reached,
P1,20800008,shared_stops_off,16,1.0,1000.0,1500.0,area_uniform,"{""shared_stop_measurements"": false}",True,True,16,16,1.0,3640.2493969763877,227.51558731102423,2925.2493969763873,535.0,100.0,48.0,32.0,123,45.51829612199799,0,0,0,upper_bound_reached,
P1,20800009,default,15,1.0,1000.0,1500.0,area_uniform,{},True,True,15,15,1.0,3776.2175732176006,251.74783821450671,2976.217573217601,620.0,105.0,45.0,30.0,139,37.9720035920036,0,0,0,coverage_certificate_and_all_found_cleared,
P1,20800009,grid_2p5,15,1.0,1000.0,1500.0,area_uniform,"{""grid_step_m"": 2.5}",True,True,15,15,1.0,5464.68862847298,364.312575231532,4623.688628472982,660.0,103.0,48.0,30.0,148,184.15359203099797,1,0,0,coverage_certificate_and_all_found_cleared,
P1,20800009,grid_10,15,1.0,1000.0,1500.0,area_uniform,"{""grid_step_m"": 10.0}",True,True,15,15,1.0,3886.4893905087683,259.09929270058456,3054.4893905087683,645.0,106.0,51.0,30.0,146,7.960542247994454,2,0,0,coverage_certificate_and_all_found_cleared,
P1,20800009,probe_budget_0,15,1.0,1000.0,1500.0,area_uniform,"{""opportunistic_probe_budget"": 0}",True,True,15,15,1.0,3776.2175732176006,251.74783821450671,2976.217573217601,620.0,105.0,45.0,30.0,139,36.1156742900057,0,0,0,coverage_certificate_and_all_found_cleared,
P1,20800009,probe_budget_48,15,1.0,1000.0,1500.0,area_uniform,"{""opportunistic_probe_budget"": 48}",True,True,15,15,1.0,3776.2175732176006,251.74783821450671,2976.217573217601,620.0,105.0,45.0,30.0,139,35.96855374000734,0,0,0,coverage_certificate_and_all_found_cleared,
P1,20800009,probe_limit_0,15,1.0,1000.0,1500.0,area_uniform,"{""optical_probe_limit"": 0}",True,True,15,15,1.0,3776.2175732176006,251.74783821450671,2976.217573217601,620.0,105.0,45.0,30.0,139,35.70763408199127,0,0,0,coverage_certificate_and_all_found_cleared,
P1,20800009,probe_limit_3,15,1.0,1000.0,1500.0,area_uniform,"{""optical_probe_limit"": 3}",True,True,15,15,1.0,3776.2175732176006,251.74783821450671,2976.217573217601,620.0,105.0,45.0,30.0,139,34.47223019499506,0,0,0,coverage_certificate_and_all_found_cleared,
P1,20800009,completion_samples_15,15,1.0,1000.0,1500.0,area_uniform,"{""completion_sample_count"": 15}",True,True,15,15,1.0,3776.2175732176006,251.74783821450671,2976.217573217601,620.0,105.0,45.0,30.0,139,38.267526345996885,0,0,0,coverage_certificate_and_all_found_cleared,
P1,20800009,posterior_off,15,1.0,1000.0,1500.0,area_uniform,"{""posterior_completion"": false}",True,True,15,15,1.0,3776.2175732176006,251.74783821450671,2976.217573217601,620.0,105.0,45.0,30.0,139,35.2213225410087,0,0,0,coverage_certificate_and_all_found_cleared,
P1,20800009,free_order_off,15,1.0,1000.0,1500.0,area_uniform,"{""free_coverage_order"": false}",True,True,15,15,1.0,3776.2175732176006,251.74783821450671,2976.217573217601,620.0,105.0,45.0,30.0,139,36.76394835700921,0,0,0,coverage_certificate_and_all_found_cleared,
P1,20800009,shared_stops_off,15,1.0,1000.0,1500.0,area_uniform,"{""shared_stop_measurements"": false}",True,True,15,15,1.0,3776.2175732176006,251.74783821450671,2976.217573217601,620.0,105.0,45.0,30.0,139,34.13213333999738,0,0,0,coverage_certificate_and_all_found_cleared,
P1,20800010,default,11,1.0,1000.0,1500.0,area_uniform,{},True,True,11,11,1.0,3728.0944921284217,338.9176811025838,2858.0944921284213,690.0,125.0,33.0,22.0,149,30.295781840002746,0,0,0,coverage_certificate_and_all_found_cleared,
P1,20800010,grid_2p5,11,1.0,1000.0,1500.0,area_uniform,"{""grid_step_m"": 2.5}",True,True,11,11,1.0,3717.034299030672,337.91220900278836,2863.034299030672,670.0,123.0,39.0,22.0,147,117.83048797299853,2,0,0,coverage_certificate_and_all_found_cleared,
P1,20800010,grid_10,11,1.0,1000.0,1500.0,area_uniform,"{""grid_step_m"": 10.0}",True,True,11,11,1.0,3890.4789297345683,353.67990270314255,2995.478929734568,710.0,127.0,36.0,22.0,154,8.227142063013162,1,0,0,coverage_certificate_and_all_found_cleared,
P1,20800010,probe_budget_0,11,1.0,1000.0,1500.0,area_uniform,"{""opportunistic_probe_budget"": 0}",True,True,11,11,1.0,3728.0944921284217,338.9176811025838,2858.0944921284213,690.0,125.0,33.0,22.0,149,36.00491997100471,0,0,0,coverage_certificate_and_all_found_cleared,
P1,20800010,probe_budget_48,11,1.0,1000.0,1500.0,area_uniform,"{""opportunistic_probe_budget"": 48}",True,True,11,11,1.0,3728.0944921284217,338.9176811025838,2858.0944921284213,690.0,125.0,33.0,22.0,149,34.088745178989484,0,0,0,coverage_certificate_and_all_found_cleared,
P1,20800010,probe_limit_0,11,1.0,1000.0,1500.0,area_uniform,"{""optical_probe_limit"": 0}",True,True,11,11,1.0,3728.0944921284217,338.9176811025838,2858.0944921284213,690.0,125.0,33.0,22.0,149,34.57589756700327,0,0,0,coverage_certificate_and_all_found_cleared,
P1,20800010,probe_limit_3,11,1.0,1000.0,1500.0,area_uniform,"{""optical_probe_limit"": 3}",True,True,11,11,1.0,3728.0944921284217,338.9176811025838,2858.0944921284213,690.0,125.0,33.0,22.0,149,34.95753147700452,0,0,0,coverage_certificate_and_all_found_cleared,
P1,20800010,completion_samples_15,11,1.0,1000.0,1500.0,area_uniform,"{""completion_sample_count"": 15}",True,True,11,11,1.0,3728.0944921284217,338.9176811025838,2858.0944921284213,690.0,125.0,33.0,22.0,149,34.62259429998812,0,0,0,coverage_certificate_and_all_found_cleared,
P1,20800010,posterior_off,11,1.0,1000.0,1500.0,area_uniform,"{""posterior_completion"": false}",True,True,11,11,1.0,3728.0944921284217,338.9176811025838,2858.0944921284213,690.0,125.0,33.0,22.0,149,29.204749277996598,0,0,0,coverage_certificate_and_all_found_cleared,
P1,20800010,free_order_off,11,1.0,1000.0,1500.0,area_uniform,"{""free_coverage_order"": false}",True,True,11,11,1.0,3728.0944921284217,338.9176811025838,2858.0944921284213,690.0,125.0,33.0,22.0,149,30.415738651994616,0,0,0,coverage_certificate_and_all_found_cleared,
P1,20800010,shared_stops_off,11,1.0,1000.0,1500.0,area_uniform,"{""shared_stop_measurements"": false}",True,True,11,11,1.0,3728.0944921284217,338.9176811025838,2858.0944921284213,690.0,125.0,33.0,22.0,149,36.51031194499228,0,0,0,coverage_certificate_and_all_found_cleared,
P1,20800011,default,15,1.0,1000.0,1500.0,area_uniform,{},True,True,15,15,1.0,3878.4742908948906,258.56495272632606,3075.4742908948915,620.0,108.0,45.0,30.0,139,40.94084059400484,0,0,0,coverage_certificate_and_all_found_cleared,
P1,20800011,grid_2p5,15,1.0,1000.0,1500.0,area_uniform,"{""grid_step_m"": 2.5}",True,True,15,15,1.0,4816.849123185658,321.12327487904383,4022.8491231856583,615.0,104.0,45.0,30.0,138,159.6569084530056,0,0,0,coverage_certificate_and_all_found_cleared,
P1,20800011,grid_10,15,1.0,1000.0,1500.0,area_uniform,"{""grid_step_m"": 10.0}",True,True,15,15,1.0,3757.283061276841,250.4855374184561,2893.2830612768425,670.0,113.0,51.0,30.0,151,12.261076829003287,2,0,0,coverage_certificate_and_all_found_cleared,
P1,20800011,probe_budget_0,15,1.0,1000.0,1500.0,area_uniform,"{""opportunistic_probe_budget"": 0}",True,True,15,15,1.0,3878.4742908948906,258.56495272632606,3075.4742908948915,620.0,108.0,45.0,30.0,139,41.77670504899288,0,0,0,coverage_certificate_and_all_found_cleared,
P1,20800011,probe_budget_48,15,1.0,1000.0,1500.0,area_uniform,"{""opportunistic_probe_budget"": 48}",True,True,15,15,1.0,3878.4742908948906,258.56495272632606,3075.4742908948915,620.0,108.0,45.0,30.0,139,34.64455930500117,0,0,0,coverage_certificate_and_all_found_cleared,
P1,20800011,probe_limit_0,15,1.0,1000.0,1500.0,area_uniform,"{""optical_probe_limit"": 0}",True,True,15,15,1.0,3878.4742908948906,258.56495272632606,3075.4742908948915,620.0,108.0,45.0,30.0,139,37.214831251010764,0,0,0,coverage_certificate_and_all_found_cleared,
P1,20800011,probe_limit_3,15,1.0,1000.0,1500.0,area_uniform,"{""optical_probe_limit"": 3}",True,True,15,15,1.0,3878.4742908948906,258.56495272632606,3075.4742908948915,620.0,108.0,45.0,30.0,139,33.99289520000457,0,0,0,coverage_certificate_and_all_found_cleared,
P1,20800011,completion_samples_15,15,1.0,1000.0,1500.0,area_uniform,"{""completion_sample_count"": 15}",True,True,15,15,1.0,3878.4742908948906,258.56495272632606,3075.4742908948915,620.0,108.0,45.0,30.0,139,42.58373531400866,0,0,0,coverage_certificate_and_all_found_cleared,
P1,20800011,posterior_off,15,1.0,1000.0,1500.0,area_uniform,"{""posterior_completion"": false}",True,True,15,15,1.0,3878.4742908948906,258.56495272632606,3075.4742908948915,620.0,108.0,45.0,30.0,139,39.20511861599516,0,0,0,coverage_certificate_and_all_found_cleared,
P1,20800011,free_order_off,15,1.0,1000.0,1500.0,area_uniform,"{""free_coverage_order"": false}",True,True,15,15,1.0,3878.4742908948906,258.56495272632606,3075.4742908948915,620.0,108.0,45.0,30.0,139,40.11397774000943,0,0,0,coverage_certificate_and_all_found_cleared,
P1,20800011,shared_stops_off,15,1.0,1000.0,1500.0,area_uniform,"{""shared_stop_measurements"": false}",True,True,15,15,1.0,3878.4742908948906,258.56495272632606,3075.4742908948915,620.0,108.0,45.0,30.0,139,34.880444340000395,0,0,0,coverage_certificate_and_all_found_cleared,
P2,20810000,n10_e0.5_r975,10,0.5,975.0,1475.0,area_uniform,{},True,True,10,10,1.0,3006.1451752150315,300.61451752150316,2195.1451752150315,650.0,111.0,30.0,20.0,140,34.619247569004074,0,0,0,coverage_certificate_and_all_found_cleared,
P2,20810000,n10_e1_r1000,10,1.0,1000.0,1500.0,area_uniform,{},True,True,10,10,1.0,3044.512058728161,304.4512058728161,2238.5120587281613,640.0,116.0,30.0,20.0,138,32.695310061011696,0,0,0,coverage_certificate_and_all_found_cleared,
P2,20810000,n10_e1.5_r1100,10,1.5,1100.0,1600.0,area_uniform,{},True,True,10,10,1.0,3048.1956921750148,304.81956921750145,2212.195692175015,660.0,123.0,33.0,20.0,143,36.48150971400901,1,0,0,coverage_certificate_and_all_found_cleared,
P2,20810000,n13_e0.5_r1000,13,0.5,1000.0,1500.0,area_uniform,{},True,True,13,13,1.0,3239.0450734316605,249.15731334089696,2438.0450734316605,630.0,106.0,39.0,26.0,139,39.88261477899505,0,0,0,coverage_certificate_and_all_found_cleared,
P2,20810000,n13_e1_r1100,13,1.0,1100.0,1600.0,area_uniform,{},True,True,13,13,1.0,3325.7334349992666,255.82564884609744,2483.733434999268,655.0,119.0,42.0,26.0,145,35.40200284100138,1,0,0,coverage_certificate_and_all_found_cleared,
P2,20810000,n13_e1.5_r975,13,1.5,975.0,1475.0,area_uniform,{},True,True,13,13,1.0,3321.621282161474,255.50932939703645,2478.621282161474,660.0,118.0,39.0,26.0,145,43.127478882001014,0,0,0,coverage_certificate_and_all_found_cleared,
P2,20810000,n16_e0.5_r1100,16,0.5,1100.0,1600.0,area_uniform,{},True,True,16,16,1.0,3687.345410131682,230.45908813323013,2891.345410131682,615.0,101.0,48.0,32.0,139,46.19787431199802,0,0,0,upper_bound_reached,
P2,20810000,n16_e1_r975,16,1.0,975.0,1475.0,area_uniform,{},True,True,16,16,1.0,3611.3066681200075,225.70666675750047,2814.3066681200075,610.0,107.0,48.0,32.0,138,55.67760900099529,0,0,0,upper_bound_reached,
P2,20810000,n16_e1.5_r1000,16,1.5,1000.0,1500.0,area_uniform,{},True,True,16,16,1.0,3676.8824829072373,229.80515518170233,2854.8824829072373,630.0,109.0,51.0,32.0,143,55.71987072099,1,0,0,upper_bound_reached,
P2,20810001,n10_e0.5_r975,10,0.5,975.0,1475.0,area_uniform,{},True,True,10,10,1.0,2963.252415856424,296.3252415856424,2184.2524158564247,615.0,114.0,30.0,20.0,133,26.944318775989814,0,0,0,coverage_certificate_and_all_found_cleared,
P2,20810001,n10_e1_r1000,10,1.0,1000.0,1500.0,area_uniform,{},True,True,10,10,1.0,2872.250915727112,287.2250915727112,2088.2509157271115,620.0,114.0,30.0,20.0,134,24.604521194007248,0,0,0,coverage_certificate_and_all_found_cleared,
P2,20810001,n10_e1.5_r1100,10,1.5,1100.0,1600.0,area_uniform,{},True,True,10,10,1.0,3400.4877991013177,340.04877991013177,2567.487799101318,655.0,122.0,36.0,20.0,143,32.256989022993366,2,0,0,coverage_certificate_and_all_found_cleared,
P2,20810001,n13_e0.5_r1000,13,0.5,1000.0,1500.0,area_uniform,{},True,True,13,13,1.0,3469.288099693399,266.8683153610307,2714.2880996933986,590.0,100.0,39.0,26.0,131,32.5107648330013,0,0,0,coverage_certificate_and_all_found_cleared,
P2,20810001,n13_e1_r1100,13,1.0,1100.0,1600.0,area_uniform,{},True,True,13,13,1.0,3475.850226303094,267.3730943310072,2649.8502263030946,640.0,121.0,39.0,26.0,141,34.45927351899445,0,0,0,coverage_certificate_and_all_found_cleared,
P2,20810001,n13_e1.5_r975,13,1.5,975.0,1475.0,area_uniform,{},True,True,13,13,1.0,3198.2228063441207,246.01713894954776,2340.2228063441216,640.0,117.0,75.0,26.0,153,35.38498303799133,12,0,0,coverage_certificate_and_all_found_cleared,
P2,20810001,n16_e0.5_r1100,16,0.5,1100.0,1600.0,area_uniform,{},True,True,16,16,1.0,3436.11975586841,214.7574847417756,2690.11975586841,565.0,101.0,48.0,32.0,129,33.27555266600393,0,0,0,upper_bound_reached,
P2,20810001,n16_e1_r975,16,1.0,975.0,1475.0,area_uniform,{},True,True,16,16,1.0,3513.74045334757,219.60877833422313,2767.740453347572,565.0,101.0,48.0,32.0,129,32.284011486990494,0,0,0,upper_bound_reached,
P2,20810001,n16_e1.5_r1000,16,1.5,1000.0,1500.0,area_uniform,{},True,True,16,16,1.0,3343.9528937238815,208.9970558577426,2544.9528937238815,605.0,111.0,51.0,32.0,138,41.57357987499563,1,0,0,upper_bound_reached,
P2,20810002,n10_e0.5_r975,10,0.5,975.0,1475.0,area_uniform,{},True,True,10,10,1.0,3126.0051666253466,312.6005166625347,2331.005166625346,625.0,120.0,30.0,20.0,135,30.826136296003824,0,0,0,coverage_certificate_and_all_found_cleared,
P2,20810002,n10_e1_r1000,10,1.0,1000.0,1500.0,area_uniform,{},True,True,10,10,1.0,3148.1226457492,314.81226457492,2334.122645749199,645.0,119.0,30.0,20.0,139,32.22902821098978,0,0,0,coverage_certificate_and_all_found_cleared,
P2,20810002,n10_e1.5_r1100,10,1.5,1100.0,1600.0,area_uniform,{},True,True,10,10,1.0,3258.2133623570444,325.82133623570445,2417.2133623570444,660.0,116.0,45.0,20.0,147,33.31178158801049,5,0,0,coverage_certificate_and_all_found_cleared,
P2,20810002,n13_e0.5_r1000,13,0.5,1000.0,1500.0,area_uniform,{},True,True,13,13,1.0,3607.807509566018,277.52365458200137,2784.8075095660183,640.0,118.0,39.0,26.0,141,51.431347288002144,0,0,0,coverage_certificate_and_all_found_cleared,
P2,20810002,n13_e1_r1100,13,1.0,1100.0,1600.0,area_uniform,{},True,True,13,13,1.0,3511.705226449517,270.13117126534746,2703.7052264495164,630.0,113.0,39.0,26.0,139,39.922259579005186,0,0,0,coverage_certificate_and_all_found_cleared,
P2,20810002,n13_e1.5_r975,13,1.5,975.0,1475.0,area_uniform,{},True,True,13,13,1.0,3614.4673693939203,278.03595149184,2781.4673693939208,655.0,113.0,39.0,26.0,144,53.34465716399427,0,0,0,coverage_certificate_and_all_found_cleared,
P2,20810002,n16_e0.5_r1100,16,0.5,1100.0,1600.0,area_uniform,{},True,True,16,16,1.0,3777.0658654545805,236.06661659091128,3036.06586545458,560.0,101.0,48.0,32.0,128,40.327191710006446,0,0,0,upper_bound_reached,
P2,20810002,n16_e1_r975,16,1.0,975.0,1475.0,area_uniform,{},True,True,16,16,1.0,4110.740793769558,256.9212996105974,3293.7407937695584,625.0,112.0,48.0,32.0,141,35.29289313699701,0,0,0,upper_bound_reached,
P2,20810002,n16_e1.5_r1000,16,1.5,1000.0,1500.0,area_uniform,{},True,True,16,16,1.0,4604.426601440402,287.7766625900251,3678.426601440401,695.0,118.0,81.0,32.0,166,46.040983907005284,11,0,0,upper_bound_reached,
P2,20810003,n10_e0.5_r975,10,0.5,975.0,1475.0,area_uniform,{},True,True,10,10,1.0,3387.7753536178575,338.77753536178574,2603.775353617856,625.0,109.0,30.0,20.0,135,23.831458426007885,0,0,0,coverage_certificate_and_all_found_cleared,
P2,20810003,n10_e1_r1000,10,1.0,1000.0,1500.0,area_uniform,{},True,True,10,10,1.0,3464.5052114606774,346.45052114606773,2655.505211460677,645.0,114.0,30.0,20.0,139,25.47383065399481,0,0,0,coverage_certificate_and_all_found_cleared,
P2,20810003,n10_e1.5_r1100,10,1.5,1100.0,1600.0,area_uniform,{},True,True,10,10,1.0,3630.7977810943853,363.0797781094385,2737.7977810943844,690.0,123.0,60.0,20.0,158,34.6403899959987,10,0,0,coverage_certificate_and_all_found_cleared,
P2,20810003,n13_e0.5_r1000,13,0.5,1000.0,1500.0,area_uniform,{},True,True,13,13,1.0,3961.5131456238523,304.731780432604,3114.5131456238514,665.0,117.0,39.0,26.0,146,32.00710815899947,0,0,0,coverage_certificate_and_all_found_cleared,
P2,20810003,n13_e1_r1100,13,1.0,1100.0,1600.0,area_uniform,{},True,True,13,13,1.0,3254.1058583302024,250.3158352561694,2434.1058583302024,640.0,115.0,39.0,26.0,141,32.04848184699949,0,0,0,coverage_certificate_and_all_found_cleared,
P2,20810003,n13_e1.5_r975,13,1.5,975.0,1475.0,area_uniform,{},True,True,13,13,1.0,3517.0936083021165,270.5456621770859,2619.093608302118,685.0,121.0,66.0,26.0,159,39.29910464599379,9,0,0,coverage_certificate_and_all_found_cleared,
P2,20810003,n16_e0.5_r1100,16,0.5,1100.0,1600.0,area_uniform,{},True,True,16,16,1.0,4007.471061993035,250.4669413745647,3185.471061993036,635.0,107.0,48.0,32.0,143,40.91865942000004,0,0,0,upper_bound_reached,
P2,20810003,n16_e1_r975,16,1.0,975.0,1475.0,area_uniform,{},True,True,16,16,1.0,4096.48670486789,256.0304190542431,3222.4867048678907,675.0,119.0,48.0,32.0,151,46.28061042500485,0,0,0,upper_bound_reached,
P2,20810003,n16_e1.5_r1000,16,1.5,1000.0,1500.0,area_uniform,{},True,True,16,16,1.0,4533.038177154168,283.3148860721355,3576.0381771541674,665.0,110.0,150.0,32.0,183,54.598668530001305,34,0,0,upper_bound_reached,
P2,20810004,n10_e0.5_r975,10,0.5,975.0,1475.0,area_uniform,{},True,True,10,10,1.0,3261.1877758759338,326.1187775875934,2418.1877758759333,670.0,123.0,30.0,20.0,144,27.022096142012742,0,0,0,coverage_certificate_and_all_found_cleared,
P2,20810004,n10_e1_r1000,10,1.0,1000.0,1500.0,area_uniform,{},True,True,10,10,1.0,3276.1349510242185,327.61349510242184,2423.134951024218,675.0,128.0,30.0,20.0,145,26.67804505598906,0,0,0,coverage_certificate_and_all_found_cleared,
P2,20810004,n10_e1.5_r1100,10,1.5,1100.0,1600.0,area_uniform,{},True,True,10,10,1.0,3302.434397240767,330.24343972407667,2448.434397240765,665.0,121.0,48.0,20.0,149,29.67182511500141,6,0,0,coverage_certificate_and_all_found_cleared,
P2,20810004,n13_e0.5_r1000,13,0.5,1000.0,1500.0,area_uniform,{},True,True,13,13,1.0,3446.996330614963,265.1535638934587,2626.996330614963,640.0,115.0,39.0,26.0,141,31.39374020899413,0,0,0,coverage_certificate_and_all_found_cleared,
P2,20810004,n13_e1_r1100,13,1.0,1100.0,1600.0,area_uniform,{},True,True,13,13,1.0,3443.9623730613202,264.9201825431785,2641.9623730613193,625.0,112.0,39.0,26.0,138,29.460864859996946,0,0,0,coverage_certificate_and_all_found_cleared,
P2,20810004,n13_e1.5_r975,13,1.5,975.0,1475.0,area_uniform,{},True,True,13,13,1.0,4008.0328578747176,308.31021983651675,3157.032857874717,670.0,116.0,39.0,26.0,147,32.87055729799613,0,0,0,coverage_certificate_and_all_found_cleared,
P2,20810004,n16_e0.5_r1100,16,0.5,1100.0,1600.0,area_uniform,{},True,True,16,16,1.0,3359.177242435997,209.9485776522498,2598.1772424359965,585.0,96.0,48.0,32.0,133,35.04206840999541,0,0,0,upper_bound_reached,
P2,20810004,n16_e1_r975,16,1.0,975.0,1475.0,area_uniform,{},True,True,16,16,1.0,3535.7290996263455,220.9830687266466,2712.729099626346,640.0,103.0,48.0,32.0,144,35.72245995099365,0,0,0,upper_bound_reached,
P2,20810004,n16_e1.5_r1000,16,1.5,1000.0,1500.0,area_uniform,{},True,True,16,16,1.0,3657.2442303407743,228.5777643962984,2788.2442303407743,650.0,112.0,75.0,32.0,155,39.933940497998265,9,0,0,upper_bound_reached,
P2,20810005,n10_e0.5_r975,10,0.5,975.0,1475.0,area_uniform,{},True,True,10,10,1.0,3699.2845643618843,369.9284564361884,2857.284564361885,670.0,122.0,30.0,20.0,144,25.90366405599343,0,0,0,coverage_certificate_and_all_found_cleared,
P2,20810005,n10_e1_r1000,10,1.0,1000.0,1500.0,area_uniform,{},True,True,10,10,1.0,3695.6701804213185,369.56701804213185,2780.670180421318,730.0,135.0,30.0,20.0,156,30.960289679002017,0,0,0,coverage_certificate_and_all_found_cleared,
P2,20810005,n10_e1.5_r1100,10,1.5,1100.0,1600.0,area_uniform,{},True,True,10,10,1.0,3775.3086113583713,377.53086113583714,2827.3086113583704,755.0,137.0,36.0,20.0,163,33.614125136999064,2,0,0,coverage_certificate_and_all_found_cleared,
P2,20810005,n13_e0.5_r1000,13,0.5,1000.0,1500.0,area_uniform,{},True,True,13,13,1.0,3746.7555523689816,288.21196556684475,2927.7555523689816,635.0,119.0,39.0,26.0,140,33.520203781998134,0,0,0,coverage_certificate_and_all_found_cleared,
P2,20810005,n13_e1_r1100,13,1.0,1100.0,1600.0,area_uniform,{},True,True,13,13,1.0,3853.904408184618,296.45418524497063,2978.9044081846178,685.0,125.0,39.0,26.0,150,33.53036001500732,0,0,0,coverage_certificate_and_all_found_cleared,
P2,20810005,n13_e1.5_r975,13,1.5,975.0,1475.0,area_uniform,{},True,True,13,13,1.0,4163.843687177994,320.29566824446107,3255.8436871779936,720.0,123.0,39.0,26.0,157,36.76325162500143,0,0,0,coverage_certificate_and_all_found_cleared,
P2,20810005,n16_e0.5_r1100,16,0.5,1100.0,1600.0,area_uniform,{},True,True,16,16,1.0,4113.969487901467,257.1230929938417,3284.969487901466,635.0,114.0,48.0,32.0,143,63.25789405401156,0,0,0,upper_bound_reached,
P2,20810005,n16_e1_r975,16,1.0,975.0,1475.0,area_uniform,{},True,True,16,16,1.0,4343.390341039489,271.46189631496804,3503.3903410394896,645.0,115.0,48.0,32.0,145,40.80590745000518,0,0,0,upper_bound_reached,
P2,20810005,n16_e1.5_r1000,16,1.5,1000.0,1500.0,area_uniform,{},True,True,16,16,1.0,4390.576592857366,274.4110370535854,3537.576592857369,655.0,112.0,54.0,32.0,149,49.778842738000094,2,0,0,upper_bound_reached,
P2,20810006,n10_e0.5_r975,10,0.5,975.0,1475.0,area_uniform,{},True,True,10,10,1.0,3506.2666878318646,350.62666878318646,2682.2666878318646,650.0,124.0,30.0,20.0,140,22.390509092001594,0,0,0,coverage_certificate_and_all_found_cleared,
P2,20810006,n10_e1_r1000,10,1.0,1000.0,1500.0,area_uniform,{},True,True,10,10,1.0,3541.382736521913,354.1382736521913,2691.3827365219126,675.0,125.0,30.0,20.0,145,27.473433352992288,0,0,0,coverage_certificate_and_all_found_cleared,
P2,20810006,n10_e1.5_r1100,10,1.5,1100.0,1600.0,area_uniform,{},True,True,10,10,1.0,3426.9483469326456,342.69483469326457,2514.9483469326465,720.0,130.0,42.0,20.0,158,33.7641575680027,4,0,0,coverage_certificate_and_all_found_cleared,
P2,20810006,n13_e0.5_r1000,13,0.5,1000.0,1500.0,area_uniform,{},True,True,13,13,1.0,3773.1179988266017,290.23984606358476,3001.1179988266017,600.0,107.0,39.0,26.0,133,29.60976289100654,0,0,0,coverage_certificate_and_all_found_cleared,
P2,20810006,n13_e1_r1100,13,1.0,1100.0,1600.0,area_uniform,{},True,True,13,13,1.0,3597.6557257895242,276.7427481376557,2771.6557257895247,625.0,109.0,66.0,26.0,147,29.885976581994328,9,0,0,coverage_certificate_and_all_found_cleared,
P2,20810006,n13_e1.5_r975,13,1.5,975.0,1475.0,area_uniform,{},True,True,13,13,1.0,3798.886974287206,292.2220749451697,2942.886974287207,675.0,116.0,39.0,26.0,148,33.009291024995036,0,0,0,coverage_certificate_and_all_found_cleared,
P2,20810006,n16_e0.5_r1100,16,0.5,1100.0,1600.0,area_uniform,{},True,True,16,16,1.0,3844.7856604785184,240.2991037799074,3063.7856604785184,600.0,101.0,48.0,32.0,136,35.41388960200129,0,0,0,upper_bound_reached,
P2,20810006,n16_e1_r975,16,1.0,975.0,1475.0,area_uniform,{},True,True,16,16,1.0,3419.8783366423518,213.74239604014699,2643.878336642352,595.0,101.0,48.0,32.0,135,35.26393449000898,0,0,0,upper_bound_reached,
P2,20810006,n16_e1.5_r1000,16,1.5,1000.0,1500.0,area_uniform,{},True,True,16,16,1.0,4305.084867645118,269.06780422781986,3439.084867645118,635.0,112.0,87.0,32.0,156,38.3509752349928,13,0,0,upper_bound_reached,
P2,20810007,n10_e0.5_r975,10,0.5,975.0,1475.0,area_uniform,{},True,True,10,10,1.0,3027.788566803125,302.7788566803125,2235.788566803125,630.0,112.0,30.0,20.0,136,32.513185058996896,0,0,0,coverage_certificate_and_all_found_cleared,
P2,20810007,n10_e1_r1000,10,1.0,1000.0,1500.0,area_uniform,{},True,True,10,10,1.0,3077.4933457911325,307.7493345791132,2269.4933457911316,640.0,118.0,30.0,20.0,138,31.781987929003662,0,0,0,coverage_certificate_and_all_found_cleared,
P2,20810007,n10_e1.5_r1100,10,1.5,1100.0,1600.0,area_uniform,{},True,True,10,10,1.0,3273.958868369332,327.3958868369332,2437.9588683693314,670.0,116.0,30.0,20.0,144,32.39550852999673,0,0,0,coverage_certificate_and_all_found_cleared,
P2,20810007,n13_e0.5_r1000,13,0.5,1000.0,1500.0,area_uniform,{},True,True,13,13,1.0,3830.5123617068634,294.6547970543741,3030.5123617068634,625.0,110.0,39.0,26.0,138,39.884962672993424,0,0,0,coverage_certificate_and_all_found_cleared,
P2,20810007,n13_e1_r1100,13,1.0,1100.0,1600.0,area_uniform,{},True,True,13,13,1.0,3634.0718697066395,279.5439899774338,2857.0718697066395,600.0,112.0,39.0,26.0,133,48.68086363200564,0,0,0,coverage_certificate_and_all_found_cleared,
P2,20810007,n13_e1.5_r975,13,1.5,975.0,1475.0,area_uniform,{},True,True,13,13,1.0,3900.8992296487068,300.069171511439,3078.8992296487068,640.0,117.0,39.0,26.0,141,36.431952541999635,0,0,0,coverage_certificate_and_all_found_cleared,
P2,20810007,n16_e0.5_r1100,16,0.5,1100.0,1600.0,area_uniform,{},True,True,16,16,1.0,3900.385404834648,243.7740878021655,3102.3854048346484,615.0,103.0,48.0,32.0,139,43.93840967300639,0,0,0,upper_bound_reached,
P2,20810007,n16_e1_r975,16,1.0,975.0,1475.0,area_uniform,{},True,True,16,16,1.0,4044.5892215919016,252.78682634949385,3243.5892215919025,610.0,111.0,48.0,32.0,138,39.78560596899479,0,0,0,upper_bound_reached,
P2,20810007,n16_e1.5_r1000,16,1.5,1000.0,1500.0,area_uniform,{},True,True,16,16,1.0,4190.967699793526,261.93548123709536,3351.9676997935267,645.0,114.0,48.0,32.0,145,42.740616734998184,0,0,0,upper_bound_reached,
P2,20810008,n10_e0.5_r975,10,0.5,975.0,1475.0,area_uniform,{},True,True,10,10,1.0,3182.3907968533736,318.23907968533734,2371.3907968533736,645.0,116.0,30.0,20.0,139,27.43978760999744,0,0,0,coverage_certificate_and_all_found_cleared,
P2,20810008,n10_e1_r1000,10,1.0,1000.0,1500.0,area_uniform,{},True,True,10,10,1.0,3275.27448013659,327.52744801365895,2454.2744801365907,650.0,121.0,30.0,20.0,140,25.690900633009733,0,0,0,coverage_certificate_and_all_found_cleared,
P2,20810008,n10_e1.5_r1100,10,1.5,1100.0,1600.0,area_uniform,{},True,True,10,10,1.0,3290.8218491905996,329.08218491905996,2415.8218491905996,685.0,125.0,45.0,20.0,152,32.860951237002155,5,0,0,coverage_certificate_and_all_found_cleared,
P2,20810008,n13_e0.5_r1000,13,0.5,1000.0,1500.0,area_uniform,{},True,True,13,13,1.0,3259.963600778777,250.7664308291367,2454.9636007787767,630.0,110.0,39.0,26.0,139,36.41905347700231,0,0,0,coverage_certificate_and_all_found_cleared,
P2,20810008,n13_e1_r1100,13,1.0,1100.0,1600.0,area_uniform,{},True,True,13,13,1.0,3244.172492242623,249.55173017250945,2448.1724922426233,615.0,113.0,42.0,26.0,137,34.64668012299808,1,0,0,coverage_certificate_and_all_found_cleared,
P2,20810008,n13_e1.5_r975,13,1.5,975.0,1475.0,area_uniform,{},True,True,13,13,1.0,3254.9353225872496,250.3796401990192,2415.9353225872496,625.0,116.0,72.0,26.0,149,33.27366131900635,11,0,0,coverage_certificate_and_all_found_cleared,
P2,20810008,n16_e0.5_r1100,16,0.5,1100.0,1600.0,area_uniform,{},True,True,16,16,1.0,3254.698612955823,203.41866330973895,2484.698612955822,595.0,95.0,48.0,32.0,135,55.237921542007825,0,0,0,upper_bound_reached,
P2,20810008,n16_e1_r975,16,1.0,975.0,1475.0,area_uniform,{},True,True,16,16,1.0,3390.701631434496,211.918851964656,2639.701631434497,565.0,106.0,48.0,32.0,129,45.1700021430006,0,0,0,upper_bound_reached,
P2,20810008,n16_e1.5_r1000,16,1.5,1000.0,1500.0,area_uniform,{},True,True,16,16,1.0,3433.9298654711397,214.62061659194623,2649.9298654711392,590.0,108.0,54.0,32.0,136,45.20661165199999,2,0,0,upper_bound_reached,
P2,20810009,n10_e0.5_r975,10,0.5,975.0,1475.0,area_uniform,{},True,True,10,10,1.0,3392.244735986108,339.2244735986108,2558.244735986108,665.0,119.0,30.0,20.0,143,26.552977706989623,0,0,0,coverage_certificate_and_all_found_cleared,
P2,20810009,n10_e1_r1000,10,1.0,1000.0,1500.0,area_uniform,{},True,True,10,10,1.0,3477.4790173052684,347.74790173052685,2638.4790173052693,665.0,124.0,30.0,20.0,143,28.573410476004938,0,0,0,coverage_certificate_and_all_found_cleared,
P2,20810009,n10_e1.5_r1100,10,1.5,1100.0,1600.0,area_uniform,{},True,True,10,10,1.0,3556.152401736422,355.6152401736422,2668.1524017364222,690.0,127.0,51.0,20.0,155,33.45641159500519,7,0,0,coverage_certificate_and_all_found_cleared,
P2,20810009,n13_e0.5_r1000,13,0.5,1000.0,1500.0,area_uniform,{},True,True,13,13,1.0,3584.0983932401646,275.6998764030896,2771.098393240164,635.0,113.0,39.0,26.0,140,32.65700399799971,0,0,0,coverage_certificate_and_all_found_cleared,
P2,20810009,n13_e1_r1100,13,1.0,1100.0,1600.0,area_uniform,{},True,True,13,13,1.0,3458.765492224165,266.0588840172435,2638.765492224165,640.0,115.0,39.0,26.0,141,33.94128543000261,0,0,0,coverage_certificate_and_all_found_cleared,
P2,20810009,n13_e1.5_r975,13,1.5,975.0,1475.0,area_uniform,{},True,True,13,13,1.0,3925.6109668265744,301.97007437127496,2982.6109668265744,755.0,114.0,48.0,26.0,167,35.9553455330024,3,0,0,coverage_certificate_and_all_found_cleared,
P2,20810009,n16_e0.5_r1100,16,0.5,1100.0,1600.0,area_uniform,{},True,True,16,16,1.0,3808.9019006365947,238.05636878978717,3003.9019006365947,625.0,100.0,48.0,32.0,141,50.003651098988485,0,0,0,upper_bound_reached,
P2,20810009,n16_e1_r975,16,1.0,975.0,1475.0,area_uniform,{},True,True,16,16,1.0,4046.1209661364533,252.88256038352833,3192.1209661364537,660.0,114.0,48.0,32.0,148,41.134967031001,0,0,0,upper_bound_reached,
P2,20810009,n16_e1.5_r1000,16,1.5,1000.0,1500.0,area_uniform,{},True,True,16,16,1.0,4050.958250018679,253.18489062616743,3154.9582500186784,675.0,117.0,72.0,32.0,159,45.86076541901275,8,0,0,upper_bound_reached,
P2,20810010,n10_e0.5_r975,10,0.5,975.0,1475.0,area_uniform,{},True,True,10,10,1.0,2924.785512904397,292.47855129043967,2158.785512904396,600.0,116.0,30.0,20.0,130,24.493142624996835,0,0,0,coverage_certificate_and_all_found_cleared,
P2,20810010,n10_e1_r1000,10,1.0,1000.0,1500.0,area_uniform,{},True,True,10,10,1.0,3120.5522397573777,312.05522397573776,2346.5522397573777,605.0,113.0,36.0,20.0,133,27.657705096004065,2,0,0,coverage_certificate_and_all_found_cleared,
P2,20810010,n10_e1.5_r1100,10,1.5,1100.0,1600.0,area_uniform,{},True,True,10,10,1.0,3070.9285226443603,307.09285226443603,2234.9285226443603,670.0,116.0,30.0,20.0,144,33.0925838539988,0,0,0,coverage_certificate_and_all_found_cleared,
P2,20810010,n13_e0.5_r1000,13,0.5,1000.0,1500.0,area_uniform,{},True,True,13,13,1.0,3054.1139873425022,234.93184518019248,2308.113987342502,575.0,106.0,39.0,26.0,128,29.444009861006634,0,0,0,coverage_certificate_and_all_found_cleared,
P2,20810010,n13_e1_r1100,13,1.0,1100.0,1600.0,area_uniform,{},True,True,13,13,1.0,3112.361589563257,239.41242996640437,2332.3615895632565,605.0,107.0,42.0,26.0,135,35.88977979499032,1,0,0,coverage_certificate_and_all_found_cleared,
P2,20810010,n13_e1.5_r975,13,1.5,975.0,1475.0,area_uniform,{},True,True,13,13,1.0,3178.737139343984,244.51824148799875,2362.7371393439835,625.0,111.0,54.0,26.0,143,31.48509267201007,5,0,0,coverage_certificate_and_all_found_cleared,
P2,20810010,n16_e0.5_r1100,16,0.5,1100.0,1600.0,area_uniform,{},True,True,16,16,1.0,3639.3465370175945,227.45915856359966,2938.3465370175945,535.0,83.0,51.0,32.0,124,40.30176294100238,1,0,0,upper_bound_reached,
P2,20810010,n16_e1_r975,16,1.0,975.0,1475.0,area_uniform,{},True,True,16,16,1.0,3462.72032015123,216.4200200094519,2699.72032015123,575.0,105.0,51.0,32.0,132,33.675346097006695,1,0,0,upper_bound_reached,
P2,20810010,n16_e1.5_r1000,16,1.5,1000.0,1500.0,area_uniform,{},True,True,16,16,1.0,3615.677604109551,225.97985025684693,2799.6776041095495,615.0,106.0,63.0,32.0,144,40.13398995400348,5,0,0,upper_bound_reached,
P2,20810011,n10_e0.5_r975,10,0.5,975.0,1475.0,area_uniform,{},True,True,10,10,1.0,3372.718965762992,337.2718965762992,2564.7189657629915,645.0,113.0,30.0,20.0,139,27.885067429000628,0,0,0,coverage_certificate_and_all_found_cleared,
P2,20810011,n10_e1_r1000,10,1.0,1000.0,1500.0,area_uniform,{},True,True,10,10,1.0,3458.7889070955457,345.8788907095546,2621.7889070955457,665.0,122.0,30.0,20.0,143,32.431926766003016,0,0,0,coverage_certificate_and_all_found_cleared,
P2,20810011,n10_e1.5_r1100,10,1.5,1100.0,1600.0,area_uniform,{},True,True,10,10,1.0,3490.555853634518,349.05558536345177,2663.5558536345184,660.0,117.0,30.0,20.0,142,28.863361469004303,0,0,0,coverage_certificate_and_all_found_cleared,
P2,20810011,n13_e0.5_r1000,13,0.5,1000.0,1500.0,area_uniform,{},True,True,13,13,1.0,3458.5313552617886,266.04087348167604,2700.5313552617895,590.0,103.0,39.0,26.0,131,29.87677812000038,0,0,0,coverage_certificate_and_all_found_cleared,
P2,20810011,n13_e1_r1100,13,1.0,1100.0,1600.0,area_uniform,{},True,True,13,13,1.0,3634.8442356399696,279.6034027415361,2860.8442356399696,595.0,111.0,42.0,26.0,133,34.20339621599123,1,0,0,coverage_certificate_and_all_found_cleared,
P2,20810011,n13_e1.5_r975,13,1.5,975.0,1475.0,area_uniform,{},True,True,13,13,1.0,3782.3215727983006,290.947813292177,2921.321572798301,655.0,120.0,60.0,26.0,151,45.438686833003885,7,0,0,coverage_certificate_and_all_found_cleared,
P2,20810011,n16_e0.5_r1100,16,0.5,1100.0,1600.0,area_uniform,{},True,True,16,16,1.0,3553.6991884395948,222.10619927747467,2752.6991884395948,615.0,103.0,51.0,32.0,140,40.913335892997566,1,0,0,upper_bound_reached,
P2,20810011,n16_e1_r975,16,1.0,975.0,1475.0,area_uniform,{},True,True,16,16,1.0,3556.5667737282934,222.28542335801833,2785.566773728294,585.0,106.0,48.0,32.0,133,38.94217539600504,0,0,0,upper_bound_reached,
P2,20810011,n16_e1.5_r1000,16,1.5,1000.0,1500.0,area_uniform,{},True,True,16,16,1.0,3809.930307284092,238.12064420525576,2996.930307284093,620.0,110.0,51.0,32.0,141,38.33650008100085,1,0,0,upper_bound_reached,
P3,20820000,area_uniform_n10,10,1.0,1000.0,1500.0,area_uniform,{},True,True,10,10,1.0,3540.811329398775,354.0811329398775,2672.8113293987744,690.0,128.0,30.0,20.0,148,31.449020421001478,0,0,0,coverage_certificate_and_all_found_cleared,
P3,20820000,area_uniform_n13,13,1.0,1000.0,1500.0,area_uniform,{},True,True,13,13,1.0,3661.5982720529782,281.6614055425368,2779.5982720529782,690.0,127.0,39.0,26.0,151,35.067092864992446,0,0,0,coverage_certificate_and_all_found_cleared,
P3,20820000,area_uniform_n16,16,1.0,1000.0,1500.0,area_uniform,{},True,True,16,16,1.0,4065.308232583267,254.0817645364542,3176.308232583268,685.0,124.0,48.0,32.0,153,42.47179476000019,0,0,0,upper_bound_reached,
P3,20820000,boundary_heavy_n10,10,1.0,1000.0,1500.0,boundary_heavy,{},True,True,10,10,1.0,3547.21190955027,354.721190955027,2719.2119095502694,655.0,123.0,30.0,20.0,141,26.258832420004182,0,0,0,coverage_certificate_and_all_found_cleared,
P3,20820000,boundary_heavy_n13,13,1.0,1000.0,1500.0,boundary_heavy,{},True,True,13,13,1.0,3716.7841191167604,285.90647070128927,2849.7841191167604,675.0,127.0,39.0,26.0,148,33.81608808900637,0,0,0,coverage_certificate_and_all_found_cleared,
P3,20820000,boundary_heavy_n16,16,1.0,1000.0,1500.0,boundary_heavy,{},True,True,16,16,1.0,3716.6136390828656,232.2883524426791,2869.613639082866,645.0,122.0,48.0,32.0,145,38.44900427899847,0,0,0,upper_bound_reached,
P3,20820000,clustered_n10,10,1.0,1000.0,1500.0,clustered,{},True,True,10,10,1.0,2647.925363356744,264.7925363356744,1916.9253633567434,575.0,106.0,30.0,20.0,125,35.88604793100967,0,0,0,coverage_certificate_and_all_found_cleared,
P3,20820000,clustered_n13,13,1.0,1000.0,1500.0,clustered,{},True,True,13,13,1.0,3117.370580191566,239.79773693781277,2417.3705801915658,540.0,95.0,39.0,26.0,121,39.952023324993206,0,0,0,coverage_certificate_and_all_found_cleared,
P3,20820000,clustered_n16,16,1.0,1000.0,1500.0,clustered,{},True,True,16,16,1.0,3245.9420485101564,202.87137803188477,2543.9420485101564,535.0,87.0,48.0,32.0,123,52.74755097999878,0,0,0,upper_bound_reached,
P3,20820000,near_pairs_n10,10,1.0,1000.0,1500.0,near_pairs,{},True,True,10,10,1.0,2672.4639560847972,267.2463956084797,1876.4639560847977,630.0,116.0,30.0,20.0,136,28.261042565995012,0,0,0,coverage_certificate_and_all_found_cleared,
P3,20820000,near_pairs_n13,13,1.0,1000.0,1500.0,near_pairs,{},True,True,13,13,1.0,3296.2173549394306,253.55518114918698,2537.21735493943,590.0,104.0,39.0,26.0,131,31.063108018992352,0,0,0,coverage_certificate_and_all_found_cleared,
P3,20820000,near_pairs_n16,16,1.0,1000.0,1500.0,near_pairs,{},True,True,16,16,1.0,3284.5333244804456,205.28333278002785,2530.533324480445,570.0,104.0,48.0,32.0,130,40.05109696899308,0,0,0,upper_bound_reached,
P3,20820000,large_angular_gap_n10,10,1.0,1000.0,1500.0,large_angular_gap,{},True,True,10,10,1.0,3487.351980899305,348.7351980899305,2611.3519808993055,700.0,126.0,30.0,20.0,150,27.03945604999899,0,0,0,coverage_certificate_and_all_found_cleared,
P3,20820000,large_angular_gap_n13,13,1.0,1000.0,1500.0,large_angular_gap,{},True,True,13,13,1.0,3667.2345857306505,282.09496813312694,2812.234585730649,665.0,122.0,42.0,26.0,147,36.51832047000062,1,0,0,coverage_certificate_and_all_found_cleared,
P3,20820000,large_angular_gap_n16,16,1.0,1000.0,1500.0,large_angular_gap,{},True,True,16,16,1.0,4049.5882585277936,253.0992661579871,3155.588258527794,690.0,121.0,51.0,32.0,155,44.70984867599327,1,0,0,upper_bound_reached,
P3,20820001,area_uniform_n10,10,1.0,1000.0,1500.0,area_uniform,{},True,True,10,10,1.0,2795.536012691705,279.5536012691705,2008.5360126917053,620.0,117.0,30.0,20.0,134,28.08223629600252,0,0,0,coverage_certificate_and_all_found_cleared,
P3,20820001,area_uniform_n13,13,1.0,1000.0,1500.0,area_uniform,{},True,True,13,13,1.0,3243.269550416193,249.48227310893793,2420.2695504161925,630.0,119.0,48.0,26.0,142,33.680511115002446,3,0,0,coverage_certificate_and_all_found_cleared,
P3,20820001,area_uniform_n16,16,1.0,1000.0,1500.0,area_uniform,{},True,True,16,16,1.0,3377.788542153184,211.111783884574,2570.788542153185,615.0,112.0,48.0,32.0,139,39.05208476699772,0,0,0,upper_bound_reached,
P3,20820001,boundary_heavy_n10,10,1.0,1000.0,1500.0,boundary_heavy,{},True,True,10,10,1.0,3474.8909803659117,347.48909803659114,2590.890980365911,705.0,129.0,30.0,20.0,151,31.18631196100614,0,0,0,coverage_certificate_and_all_found_cleared,
P3,20820001,boundary_heavy_n13,13,1.0,1000.0,1500.0,boundary_heavy,{},True,True,13,13,1.0,3709.702589989337,285.36173769148746,2769.702589989336,740.0,135.0,39.0,26.0,161,32.94930780600407,0,0,0,coverage_certificate_and_all_found_cleared,
P3,20820001,boundary_heavy_n16,16,1.0,1000.0,1500.0,boundary_heavy,{},True,True,16,16,1.0,3870.0870395434576,241.8804399714661,2934.0870395434576,725.0,131.0,48.0,32.0,161,42.50106559800042,0,0,0,upper_bound_reached,
P3,20820001,clustered_n10,10,1.0,1000.0,1500.0,clustered,{},True,True,10,10,1.0,2769.822608482525,276.9822608482525,1993.822608482524,610.0,113.0,33.0,20.0,133,31.85047221100831,1,0,0,coverage_certificate_and_all_found_cleared,
P3,20820001,clustered_n13,13,1.0,1000.0,1500.0,clustered,{},True,True,13,13,1.0,2599.1218321990873,199.932448630699,1883.1218321990889,550.0,101.0,39.0,26.0,123,33.40787217000616,0,0,0,coverage_certificate_and_all_found_cleared,
P3,20820001,clustered_n16,16,1.0,1000.0,1500.0,clustered,{},True,True,16,16,1.0,3071.807822834949,191.98798892718432,2351.80782283495,540.0,97.0,51.0,32.0,125,40.47919754999748,1,0,0,upper_bound_reached,
P3,20820001,near_pairs_n10,10,1.0,1000.0,1500.0,near_pairs,{},True,True,10,10,1.0,2902.947214228942,290.2947214228942,2095.947214228942,640.0,117.0,30.0,20.0,138,33.40069456100173,0,0,0,coverage_certificate_and_all_found_cleared,
P3,20820001,near_pairs_n13,13,1.0,1000.0,1500.0,near_pairs,{},True,True,13,13,1.0,3123.046443295864,240.23434179198952,2266.0464432958643,670.0,122.0,39.0,26.0,147,43.40556942600233,0,0,0,coverage_certificate_and_all_found_cleared,
P3,20820001,near_pairs_n16,16,1.0,1000.0,1500.0,near_pairs,{},True,True,16,16,1.0,3644.042716754215,227.75266979713842,2812.042716754215,635.0,117.0,48.0,32.0,143,33.72550348199729,0,0,0,upper_bound_reached,
P3,20820001,large_angular_gap_n10,10,1.0,1000.0,1500.0,large_angular_gap,{},True,True,10,10,1.0,2797.2847250321915,279.72847250321917,1967.284725032192,655.0,125.0,30.0,20.0,141,29.609980570996413,0,0,0,coverage_certificate_and_all_found_cleared,
P3,20820001,large_angular_gap_n13,13,1.0,1000.0,1500.0,large_angular_gap,{},True,True,13,13,1.0,3161.169601667523,243.1668924359633,2362.169601667524,615.0,116.0,42.0,26.0,137,33.23397466899769,1,0,0,coverage_certificate_and_all_found_cleared,
P3,20820001,large_angular_gap_n16,16,1.0,1000.0,1500.0,large_angular_gap,{},True,True,16,16,1.0,3431.60112693222,214.47507043326374,2670.60112693222,575.0,106.0,48.0,32.0,131,30.64167118500336,0,0,0,upper_bound_reached,
P3,20820002,area_uniform_n10,10,1.0,1000.0,1500.0,area_uniform,{},True,True,10,10,1.0,3561.304177877988,356.1304177877988,2722.304177877989,670.0,119.0,30.0,20.0,144,28.477967666985933,0,0,0,coverage_certificate_and_all_found_cleared,
P3,20820002,area_uniform_n13,13,1.0,1000.0,1500.0,area_uniform,{},True,True,13,13,1.0,3997.513131606815,307.50101012360113,3130.5131316068155,685.0,117.0,39.0,26.0,150,33.33168153700535,0,0,0,coverage_certificate_and_all_found_cleared,
P3,20820002,area_uniform_n16,16,1.0,1000.0,1500.0,area_uniform,{},True,True,16,16,1.0,4042.2727216115004,252.64204510071878,3172.2727216115013,670.0,120.0,48.0,32.0,150,45.3838957100088,0,0,0,upper_bound_reached,
P3,20820002,boundary_heavy_n10,10,1.0,1000.0,1500.0,boundary_heavy,{},True,True,10,10,1.0,3839.2606807628918,383.9260680762892,2919.2606807628918,735.0,135.0,30.0,20.0,157,29.014574654996977,0,0,0,coverage_certificate_and_all_found_cleared,
P3,20820002,boundary_heavy_n13,13,1.0,1000.0,1500.0,boundary_heavy,{},True,True,13,13,1.0,4001.84036299225,307.83387407632694,3052.8403629922495,745.0,139.0,39.0,26.0,162,35.06652533200395,0,0,0,coverage_certificate_and_all_found_cleared,
P3,20820002,boundary_heavy_n16,16,1.0,1000.0,1500.0,boundary_heavy,{},True,True,16,16,1.0,4061.1472411564555,253.82170257227847,3102.147241156455,740.0,139.0,48.0,32.0,164,54.42925312300213,0,0,0,upper_bound_reached,
P3,20820002,clustered_n10,10,1.0,1000.0,1500.0,clustered,{},True,True,10,10,1.0,2992.3838240656787,299.2383824065679,2231.3838240656787,600.0,111.0,30.0,20.0,130,29.593473038999946,0,0,0,coverage_certificate_and_all_found_cleared,
P3,20820002,clustered_n13,13,1.0,1000.0,1500.0,clustered,{},True,True,13,13,1.0,3039.9749479880593,233.84422676831224,2260.97494798806,605.0,109.0,39.0,26.0,134,67.49175666699011,0,0,0,coverage_certificate_and_all_found_cleared,
P3,20820002,clustered_n16,16,1.0,1000.0,1500.0,clustered,{},True,True,16,16,1.0,2119.726036603401,132.48287728771257,1474.726036603401,475.0,90.0,48.0,32.0,111,44.00427828099055,0,0,0,upper_bound_reached,
P3,20820002,near_pairs_n10,10,1.0,1000.0,1500.0,near_pairs,{},True,True,10,10,1.0,2522.129022765585,252.2129022765585,1713.129022765585,635.0,124.0,30.0,20.0,137,25.319958406995283,0,0,0,coverage_certificate_and_all_found_cleared,
P3,20820002,near_pairs_n13,13,1.0,1000.0,1500.0,near_pairs,{},True,True,13,13,1.0,2735.2826921704454,210.40636093618812,1931.2826921704448,620.0,119.0,39.0,26.0,137,29.990001954996842,0,0,0,coverage_certificate_and_all_found_cleared,
P3,20820002,near_pairs_n16,16,1.0,1000.0,1500.0,near_pairs,{},True,True,16,16,1.0,2979.4443624204737,186.2152726512796,2101.444362420475,670.0,128.0,48.0,32.0,150,35.056316295987926,0,0,0,upper_bound_reached,
P3,20820002,large_angular_gap_n10,10,1.0,1000.0,1500.0,large_angular_gap,{},True,True,10,10,1.0,3789.202967902382,378.92029679023824,2884.202967902382,725.0,130.0,30.0,20.0,155,29.02636748700752,0,0,0,coverage_certificate_and_all_found_cleared,
P3,20820002,large_angular_gap_n13,13,1.0,1000.0,1500.0,large_angular_gap,{},True,True,13,13,1.0,4173.10450057384,321.00803850567996,3262.10450057384,715.0,131.0,39.0,26.0,156,32.3984106190037,0,0,0,coverage_certificate_and_all_found_cleared,
P3,20820002,large_angular_gap_n16,16,1.0,1000.0,1500.0,large_angular_gap,{},True,True,16,16,1.0,3368.458469465626,210.52865434160162,2507.458469465626,665.0,116.0,48.0,32.0,149,47.17971441001282,0,0,0,upper_bound_reached,
P3,20820003,area_uniform_n10,10,1.0,1000.0,1500.0,area_uniform,{},True,True,10,10,1.0,3380.7616898545316,338.07616898545314,2506.7616898545307,695.0,129.0,30.0,20.0,149,30.506227838006453,0,0,0,coverage_certificate_and_all_found_cleared,
P3,20820003,area_uniform_n13,13,1.0,1000.0,1500.0,area_uniform,{},True,True,13,13,1.0,3732.969140611612,287.1514723547394,2817.9691406116112,720.0,130.0,39.0,26.0,157,33.98732233599003,0,0,0,coverage_certificate_and_all_found_cleared,
P3,20820003,area_uniform_n16,16,1.0,1000.0,1500.0,area_uniform,{},True,True,16,16,1.0,4177.34435219228,261.0840220120175,3393.3443521922786,600.0,104.0,48.0,32.0,136,42.90917232200445,0,0,0,upper_bound_reached,
P3,20820003,boundary_heavy_n10,10,1.0,1000.0,1500.0,boundary_heavy,{},True,True,10,10,1.0,3517.554182851934,351.7554182851934,2584.554182851935,745.0,138.0,30.0,20.0,159,30.307090247006272,0,0,0,coverage_certificate_and_all_found_cleared,
P3,20820003,boundary_heavy_n13,13,1.0,1000.0,1500.0,boundary_heavy,{},True,True,13,13,1.0,4058.590852796057,312.19929636892743,3092.590852796057,755.0,137.0,48.0,26.0,167,38.52819604000251,3,0,0,coverage_certificate_and_all_found_cleared,
P3,20820003,boundary_heavy_n16,16,1.0,1000.0,1500.0,boundary_heavy,{},True,True,16,16,1.0,4108.290474599481,256.76815466246757,3086.2904745994815,795.0,144.0,51.0,32.0,176,60.73895186200389,1,0,0,upper_bound_reached,
P3,20820003,clustered_n10,10,1.0,1000.0,1500.0,clustered,{},True,True,10,10,1.0,2661.347922843901,266.1347922843901,1977.3479228439016,535.0,99.0,30.0,20.0,117,20.990355927002383,0,0,0,coverage_certificate_and_all_found_cleared,
P3,20820003,clustered_n13,13,1.0,1000.0,1500.0,clustered,{},True,True,13,13,1.0,3270.4050356475905,251.56961812673774,2547.40503564759,560.0,98.0,39.0,26.0,125,30.313440875004744,0,0,0,coverage_certificate_and_all_found_cleared,
P3,20820003,clustered_n16,16,1.0,1000.0,1500.0,clustered,{},True,True,16,16,1.0,3369.36493262604,210.5853082891275,2678.3649326260415,515.0,93.0,51.0,32.0,120,42.79051787100616,1,0,0,upper_bound_reached,
P3,20820003,near_pairs_n10,10,1.0,1000.0,1500.0,near_pairs,{},True,True,10,10,1.0,2804.675483900294,280.4675483900294,2007.6754839002942,630.0,114.0,33.0,20.0,137,27.779453363997163,1,0,0,coverage_certificate_and_all_found_cleared,
P3,20820003,near_pairs_n13,13,1.0,1000.0,1500.0,near_pairs,{},True,True,13,13,1.0,3179.893904534026,244.60722342569431,2397.8939045340258,605.0,112.0,39.0,26.0,134,28.98739177599782,0,0,0,coverage_certificate_and_all_found_cleared,
P3,20820003,near_pairs_n16,16,1.0,1000.0,1500.0,near_pairs,{},True,True,16,16,1.0,3392.474807534496,212.029675470906,2636.4748075344964,575.0,101.0,48.0,32.0,131,30.879811954000616,0,0,0,upper_bound_reached,
P3,20820003,large_angular_gap_n10,10,1.0,1000.0,1500.0,large_angular_gap,{},True,True,10,10,1.0,3125.166392366144,312.5166392366144,2272.166392366145,680.0,123.0,30.0,20.0,146,30.497461067992845,0,0,0,coverage_certificate_and_all_found_cleared,
P3,20820003,large_angular_gap_n13,13,1.0,1000.0,1500.0,large_angular_gap,{},True,True,13,13,1.0,3453.9966538479734,265.69205029599794,2602.996653847973,665.0,121.0,39.0,26.0,146,33.77628756398917,0,0,0,coverage_certificate_and_all_found_cleared,
P3,20820003,large_angular_gap_n16,16,1.0,1000.0,1500.0,large_angular_gap,{},True,True,16,16,1.0,3770.4145518990326,235.65090949368954,2899.414551899032,670.0,121.0,48.0,32.0,150,41.985581678993185,0,0,0,upper_bound_reached,
P3,20820004,area_uniform_n10,10,1.0,1000.0,1500.0,area_uniform,{},True,True,10,10,1.0,2810.098891725049,281.00988917250487,2032.0988917250497,615.0,113.0,30.0,20.0,133,28.125065252010245,0,0,0,coverage_certificate_and_all_found_cleared,
P3,20820004,area_uniform_n13,13,1.0,1000.0,1500.0,area_uniform,{},True,True,13,13,1.0,3606.6386777633506,277.43374444333466,2826.638677763351,605.0,110.0,39.0,26.0,134,31.708250900002895,0,0,0,coverage_certificate_and_all_found_cleared,
P3,20820004,area_uniform_n16,16,1.0,1000.0,1500.0,area_uniform,{},True,True,16,16,1.0,3648.6764640338693,228.04227900211683,2867.6764640338693,595.0,106.0,48.0,32.0,135,38.470451556990156,0,0,0,upper_bound_reached,
P3,20820004,boundary_heavy_n10,10,1.0,1000.0,1500.0,boundary_heavy,{},True,True,10,10,1.0,3686.351597381009,368.6351597381009,2782.3515973810095,725.0,129.0,30.0,20.0,155,26.381488834013,0,0,0,coverage_certificate_and_all_found_cleared,
P3,20820004,boundary_heavy_n13,13,1.0,1000.0,1500.0,boundary_heavy,{},True,True,13,13,1.0,4063.6335672414266,312.58719748010975,3126.6335672414266,740.0,132.0,39.0,26.0,161,33.44419556298817,0,0,0,coverage_certificate_and_all_found_cleared,
P3,20820004,boundary_heavy_n16,16,1.0,1000.0,1500.0,boundary_heavy,{},True,True,16,16,1.0,4207.490707772382,262.96816923577387,3252.4907077723815,745.0,130.0,48.0,32.0,165,38.01381547500205,0,0,0,upper_bound_reached,
P3,20820004,clustered_n10,10,1.0,1000.0,1500.0,clustered,{},True,True,10,10,1.0,2685.3092884587318,268.5309288458732,2021.3092884587313,515.0,99.0,30.0,20.0,113,19.149142619004124,0,0,0,coverage_certificate_and_all_found_cleared,
P3,20820004,clustered_n13,13,1.0,1000.0,1500.0,clustered,{},True,True,13,13,1.0,2732.096322646581,210.16125558819854,2094.096322646581,485.0,88.0,39.0,26.0,110,27.692127805989003,0,0,0,coverage_certificate_and_all_found_cleared,
P3,20820004,clustered_n16,16,1.0,1000.0,1500.0,clustered,{},True,True,16,16,1.0,3013.7753927523777,188.3609620470236,2373.77539275238,475.0,85.0,48.0,32.0,111,31.924033182003768,0,0,0,upper_bound_reached,
P3,20820004,near_pairs_n10,10,1.0,1000.0,1500.0,near_pairs,{},True,True,10,10,1.0,2847.6172171345984,284.76172171345985,2105.617217134598,585.0,107.0,30.0,20.0,127,25.632055381007376,0,0,0,coverage_certificate_and_all_found_cleared,
P3,20820004,near_pairs_n13,13,1.0,1000.0,1500.0,near_pairs,{},True,True,13,13,1.0,2823.7399089409478,217.21076222622676,2074.7399089409478,575.0,109.0,39.0,26.0,128,29.640198926994344,0,0,0,coverage_certificate_and_all_found_cleared,
P3,20820004,near_pairs_n16,16,1.0,1000.0,1500.0,near_pairs,{},True,True,16,16,1.0,3353.065145568708,209.56657159804425,2594.065145568708,575.0,104.0,48.0,32.0,131,34.33013924700208,0,0,0,upper_bound_reached,
P3,20820004,large_angular_gap_n10,10,1.0,1000.0,1500.0,large_angular_gap,{},True,True,10,10,1.0,2790.181152582925,279.0181152582925,2023.1811525829241,605.0,112.0,30.0,20.0,131,25.418228270005784,0,0,0,coverage_certificate_and_all_found_cleared,
P3,20820004,large_angular_gap_n13,13,1.0,1000.0,1500.0,large_angular_gap,{},True,True,13,13,1.0,3673.654622633377,282.58881712564437,2877.6546226333776,620.0,108.0,42.0,26.0,138,28.080621495988453,1,0,0,coverage_certificate_and_all_found_cleared,
P3,20820004,large_angular_gap_n16,16,1.0,1000.0,1500.0,large_angular_gap,{},True,True,16,16,1.0,3629.7690290865826,226.8605643179114,2830.769029086583,610.0,106.0,51.0,32.0,139,29.518732388998615,1,0,0,upper_bound_reached,
P3,20820005,area_uniform_n10,10,1.0,1000.0,1500.0,area_uniform,{},True,True,10,10,1.0,2934.199588461232,293.4199588461232,2135.199588461232,635.0,114.0,30.0,20.0,137,24.26218024500122,0,0,0,coverage_certificate_and_all_found_cleared,
P3,20820005,area_uniform_n13,13,1.0,1000.0,1500.0,area_uniform,{},True,True,13,13,1.0,3110.3494070669244,239.25764669745573,2286.3494070669244,630.0,114.0,54.0,26.0,144,27.154877016990213,5,0,0,coverage_certificate_and_all_found_cleared,
P3,20820005,area_uniform_n16,16,1.0,1000.0,1500.0,area_uniform,{},True,True,16,16,1.0,3300.4260968496833,206.2766310531052,2515.426096849683,595.0,110.0,48.0,32.0,135,27.324568237003405,0,0,0,upper_bound_reached,
P3,20820005,boundary_heavy_n10,10,1.0,1000.0,1500.0,boundary_heavy,{},True,True,10,10,1.0,3752.337693761231,375.2337693761231,2879.3376937612315,695.0,128.0,30.0,20.0,149,23.04890132599394,0,0,0,coverage_certificate_and_all_found_cleared,
P3,20820005,boundary_heavy_n13,13,1.0,1000.0,1500.0,boundary_heavy,{},True,True,13,13,1.0,4067.8728771051938,312.91329823886105,3162.8728771051933,710.0,130.0,39.0,26.0,155,24.10269408900058,0,0,0,coverage_certificate_and_all_found_cleared,
P3,20820005,boundary_heavy_n16,16,1.0,1000.0,1500.0,boundary_heavy,{},True,True,16,16,1.0,4218.7666611759305,263.67291632349566,3283.766661175931,725.0,130.0,48.0,32.0,161,24.704243198008044,0,0,0,upper_bound_reached,
P3,20820005,clustered_n10,10,1.0,1000.0,1500.0,clustered,{},True,True,10,10,1.0,2532.674352209032,253.2674352209032,1803.674352209032,570.0,109.0,30.0,20.0,124,22.399015032991883,0,0,0,coverage_certificate_and_all_found_cleared,
P3,20820005,clustered_n13,13,1.0,1000.0,1500.0,clustered,{},True,True,13,13,1.0,2813.7441273999357,216.4418559538412,2132.744127399935,520.0,96.0,39.0,26.0,117,23.663714723006706,0,0,0,coverage_certificate_and_all_found_cleared,
P3,20820005,clustered_n16,16,1.0,1000.0,1500.0,clustered,{},True,True,16,16,1.0,1895.5908288548458,118.47442680342786,1280.590828854846,450.0,85.0,48.0,32.0,106,25.01521415100433,0,0,0,upper_bound_reached,
P3,20820005,near_pairs_n10,10,1.0,1000.0,1500.0,near_pairs,{},True,True,10,10,1.0,2686.992869694712,268.69928696947125,1920.9928696947127,605.0,111.0,30.0,20.0,131,20.198918907000916,0,0,0,coverage_certificate_and_all_found_cleared,
P3,20820005,near_pairs_n13,13,1.0,1000.0,1500.0,near_pairs,{},True,True,13,13,1.0,3024.398986504485,232.6460758849604,2255.3989865044837,595.0,109.0,39.0,26.0,132,21.44557661100407,0,0,0,coverage_certificate_and_all_found_cleared,
P3,20820005,near_pairs_n16,16,1.0,1000.0,1500.0,near_pairs,{},True,True,16,16,1.0,3330.7025616082333,208.16891010051458,2506.7025616082333,630.0,114.0,48.0,32.0,142,21.259232387994416,0,0,0,upper_bound_reached,
P3,20820005,large_angular_gap_n10,10,1.0,1000.0,1500.0,large_angular_gap,{},True,True,10,10,1.0,2976.1017337243024,297.61017337243027,2163.1017337243006,645.0,118.0,30.0,20.0,139,19.29706691201136,0,0,0,coverage_certificate_and_all_found_cleared,
P3,20820005,large_angular_gap_n13,13,1.0,1000.0,1500.0,large_angular_gap,{},True,True,13,13,1.0,3433.6402166380217,264.12617051061704,2611.6402166380226,640.0,117.0,39.0,26.0,141,19.749869787992793,0,0,0,coverage_certificate_and_all_found_cleared,
P3,20820005,large_angular_gap_n16,16,1.0,1000.0,1500.0,large_angular_gap,{},True,True,16,16,1.0,4149.3267769391605,259.33292355869753,3304.3267769391614,635.0,109.0,69.0,32.0,150,20.14869342900056,7,0,0,upper_bound_reached,
