strategy,seed,channel,first_seen_time_s,directional
integrated_route,0,5,29.0,False
integrated_route,0,6,35.0,False
integrated_route,0,13,77.0,False
integrated_route,0,20,119.0,False
integrated_route,0,10,319.0,False
integrated_route,0,12,331.0,True
integrated_route,0,1,530.4272816820655,False
integrated_route,0,4,548.4272816820655,False
integrated_route,0,2,790.4272816820655,True
integrated_route,0,7,1322.4272816820655,True
integrated_route,0,18,1642.4272816820655,False
integrated_route,0,16,2231.843299461778,True
integrated_route,0,3,3139.0616957996813,True
integrated_route,0,9,5132.369149507269,True
integrated_route,0,14,6186.856262566912,True
integrated_route,0,8,7154.582944391915,True
integrated_route,1,7,41.0,False
integrated_route,1,13,77.0,True
integrated_route,1,14,83.0,False
integrated_route,1,19,113.0,False
integrated_route,1,17,361.0,True
integrated_route,1,8,567.0,True
integrated_route,1,9,1837.0,True
integrated_route,1,3,4261.4660236251575,True
integrated_route,1,4,4503.4660236251575,True
integrated_route,1,11,4527.4660236251575,False
integrated_route,1,16,4557.4660236251575,True
integrated_route,2,6,35.0,False
integrated_route,2,13,77.0,False
integrated_route,2,15,89.0,True
integrated_route,2,2,271.0,False
integrated_route,2,4,283.0,True
integrated_route,2,16,355.0,False
integrated_route,2,17,361.0,False
integrated_route,2,20,893.0,True
integrated_route,2,1,1295.9649770336798,False
integrated_route,2,19,2111.96497703368,True
integrated_route,2,12,2795.245427420488,True
integrated_route,2,3,4711.6493205239285,False
integrated_route,2,5,4723.6493205239285,False
integrated_route,2,10,4753.6493205239285,False
integrated_route,2,11,4759.6493205239285,False
integrated_route,2,14,4765.6493205239285,True
integrated_route,3,1,5.0,False
integrated_route,3,2,11.0,True
integrated_route,3,8,47.0,False
integrated_route,3,16,95.0,False
integrated_route,3,19,113.0,False
integrated_route,3,10,1093.0,True
integrated_route,3,5,1571.0,False
integrated_route,3,11,1607.0,False
integrated_route,3,12,2382.104047043814,False
integrated_route,3,14,5646.197008329534,False
integrated_route,3,18,6983.854118697202,False
integrated_route,4,2,11.0,False
integrated_route,4,4,23.0,True
integrated_route,4,9,53.0,False
integrated_route,4,17,101.0,True
integrated_route,4,5,289.0,False
integrated_route,4,10,319.0,True
integrated_route,4,13,857.0317500090098,True
integrated_route,4,1,1299.0317500090098,False
integrated_route,4,16,1383.0317500090098,False
integrated_route,4,15,4184.446497930905,False
integrated_route,4,7,4372.446497930905,True
integrated_route,5,3,17.0,False
integrated_route,5,8,47.0,False
integrated_route,5,9,53.0,False
integrated_route,5,12,71.0,False
integrated_route,5,17,101.0,True
integrated_route,5,6,2085.0,True
integrated_route,5,7,2091.0,False
integrated_route,5,1,2563.0,True
integrated_route,5,2,2885.4873730619274,False
integrated_route,5,11,2933.4873730619274,True
integrated_route,5,13,3373.743590756762,False
integrated_route,5,18,5395.957352377318,True
integrated_route,5,15,5643.2574397351045,False
integrated_route,5,4,7688.600897452043,True
integrated_route,6,2,11.0,False
integrated_route,6,3,17.0,False
integrated_route,6,4,23.0,True
integrated_route,6,6,35.0,True
integrated_route,6,9,53.0,False
integrated_route,6,10,59.0,True
integrated_route,6,14,83.0,True
integrated_route,6,15,89.0,False
integrated_route,6,16,355.0,False
integrated_route,6,11,589.1045024176914,False
integrated_route,6,18,631.1045024176914,False
integrated_route,6,20,643.1045024176914,False
integrated_route,6,1,2037.2611419693683,True
integrated_route,6,19,2896.6925440124724,False
integrated_route,6,8,3073.667066290979,True
integrated_route,6,12,5779.827244329346,False
integrated_route,7,1,5.0,False
integrated_route,7,9,53.0,False
integrated_route,7,13,77.0,False
integrated_route,7,19,113.0,True
integrated_route,7,18,1649.0,True
integrated_route,7,16,2133.0,True
integrated_route,7,5,2952.4239678197287,True
integrated_route,7,4,4411.26798156645,False
integrated_route,7,2,4858.615339983375,False
integrated_route,7,6,5107.092952521849,True
integrated_route,7,10,6818.321569618613,True
integrated_route,7,3,8741.20918353075,True
integrated_route,8,4,283.0,False
integrated_route,8,19,373.0,False
integrated_route,8,16,2276.0989520880426,False
integrated_route,8,3,2452.0989520880426,True
integrated_route,8,9,2730.0989520880426,True
integrated_route,8,5,2959.0990002229687,True
integrated_route,8,7,3464.835555436723,False
integrated_route,8,13,5171.489779116742,True
integrated_route,8,17,5625.489779116742,True
integrated_route,8,2,5789.489779116742,False
integrated_route,8,12,5819.489779116742,True
integrated_route,9,2,11.0,False
integrated_route,9,9,53.0,False
integrated_route,9,19,113.0,False
integrated_route,9,12,331.0,True
integrated_route,9,8,593.4193140359794,False
integrated_route,9,11,611.4193140359794,True
integrated_route,9,5,829.4193140359794,True
integrated_route,9,20,1167.4193140359794,True
integrated_route,9,14,1645.4193140359794,True
integrated_route,9,16,3451.68362606426,True
integrated_route,9,18,3463.68362606426,True
integrated_route,9,1,4298.0277299173495,False
integrated_route,9,6,7631.046272134882,True
integrated_route,10,2,11.0,False
integrated_route,10,7,41.0,False
integrated_route,10,10,59.0,False
integrated_route,10,13,77.0,False
integrated_route,10,14,83.0,True
integrated_route,10,16,95.0,True
integrated_route,10,19,633.0,True
integrated_route,10,17,881.0,True
integrated_route,10,5,2109.0,True
integrated_route,10,1,5384.179488081555,True
integrated_route,10,8,5420.179488081555,False
integrated_route,10,15,5456.179488081555,True
integrated_route,10,11,5934.9019261623735,False
integrated_route,10,3,8115.631086378491,True
integrated_route,11,3,17.0,False
integrated_route,11,7,41.0,True
integrated_route,11,8,47.0,True
integrated_route,11,17,101.0,False
integrated_route,11,18,107.0,False
integrated_route,11,11,325.0,True
integrated_route,11,19,373.0,False
integrated_route,11,15,609.0,True
integrated_route,11,13,2097.0,True
integrated_route,11,9,2944.0262252716393,False
integrated_route,11,2,3150.0262252716393,True
integrated_route,11,20,3809.2976929016318,True
integrated_route,11,10,6716.307617952206,True
integrated_route,12,5,29.0,False
integrated_route,12,6,35.0,False
integrated_route,12,8,47.0,False
integrated_route,12,15,89.0,True
integrated_route,12,17,101.0,True
integrated_route,12,13,337.0,True
integrated_route,12,1,525.0,True
integrated_route,12,19,869.0,True
integrated_route,12,4,3184.4020362542574,True
integrated_route,12,11,3450.4020362542574,True
integrated_route,12,12,4615.005796324147,True
integrated_route,12,9,6860.104626995516,True
integrated_route,12,16,9171.520089507529,True
integrated_route,13,5,29.0,False
integrated_route,13,8,47.0,True
integrated_route,13,12,71.0,False
integrated_route,13,2,271.0,False
integrated_route,13,3,277.0,False
integrated_route,13,18,367.0,False
integrated_route,13,9,1086.6032396933138,True
integrated_route,13,6,2266.9023138014136,True
integrated_route,13,4,3863.8211656029507,True
integrated_route,13,10,4123.821165602951,True
integrated_route,13,11,5866.08792996361,False
integrated_route,13,13,5878.08792996361,True
integrated_route,14,9,53.0,True
integrated_route,14,18,107.0,False
integrated_route,14,19,113.0,True
integrated_route,14,20,119.0,True
integrated_route,14,12,331.0,True
integrated_route,14,5,2068.3566685113274,False
integrated_route,14,17,2624.3566685113274,True
integrated_route,14,8,3669.4805815920145,False
integrated_route,14,11,3681.4805815920145,False
integrated_route,14,2,5770.241994662346,True
integrated_route,15,1,5.0,False
integrated_route,15,8,47.0,False
integrated_route,15,11,65.0,True
integrated_route,15,17,101.0,False
integrated_route,15,20,119.0,False
integrated_route,15,13,1117.0,True
integrated_route,15,15,3843.722267815415,True
integrated_route,15,2,4516.40496278564,False
integrated_route,15,3,4764.40496278564,False
integrated_route,15,19,4848.40496278564,True
integrated_route,15,6,5253.559051382419,True
integrated_route,16,7,41.0,False
integrated_route,16,11,65.0,True
integrated_route,16,16,95.0,True
integrated_route,16,20,119.0,False
integrated_route,16,8,307.0,True
integrated_route,16,14,343.0,True
integrated_route,16,10,932.0874366037323,False
integrated_route,16,18,2230.53692906592,True
integrated_route,16,5,2878.53692906592,False
integrated_route,16,4,3682.4558244508235,True
integrated_route,16,19,4062.0333875982087,True
integrated_route,16,1,4208.033387598209,True
integrated_route,17,9,53.0,False
integrated_route,17,11,65.0,False
integrated_route,17,14,83.0,True
integrated_route,17,15,89.0,False
integrated_route,17,5,289.0,False
integrated_route,17,12,874.2080404871999,True
integrated_route,17,2,1812.2080404872,True
integrated_route,17,20,2156.2080404872,True
integrated_route,17,10,2600.453102241031,True
integrated_route,17,18,2878.453102241031,True
integrated_route,17,13,4538.232842558004,False
integrated_route,17,19,4780.232842558004,False
integrated_route,17,1,5584.682601645198,True
integrated_route,17,6,5608.682601645198,True
integrated_route,18,3,17.0,False
integrated_route,18,5,29.0,False
integrated_route,18,8,47.0,False
integrated_route,18,11,65.0,False
integrated_route,18,15,349.0,False
integrated_route,18,17,361.0,False
integrated_route,18,13,4019.759292750049,True
integrated_route,18,18,4291.759292750049,True
integrated_route,18,4,6650.359322776862,True
integrated_route,18,7,6668.359322776862,True
integrated_route,18,19,7423.545783783353,False
integrated_route,19,4,23.0,False
integrated_route,19,5,29.0,True
integrated_route,19,11,65.0,False
integrated_route,19,19,113.0,False
integrated_route,19,20,119.0,False
integrated_route,19,16,614.9333971684338,True
integrated_route,19,7,4240.393876594968,False
integrated_route,19,17,4288.393876594968,True
integrated_route,19,6,4464.393876594968,True
integrated_route,19,12,4494.393876594968,True
integrated_route,19,2,7227.62115299304,True
integrated_route,19,3,7233.62115299304,True
integrated_route,19,18,7293.62115299304,True
integrated_route,19,10,8036.894755032315,True
integrated_route,19,9,8218.894755032314,True
integrated_route,20,1,5.0,False
integrated_route,20,3,17.0,True
integrated_route,20,5,29.0,False
integrated_route,20,8,47.0,False
integrated_route,20,9,53.0,False
integrated_route,20,16,95.0,False
integrated_route,20,11,325.0,True
integrated_route,20,18,367.0,True
integrated_route,20,2,826.4166903116551,True
integrated_route,20,7,3798.3979720935877,False
integrated_route,20,6,4016.3979720935877,True
integrated_route,20,12,5397.585841922592,False
integrated_route,20,14,5409.585841922592,False
integrated_route,20,20,5869.585841922592,False
integrated_route,20,4,6244.278026850233,True
integrated_route,21,8,47.0,True
integrated_route,21,10,59.0,False
integrated_route,21,14,83.0,True
integrated_route,21,15,89.0,False
integrated_route,21,16,95.0,False
integrated_route,21,20,119.0,False
integrated_route,21,3,277.0,True
integrated_route,21,9,1078.5004859497615,False
integrated_route,21,12,4632.783668026446,False
integrated_route,21,13,5098.783668026446,True
integrated_route,21,7,5528.7800661100855,True
integrated_route,22,5,29.0,False
integrated_route,22,6,35.0,False
integrated_route,22,17,101.0,False
integrated_route,22,4,283.0,False
integrated_route,22,15,609.0,True
integrated_route,22,16,1862.7341102689943,True
integrated_route,22,1,2032.7341102689943,False
integrated_route,22,11,3385.3735123923193,False
integrated_route,22,12,5168.089597571707,False
integrated_route,22,8,5688.57671063135,False
integrated_route,22,2,7206.445386994282,False
integrated_route,23,1,5.0,True
integrated_route,23,2,11.0,True
integrated_route,23,3,17.0,True
integrated_route,23,5,29.0,True
integrated_route,23,11,65.0,False
integrated_route,23,17,101.0,False
integrated_route,23,7,301.0,False
integrated_route,23,9,313.0,False
integrated_route,23,14,603.0,False
integrated_route,23,19,633.0,True
integrated_route,23,20,1655.0,False
integrated_route,23,10,2504.612208963245,False
integrated_route,23,6,4074.2280881073107,True
integrated_route,23,8,4528.228088107311,True
integrated_route,23,18,6135.501160516389,True
integrated_route,23,4,6970.417100271111,True
integrated_route,24,3,17.0,False
integrated_route,24,7,41.0,False
integrated_route,24,15,89.0,True
integrated_route,24,4,283.0,False
integrated_route,24,5,289.0,True
integrated_route,24,17,361.0,False
integrated_route,24,6,2082.282492006689,True
integrated_route,24,18,2148.282492006689,True
integrated_route,24,1,2820.9093511547926,True
integrated_route,24,13,3278.589524598667,True
integrated_route,24,11,3656.096129402768,True
integrated_route,24,20,3698.096129402768,False
integrated_route,24,19,6935.966364042781,True
integrated_route,24,2,7301.865624347203,True
integrated_route,24,14,7519.865624347203,True
integrated_route,25,1,5.0,False
integrated_route,25,2,11.0,True
integrated_route,25,5,29.0,False
integrated_route,25,7,41.0,False
integrated_route,25,10,59.0,True
integrated_route,25,13,77.0,True
integrated_route,25,17,101.0,True
integrated_route,25,20,119.0,True
integrated_route,25,15,349.0,True
integrated_route,25,19,667.2915286293511,False
integrated_route,25,14,898.9045619904297,False
integrated_route,25,16,910.9045619904297,False
integrated_route,25,18,5897.250991872836,True
integrated_route,26,1,5.0,False
integrated_route,26,2,11.0,True
integrated_route,26,3,17.0,False
integrated_route,26,10,59.0,True
integrated_route,26,11,65.0,False
integrated_route,26,14,83.0,False
integrated_route,26,6,295.0,False
integrated_route,26,9,313.0,True
integrated_route,26,13,337.0,False
integrated_route,26,7,2997.0286587456744,True
integrated_route,26,20,3517.0286587456744,False
integrated_route,26,5,4200.342235987545,True
integrated_route,26,15,4468.509158836612,False
integrated_route,26,4,4644.509158836612,True
integrated_route,26,8,4662.509158836612,True
integrated_route,27,9,53.0,False
integrated_route,27,10,59.0,True
integrated_route,27,12,71.0,False
integrated_route,27,14,83.0,False
integrated_route,27,15,89.0,False
integrated_route,27,16,95.0,False
integrated_route,27,20,119.0,True
integrated_route,27,2,817.6361660083426,False
integrated_route,27,7,847.6361660083426,True
integrated_route,27,6,2952.0921540808067,True
integrated_route,27,17,3248.0921540808067,True
integrated_route,27,3,4048.3631617492383,True
integrated_route,27,5,4060.3631617492383,False
integrated_route,27,13,4084.3631617492383,False
integrated_route,27,19,7505.672266404833,False
integrated_route,28,4,23.0,True
integrated_route,28,5,29.0,False
integrated_route,28,6,35.0,True
integrated_route,28,11,65.0,False
integrated_route,28,17,101.0,True
integrated_route,28,20,119.0,False
integrated_route,28,13,606.0606146364318,True
integrated_route,28,8,1084.0606146364316,True
integrated_route,28,7,1840.0606146364316,False
integrated_route,28,18,3217.009726915298,True
integrated_route,29,4,23.0,False
integrated_route,29,16,95.0,False
integrated_route,29,20,119.0,True
integrated_route,29,6,295.0,False
integrated_route,29,7,301.0,False
integrated_route,29,19,373.0,False
integrated_route,29,2,531.0,False
integrated_route,29,1,796.8807110548471,True
integrated_route,29,13,1370.880711054847,True
integrated_route,29,8,2902.667020297608,True
integrated_route,29,10,4386.364333560245,True
integrated_route,29,12,5468.342574421289,True
integrated_route,29,3,6330.157675967048,False
integrated_route,29,15,9335.816316429502,True
integrated_route,30,4,23.0,True
integrated_route,30,7,41.0,False
integrated_route,30,8,47.0,False
integrated_route,30,10,59.0,False
integrated_route,30,9,313.0,False
integrated_route,30,19,1153.0,False
integrated_route,30,1,2905.2522829673903,False
integrated_route,30,3,2917.2522829673903,False
integrated_route,30,11,2959.2522829673903,False
integrated_route,30,15,3497.3683383266925,False
integrated_route,30,2,4222.143419659024,True
integrated_route,30,16,4936.143419659024,True
integrated_route,30,18,6900.880050070134,True
integrated_route,30,17,7294.880050070134,True
integrated_route,31,3,17.0,False
integrated_route,31,4,23.0,True
integrated_route,31,5,29.0,True
integrated_route,31,13,77.0,True
integrated_route,31,16,95.0,False
integrated_route,31,19,113.0,True
integrated_route,31,9,313.0,True
integrated_route,31,2,540.0588910308007,False
integrated_route,31,15,618.0588910308007,False
integrated_route,31,20,642.0588910308007,False
integrated_route,32,7,41.0,False
integrated_route,32,10,59.0,False
integrated_route,32,12,331.0,False
integrated_route,32,15,349.0,True
integrated_route,32,2,2696.372653377588,True
integrated_route,32,16,3978.372653377588,True
integrated_route,32,1,4478.825371224629,True
integrated_route,32,8,4508.825371224629,True
integrated_route,32,5,6353.799597343915,True
integrated_route,32,6,8173.836766527823,False
integrated_route,33,3,17.0,False
integrated_route,33,8,47.0,False
integrated_route,33,10,59.0,True
integrated_route,33,13,77.0,False
integrated_route,33,14,83.0,True
integrated_route,33,15,89.0,False
integrated_route,33,16,95.0,False
integrated_route,33,19,113.0,True
integrated_route,33,20,119.0,False
integrated_route,33,18,1156.4373675737115,False
integrated_route,33,9,2653.472116710252,False
integrated_route,33,17,4592.891068483656,True
integrated_route,33,11,6116.737905726364,True
integrated_route,33,6,7150.524423832639,True
integrated_route,34,5,29.0,True
integrated_route,34,6,35.0,True
integrated_route,34,7,41.0,True
integrated_route,34,12,71.0,True
integrated_route,34,13,77.0,False
integrated_route,34,1,265.0,False
integrated_route,34,15,349.0,False
integrated_route,34,18,367.0,True
integrated_route,34,10,581.9825785931954,True
integrated_route,34,20,906.4021134897439,False
integrated_route,34,8,5740.8791123518595,True
integrated_route,34,14,6655.83879614221,True
integrated_route,34,19,7097.83879614221,True
integrated_route,34,2,7455.83879614221,True
integrated_route,35,2,11.0,False
integrated_route,35,5,29.0,True
integrated_route,35,20,119.0,True
integrated_route,35,3,277.0,True
integrated_route,35,6,295.0,False
integrated_route,35,11,325.0,True
integrated_route,35,19,633.0,True
integrated_route,35,14,1849.7571932919968,False
integrated_route,35,1,3731.5567538835003,False
integrated_route,35,10,3767.5567538835003,False
integrated_route,35,16,5861.76467374146,True
integrated_route,35,7,6225.76467374146,True
integrated_route,35,9,8392.838684867627,True
integrated_route,35,17,8616.838684867627,True
integrated_route,36,2,11.0,False
integrated_route,36,3,17.0,True
integrated_route,36,5,29.0,True
integrated_route,36,6,35.0,True
integrated_route,36,10,59.0,True
integrated_route,36,17,101.0,False
integrated_route,36,11,2110.114103273823,False
integrated_route,36,1,4825.1200947854795,False
integrated_route,36,7,4855.1200947854795,True
integrated_route,36,19,4921.1200947854795,False
integrated_route,36,9,8061.614069764161,True
integrated_route,36,4,9947.451699506466,True
integrated_route,37,2,11.0,True
integrated_route,37,3,17.0,True
integrated_route,37,8,47.0,False
integrated_route,37,11,65.0,True
integrated_route,37,15,89.0,True
integrated_route,37,20,119.0,False
integrated_route,37,6,295.0,False
integrated_route,37,17,361.0,False
integrated_route,37,7,561.0,True
integrated_route,37,13,2157.0,False
integrated_route,37,12,3179.8707367214383,True
integrated_route,37,9,4494.478734886355,False
integrated_route,37,4,4694.478734886355,True
integrated_route,37,18,4766.478734886355,True
integrated_route,37,5,5254.793846906587,True
integrated_route,38,8,47.0,True
integrated_route,38,11,65.0,False
integrated_route,38,20,119.0,False
integrated_route,38,3,277.0,True
integrated_route,38,9,313.0,False
integrated_route,38,17,361.0,True
integrated_route,38,14,603.0,True
integrated_route,38,1,1097.1672583027007,False
integrated_route,38,12,3735.421806987517,True
integrated_route,38,4,4080.7971456664886,True
integrated_route,38,10,4328.797145666489,False
integrated_route,38,13,5637.394461569109,True
integrated_route,38,6,6800.175839583251,False
integrated_route,38,19,7353.989933316245,True
integrated_route,38,16,7541.989933316245,True
integrated_route,39,5,29.0,False
integrated_route,39,7,41.0,False
integrated_route,39,12,71.0,True
integrated_route,39,9,313.0,False
integrated_route,39,18,367.0,False
integrated_route,39,8,1387.5700271254605,False
integrated_route,39,11,1399.5700271254605,False
integrated_route,39,13,1411.5700271254605,True
integrated_route,39,10,4626.121365054091,True
integrated_route,39,17,5091.746397260507,False
integrated_route,39,1,8077.104983616103,True
integrated_route,40,3,17.0,False
integrated_route,40,5,29.0,False
integrated_route,40,6,35.0,False
integrated_route,40,10,59.0,False
integrated_route,40,15,89.0,True
integrated_route,40,17,101.0,False
integrated_route,40,20,119.0,True
integrated_route,40,8,307.0,False
integrated_route,40,19,2478.153921198525,False
integrated_route,40,2,4772.5161159907975,True
integrated_route,40,4,4778.5161159907975,True
integrated_route,40,11,4802.5161159907975,False
integrated_route,40,14,5468.5161159907975,True
integrated_route,41,7,41.0,True
integrated_route,41,9,53.0,False
integrated_route,41,12,71.0,False
integrated_route,41,5,289.0,True
integrated_route,41,8,307.0,True
integrated_route,41,13,337.0,True
integrated_route,41,20,379.0,True
integrated_route,41,6,1063.0,True
integrated_route,41,1,1523.0,False
integrated_route,41,10,2729.4394291104218,True
integrated_route,41,16,5687.838853070693,True
integrated_route,41,4,5863.838853070693,False
integrated_route,41,11,6716.89750348556,True
integrated_route,42,1,5.0,False
integrated_route,42,7,41.0,False
integrated_route,42,9,53.0,False
integrated_route,42,11,65.0,False
integrated_route,42,16,95.0,True
integrated_route,42,18,107.0,True
integrated_route,42,4,283.0,True
integrated_route,42,12,331.0,False
integrated_route,42,17,361.0,False
integrated_route,42,19,725.8007187971207,False
integrated_route,42,3,2160.1356582026447,True
integrated_route,42,8,2440.8427272579347,True
integrated_route,42,2,4657.768788321755,True
integrated_route,42,13,4693.768788321755,False
integrated_route,42,14,4924.204109739774,False
integrated_route,43,8,47.0,False
integrated_route,43,10,59.0,False
integrated_route,43,18,367.0,True
integrated_route,43,20,646.9441118309862,True
integrated_route,43,1,1300.0238225420208,True
integrated_route,43,5,4400.609346823185,True
integrated_route,43,12,4430.609346823185,True
integrated_route,43,15,5368.609346823185,True
integrated_route,43,14,5671.503376650007,True
integrated_route,43,4,7605.857064001444,True
integrated_route,44,4,23.0,False
integrated_route,44,6,35.0,False
integrated_route,44,10,59.0,True
integrated_route,44,11,65.0,True
integrated_route,44,17,101.0,False
integrated_route,44,18,107.0,False
integrated_route,44,15,349.0,True
integrated_route,44,16,355.0,False
integrated_route,44,13,626.0746919785117,True
integrated_route,44,5,832.0746919785117,True
integrated_route,44,1,1068.0746919785117,True
integrated_route,44,2,3632.7587222996594,False
integrated_route,44,19,3932.3131117430657,True
integrated_route,45,3,17.0,True
integrated_route,45,10,59.0,True
integrated_route,45,13,77.0,False
integrated_route,45,1,265.0,False
integrated_route,45,5,289.0,False
integrated_route,45,9,313.0,True
integrated_route,45,20,379.0,True
integrated_route,45,6,1831.0,False
integrated_route,45,14,2133.0,False
integrated_route,45,8,4876.244315296279,False
integrated_route,45,2,5300.244315296279,True
integrated_route,45,16,8963.473180935242,True
integrated_route,46,2,11.0,False
integrated_route,46,5,29.0,False
integrated_route,46,12,71.0,False
integrated_route,46,13,77.0,False
integrated_route,46,20,119.0,False
integrated_route,46,17,621.0,True
integrated_route,46,1,2837.439634964363,True
integrated_route,46,8,2873.439634964363,False
integrated_route,46,10,5419.578888289883,True
integrated_route,46,9,9551.03898224561,True
integrated_route,47,12,71.0,False
integrated_route,47,13,77.0,False
integrated_route,47,15,89.0,False
integrated_route,47,18,107.0,False
integrated_route,47,11,325.0,True
integrated_route,47,10,1879.0,True
integrated_route,47,3,2097.0,True
integrated_route,47,14,2441.493705207586,False
integrated_route,47,9,3496.7576353071127,False
integrated_route,47,5,4198.284444602867,True
integrated_route,47,1,4885.1796772526195,False
integrated_route,47,7,5659.6667903122625,True
integrated_route,48,5,29.0,True
integrated_route,48,8,47.0,False
integrated_route,48,10,59.0,True
integrated_route,48,13,77.0,False
integrated_route,48,15,89.0,False
integrated_route,48,18,107.0,False
integrated_route,48,4,283.0,True
integrated_route,48,7,301.0,True
integrated_route,48,11,325.0,False
integrated_route,48,17,361.0,False
integrated_route,48,2,668.0232911367282,False
integrated_route,48,3,2467.4310020788635,True
integrated_route,48,12,2921.4310020788635,False
integrated_route,48,16,5698.116641815459,False
integrated_route,49,4,23.0,True
integrated_route,49,11,65.0,False
integrated_route,49,12,71.0,False
integrated_route,49,2,271.0,False
integrated_route,49,13,337.0,True
integrated_route,49,14,343.0,False
integrated_route,49,20,379.0,True
integrated_route,49,5,559.7245931149215,True
integrated_route,49,1,4590.261323282044,True
integrated_route,49,17,5104.261323282044,True
integrated_route,50,4,23.0,False
integrated_route,50,6,35.0,False
integrated_route,50,8,47.0,True
integrated_route,50,14,83.0,False
integrated_route,50,15,89.0,False
integrated_route,50,20,119.0,False
integrated_route,50,2,799.0130253798173,False
integrated_route,50,12,853.0130253798173,False
integrated_route,50,11,1154.4455939142426,True
integrated_route,50,17,1426.4455939142426,True
integrated_route,50,16,2026.9619315976638,True
integrated_route,50,9,6835.988258770988,True
integrated_route,50,3,7330.695524676169,False
integrated_route,51,5,29.0,True
integrated_route,51,8,47.0,False
integrated_route,51,16,95.0,False
integrated_route,51,17,361.0,False
integrated_route,51,9,578.0117208386753,False
integrated_route,51,18,626.0117208386753,True
integrated_route,51,6,3566.8019527884207,True
integrated_route,51,7,3835.394662712028,False
integrated_route,51,20,3895.394662712028,False
integrated_route,51,14,4343.394662712028,False
integrated_route,51,15,5797.675963872693,True
integrated_route,52,1,5.0,False
integrated_route,52,14,83.0,False
integrated_route,52,12,331.0,False
integrated_route,52,13,337.0,False
integrated_route,52,6,820.2120627964674,False
integrated_route,52,16,874.2120627964674,False
integrated_route,52,8,1339.6054125888,True
integrated_route,52,7,3655.1285182348,True
integrated_route,52,17,3691.1285182348,True
integrated_route,52,18,3697.1285182348,True
integrated_route,52,3,3861.1285182348,True
integrated_route,52,2,8446.611854235305,True
integrated_route,53,3,17.0,True
integrated_route,53,10,59.0,False
integrated_route,53,14,83.0,False
integrated_route,53,15,89.0,False
integrated_route,53,16,95.0,False
integrated_route,53,18,107.0,False
integrated_route,53,19,373.0,False
integrated_route,53,12,851.0,True
integrated_route,53,1,3794.4165070109366,True
integrated_route,53,6,3824.4165070109366,True
integrated_route,53,8,3836.4165070109366,False
integrated_route,53,17,4786.416507010937,False
integrated_route,53,13,7701.489908655573,True
integrated_route,53,7,8361.32333919339,True
integrated_route,54,6,35.0,False
integrated_route,54,10,59.0,True
integrated_route,54,20,119.0,False
integrated_route,54,4,283.0,True
integrated_route,54,8,307.0,False
integrated_route,54,17,361.0,True
integrated_route,54,7,2640.5388299994083,True
integrated_route,54,19,2706.5388299994083,True
integrated_route,54,15,2941.611994926817,True
integrated_route,54,16,5563.21318710731,True
integrated_route,54,18,7186.080200406379,True
integrated_route,55,10,59.0,False
integrated_route,55,16,95.0,False
integrated_route,55,12,331.0,False
integrated_route,55,19,373.0,True
integrated_route,55,5,4355.156974260216,False
integrated_route,55,2,5989.131027554208,True
integrated_route,55,3,6225.131027554208,True
integrated_route,55,7,6473.131027554208,False
integrated_route,55,6,7834.167241493762,True
integrated_route,55,11,9267.654825736126,True
integrated_route,56,12,71.0,True
integrated_route,56,14,83.0,False
integrated_route,56,15,89.0,False
integrated_route,56,17,101.0,True
integrated_route,56,20,119.0,True
integrated_route,56,6,295.0,True
integrated_route,56,9,313.0,True
integrated_route,56,7,567.0934102378609,False
integrated_route,56,10,585.0934102378609,True
integrated_route,56,1,785.0934102378609,True
integrated_route,56,4,803.0934102378609,True
integrated_route,56,2,2019.093410237861,True
integrated_route,56,13,3254.807252225974,False
integrated_route,56,16,5318.741050384795,False
integrated_route,56,18,5324.741050384795,False
integrated_route,56,3,6567.270500730218,True
integrated_route,57,12,71.0,False
integrated_route,57,13,77.0,True
integrated_route,57,17,101.0,True
integrated_route,57,19,113.0,False
integrated_route,57,1,265.0,False
integrated_route,57,11,3025.6713070513474,False
integrated_route,57,16,3049.6713070513474,True
integrated_route,57,5,5417.572719145071,True
integrated_route,57,8,5659.572719145071,False
integrated_route,57,7,7209.522063631305,True
integrated_route,58,2,11.0,True
integrated_route,58,5,29.0,True
integrated_route,58,7,41.0,True
integrated_route,58,8,47.0,False
integrated_route,58,9,53.0,False
integrated_route,58,12,71.0,True
integrated_route,58,19,113.0,True
integrated_route,58,6,295.0,True
integrated_route,58,11,325.0,False
integrated_route,58,18,367.0,True
integrated_route,58,20,3189.960808812597,True
integrated_route,58,15,5301.795041781348,True
integrated_route,58,16,5307.795041781348,False
integrated_route,58,14,5598.327015954294,True
integrated_route,59,3,17.0,False
integrated_route,59,5,29.0,False
integrated_route,59,14,83.0,False
integrated_route,59,1,1825.0,True
integrated_route,59,11,2660.940473033181,True
integrated_route,59,16,3805.169705521896,False
integrated_route,59,10,4751.565687050566,True
integrated_route,59,12,4757.565687050566,True
integrated_route,59,15,4775.565687050566,False
integrated_route,59,18,5247.565687050566,False
integrated_route,59,8,7993.243492407916,True
integrated_route,60,3,17.0,False
integrated_route,60,5,29.0,False
integrated_route,60,10,59.0,False
integrated_route,60,13,77.0,False
integrated_route,60,16,95.0,False
integrated_route,60,2,271.0,True
integrated_route,60,6,295.0,True
integrated_route,60,1,533.9104325620835,False
integrated_route,60,8,817.9104325620835,True
integrated_route,60,19,1379.9104325620835,True
integrated_route,60,9,4523.414336321895,True
integrated_route,60,14,4541.414336321895,False
integrated_route,61,6,35.0,True
integrated_route,61,8,47.0,False
integrated_route,61,10,59.0,True
integrated_route,61,12,71.0,False
integrated_route,61,20,119.0,True
integrated_route,61,11,325.0,False
integrated_route,61,18,367.0,True
integrated_route,61,2,870.8662682251709,True
integrated_route,61,15,3172.241144640856,True
integrated_route,61,13,4036.9133276503244,True
integrated_route,61,1,5252.315848729648,True
integrated_route,61,7,5718.315848729648,True
integrated_route,61,16,6307.438253889779,False
integrated_route,62,8,47.0,False
integrated_route,62,12,71.0,False
integrated_route,62,17,101.0,False
integrated_route,62,19,1933.0,True
integrated_route,62,15,2169.0,True
integrated_route,62,14,2943.0,False
integrated_route,62,20,2979.0,False
integrated_route,62,11,4751.904737991022,True
integrated_route,62,16,4987.904737991022,False
integrated_route,62,1,5673.8963516133335,True
integrated_route,62,6,6127.8963516133335,True
integrated_route,62,3,6617.228120639416,False
integrated_route,62,10,6653.228120639416,True
integrated_route,62,9,7053.228120639416,True
integrated_route,63,9,53.0,False
integrated_route,63,11,65.0,True
integrated_route,63,16,95.0,False
integrated_route,63,7,301.0,False
integrated_route,63,3,549.8563785803499,True
integrated_route,63,4,555.8563785803499,False
integrated_route,63,10,591.8563785803499,True
integrated_route,63,5,2742.2331854915597,True
integrated_route,63,13,4034.363185955359,False
integrated_route,63,15,6604.783886894485,False
integrated_route,63,2,6998.783886894485,True
integrated_route,63,12,7246.783886894485,True
integrated_route,63,14,8901.397283386246,True
integrated_route,64,1,5.0,False
integrated_route,64,2,11.0,False
integrated_route,64,3,17.0,False
integrated_route,64,4,23.0,True
integrated_route,64,7,41.0,True
integrated_route,64,11,65.0,False
integrated_route,64,16,95.0,False
integrated_route,64,18,107.0,False
integrated_route,64,20,119.0,False
integrated_route,64,19,1649.0,True
integrated_route,64,12,2905.5007669943016,False
integrated_route,64,5,3099.2109805663385,True
integrated_route,64,13,3141.2109805663385,True
integrated_route,65,4,23.0,False
integrated_route,65,14,83.0,False
integrated_route,65,15,89.0,True
integrated_route,65,16,95.0,False
integrated_route,65,20,119.0,False
integrated_route,65,8,307.0,False
integrated_route,65,7,1571.0,False
integrated_route,65,2,3892.3953825982294,True
integrated_route,65,9,3922.3953825982294,False
integrated_route,65,17,3964.3953825982294,False
integrated_route,65,18,4454.39538259823,True
integrated_route,65,6,6388.7247961697,True
integrated_route,65,10,7100.595050546965,True
integrated_route,66,2,11.0,True
integrated_route,66,5,29.0,True
integrated_route,66,8,47.0,False
integrated_route,66,13,77.0,True
integrated_route,66,19,1153.0,True
integrated_route,66,20,3154.6724149924794,True
integrated_route,66,10,3602.6724149924794,True
integrated_route,66,9,4092.6724149924794,False
integrated_route,66,14,4116.672414992479,True
integrated_route,66,15,5112.999695450478,False
integrated_route,67,8,47.0,False
integrated_route,67,9,313.0,False
integrated_route,67,7,2911.9852358898925,False
integrated_route,67,15,2947.9852358898925,False
integrated_route,67,5,3891.9852358898925,True
integrated_route,67,19,4462.967271281837,True
integrated_route,67,14,5146.967271281837,True
integrated_route,67,4,5340.967271281837,True
integrated_route,67,18,7373.823825684169,True
integrated_route,67,10,8821.823825684169,True
integrated_route,68,2,11.0,False
integrated_route,68,6,35.0,False
integrated_route,68,8,47.0,False
integrated_route,68,9,53.0,False
integrated_route,68,15,349.0,True
integrated_route,68,20,1673.0,False
integrated_route,68,16,2707.609797429874,True
integrated_route,68,4,3131.609797429874,False
integrated_route,68,19,3209.609797429874,False
integrated_route,68,14,3427.609797429874,True
integrated_route,68,17,3675.609797429874,False
integrated_route,68,12,5289.251419393471,True
integrated_route,68,13,5295.251419393471,True
integrated_route,68,11,7302.397540783739,True
integrated_route,68,5,7484.397540783739,True
integrated_route,69,3,17.0,False
integrated_route,69,7,41.0,True
integrated_route,69,8,47.0,True
integrated_route,69,10,59.0,False
integrated_route,69,11,65.0,False
integrated_route,69,6,295.0,False
integrated_route,69,14,343.0,False
integrated_route,69,16,355.0,True
integrated_route,69,18,367.0,True
integrated_route,69,9,599.8813715802878,True
integrated_route,69,12,865.8813715802878,True
integrated_route,69,2,2293.272195859521,True
integrated_route,69,5,2795.272195859521,False
integrated_route,69,4,4101.037884211602,True
integrated_route,69,13,6011.092652727789,True
integrated_route,70,3,17.0,True
integrated_route,70,5,29.0,False
integrated_route,70,10,59.0,False
integrated_route,70,13,77.0,False
integrated_route,70,16,95.0,False
integrated_route,70,2,271.0,False
integrated_route,70,11,1625.0,False
integrated_route,70,19,2193.0,True
integrated_route,70,15,2798.883503856177,False
integrated_route,70,20,4254.680519581823,True
integrated_route,71,2,11.0,True
integrated_route,71,7,41.0,True
integrated_route,71,9,53.0,False
integrated_route,71,13,77.0,False
integrated_route,71,17,101.0,False
integrated_route,71,20,119.0,True
integrated_route,71,19,373.0,False
integrated_route,71,5,1856.0932380848467,True
integrated_route,71,10,3362.5803511444897,False
integrated_route,71,1,3945.9851129185,False
integrated_route,71,4,4400.046163865499,False
integrated_route,71,18,7695.165074725555,True
integrated_route,72,10,59.0,True
integrated_route,72,15,89.0,True
integrated_route,72,18,107.0,True
integrated_route,72,20,899.0,True
integrated_route,72,16,1915.0,True
integrated_route,72,6,4472.8846294707,False
integrated_route,72,17,4532.8846294707,False
integrated_route,72,11,5027.919892410989,True
integrated_route,72,12,8830.63505292543,True
integrated_route,72,3,9241.898559973244,True
integrated_route,73,5,29.0,False
integrated_route,73,8,47.0,True
integrated_route,73,9,53.0,True
integrated_route,73,10,59.0,True
integrated_route,73,17,101.0,False
integrated_route,73,14,1168.9673754725447,False
integrated_route,73,7,1640.9673754725447,True
integrated_route,73,6,1888.9673754725447,True
integrated_route,73,16,2223.0340409054174,False
integrated_route,73,4,3015.389722972394,True
integrated_route,73,2,4611.235762717597,True
integrated_route,73,15,9434.864479374819,True
integrated_route,74,4,23.0,False
integrated_route,74,6,35.0,False
integrated_route,74,12,71.0,True
integrated_route,74,13,77.0,False
integrated_route,74,17,101.0,True
integrated_route,74,18,107.0,False
integrated_route,74,20,119.0,False
integrated_route,74,5,289.0,True
integrated_route,74,15,970.6745603292908,False
integrated_route,74,8,1654.6745603292907,True
integrated_route,74,11,4123.154495703364,False
integrated_route,74,14,4129.154495703364,False
integrated_route,74,9,4329.154495703364,False
integrated_route,74,2,4780.356351200198,True
integrated_route,74,16,6842.982189295173,True
integrated_route,74,3,7000.982189295173,True
integrated_route,75,18,107.0,False
integrated_route,75,2,271.0,False
integrated_route,75,10,319.0,True
integrated_route,75,12,331.0,True
integrated_route,75,16,615.0,True
integrated_route,75,17,621.0,True
integrated_route,75,11,845.0,True
integrated_route,75,6,1855.0,False
integrated_route,75,13,3246.173226125888,True
integrated_route,75,14,3494.173226125888,True
integrated_route,75,20,4584.8370475905085,False
integrated_route,75,19,4903.415471052817,False
integrated_route,75,15,8117.261955082051,True
integrated_route,76,5,29.0,False
integrated_route,76,8,47.0,False
integrated_route,76,12,71.0,False
integrated_route,76,13,77.0,False
integrated_route,76,14,83.0,False
integrated_route,76,17,101.0,True
integrated_route,76,18,107.0,True
integrated_route,76,15,608.8478615550598,True
integrated_route,76,4,933.4843275918754,True
integrated_route,76,7,951.4843275918754,False
integrated_route,76,2,2345.4885660963782,True
integrated_route,76,10,3513.7123982368335,True
integrated_route,77,2,11.0,False
integrated_route,77,7,41.0,False
integrated_route,77,8,47.0,True
integrated_route,77,9,53.0,False
integrated_route,77,13,77.0,False
integrated_route,77,4,283.0,True
integrated_route,77,10,319.0,True
integrated_route,77,14,343.0,True
integrated_route,77,18,627.0,False
integrated_route,77,6,1088.6729089071093,True
integrated_route,77,20,1154.6729089071093,False
integrated_route,77,5,1449.8575701618108,False
integrated_route,77,16,1497.8575701618108,True
integrated_route,77,17,1503.8575701618108,False
integrated_route,77,3,1921.8575701618108,True
integrated_route,77,11,6972.954203217485,False
integrated_route,78,9,53.0,True
integrated_route,78,14,83.0,False
integrated_route,78,19,113.0,False
integrated_route,78,20,119.0,False
integrated_route,78,11,325.0,True
integrated_route,78,16,620.4834880743144,True
integrated_route,78,4,1161.6194645571948,True
integrated_route,78,13,2958.9491178227813,True
integrated_route,78,5,3480.01699137245,True
integrated_route,78,17,3534.01699137245,False
integrated_route,78,15,3752.01699137245,False
integrated_route,78,8,4415.153346212408,True
integrated_route,78,3,5122.656113634822,False
integrated_route,78,7,5134.656113634822,True
integrated_route,78,10,5146.656113634822,True
integrated_route,78,1,5824.28612872266,True
integrated_route,79,6,35.0,False
integrated_route,79,12,71.0,False
integrated_route,79,15,89.0,False
integrated_route,79,16,95.0,True
integrated_route,79,19,113.0,False
integrated_route,79,20,119.0,False
integrated_route,79,3,277.0,True
integrated_route,79,8,307.0,False
integrated_route,79,18,1225.2965605244426,False
integrated_route,79,17,2720.353429217363,True
integrated_route,79,2,5142.326311547812,False
integrated_route,80,1,5.0,True
integrated_route,80,4,23.0,True
integrated_route,80,7,41.0,False
integrated_route,80,14,83.0,False
integrated_route,80,15,89.0,False
integrated_route,80,18,107.0,False
integrated_route,80,6,295.0,False
integrated_route,80,19,2824.670353420102,False
integrated_route,80,13,3998.6383943345504,True
integrated_route,80,12,4464.63839433455,True
integrated_route,80,9,5852.37982102553,True
integrated_route,80,17,7116.866934085173,True
integrated_route,81,11,65.0,False
integrated_route,81,17,101.0,False
integrated_route,81,18,107.0,False
integrated_route,81,12,331.0,False
integrated_route,81,13,337.0,False
integrated_route,81,1,525.0,True
integrated_route,81,3,1553.0,True
integrated_route,81,6,2338.9396129551374,False
integrated_route,81,16,2380.9396129551374,False
integrated_route,81,15,4232.777150571377,False
integrated_route,81,10,4426.777150571377,True
integrated_route,81,20,6237.408010424562,True
integrated_route,81,14,6631.408010424562,True
integrated_route,81,8,9283.872587457405,True
integrated_route,82,1,5.0,False
integrated_route,82,3,17.0,False
integrated_route,82,5,29.0,False
integrated_route,82,7,41.0,True
integrated_route,82,8,47.0,True
integrated_route,82,10,59.0,True
integrated_route,82,17,361.0,True
integrated_route,82,19,373.0,True
integrated_route,82,6,549.0,True
integrated_route,82,16,6950.354380707729,True
integrated_route,82,11,8186.9799093348065,True
integrated_route,83,1,5.0,False
integrated_route,83,2,11.0,False
integrated_route,83,13,77.0,False
integrated_route,83,19,113.0,True
integrated_route,83,3,277.0,False
integrated_route,83,18,367.0,True
integrated_route,83,20,379.0,False
integrated_route,83,5,2349.8894513385853,True
integrated_route,83,17,2651.8894513385853,True
integrated_route,83,11,4271.993728296857,False
integrated_route,83,15,4289.993728296857,False
integrated_route,83,16,5203.313634710468,True
integrated_route,83,4,8417.747510570383,True
integrated_route,84,6,35.0,False
integrated_route,84,8,47.0,False
integrated_route,84,11,325.0,True
integrated_route,84,15,349.0,True
integrated_route,84,4,543.0,False
integrated_route,84,5,549.0,False
integrated_route,84,2,1595.1922990260716,True
integrated_route,84,3,2411.6794120857144,False
integrated_route,84,1,2957.31720772642,False
integrated_route,84,12,2999.31720772642,True
integrated_route,84,14,5143.115149480711,False
integrated_route,84,9,5337.115149480711,True
integrated_route,84,13,5349.115149480711,True
integrated_route,84,16,5582.205533544391,True
integrated_route,84,10,6166.0451646764195,True
integrated_route,85,14,83.0,False
integrated_route,85,16,95.0,False
integrated_route,85,4,283.0,True
integrated_route,85,7,301.0,False
integrated_route,85,10,319.0,True
integrated_route,85,8,2712.3472856165604,True
integrated_route,85,6,4158.347285616561,True
integrated_route,85,19,4869.709859288601,False
integrated_route,85,11,7108.07560800769,False
integrated_route,85,13,7120.07560800769,True
integrated_route,85,20,7380.07560800769,False
integrated_route,86,3,17.0,False
integrated_route,86,5,29.0,False
integrated_route,86,11,65.0,True
integrated_route,86,20,119.0,True
integrated_route,86,1,265.0,True
integrated_route,86,2,271.0,True
integrated_route,86,4,283.0,True
integrated_route,86,6,295.0,True
integrated_route,86,7,301.0,True
integrated_route,86,10,319.0,True
integrated_route,86,9,905.5113195849353,True
integrated_route,86,15,3799.2219161096446,False
integrated_route,86,18,3817.2219161096446,False
integrated_route,86,12,4707.1046487590065,True
integrated_route,86,14,5672.9840306172955,False
integrated_route,86,19,6781.4711436769385,True
integrated_route,87,6,35.0,False
integrated_route,87,7,301.0,True
integrated_route,87,12,331.0,True
integrated_route,87,16,355.0,False
integrated_route,87,18,887.0,True
integrated_route,87,11,1984.0597839140173,False
integrated_route,87,17,2522.0597839140173,True
integrated_route,87,13,3012.0597839140173,False
integrated_route,87,4,3232.3655077973426,False
integrated_route,87,9,4823.809054529097,True
integrated_route,87,2,8841.455637138211,True
integrated_route,88,3,17.0,True
integrated_route,88,14,83.0,False
integrated_route,88,19,113.0,True
integrated_route,88,8,307.0,False
integrated_route,88,13,1117.0,True
integrated_route,88,18,1936.5672825118063,True
integrated_route,88,11,2154.5672825118063,True
integrated_route,88,4,4476.6728579950195,True
integrated_route,88,1,4932.737630047664,True
integrated_route,88,2,4938.737630047664,True
integrated_route,88,17,5004.737630047664,True
integrated_route,88,7,6747.423471286213,True
integrated_route,88,6,8120.413009439153,True
integrated_route,89,3,17.0,True
integrated_route,89,4,23.0,False
integrated_route,89,9,53.0,True
integrated_route,89,16,355.0,False
integrated_route,89,20,639.0,True
integrated_route,89,6,826.5551379020562,True
integrated_route,89,14,3543.4082275311252,False
integrated_route,89,5,6367.623665021042,True
integrated_route,89,12,6403.623665021042,True
integrated_route,89,7,6833.623665021042,True
integrated_route,90,14,83.0,False
integrated_route,90,17,101.0,True
integrated_route,90,18,107.0,False
integrated_route,90,13,337.0,True
integrated_route,90,3,537.0,True
integrated_route,90,5,809.0,True
integrated_route,90,8,827.0,True
integrated_route,90,15,2689.0,True
integrated_route,90,10,4442.8473821493135,True
integrated_route,90,12,4454.8473821493135,False
integrated_route,90,16,6870.067086141708,True
integrated_route,91,13,77.0,False
integrated_route,91,14,83.0,False
integrated_route,91,17,101.0,False
integrated_route,91,19,113.0,True
integrated_route,91,15,349.0,False
integrated_route,91,20,379.0,False
integrated_route,91,6,1678.324348158178,True
integrated_route,91,12,1714.324348158178,False
integrated_route,91,8,2656.2815646977633,False
integrated_route,91,16,4356.84664527624,False
integrated_route,92,3,17.0,False
integrated_route,92,4,23.0,False
integrated_route,92,8,47.0,False
integrated_route,92,15,89.0,False
integrated_route,92,17,101.0,False
integrated_route,92,18,635.0366019903064,True
integrated_route,92,2,864.379131475709,False
integrated_route,92,1,1106.379131475709,True
integrated_route,92,10,4296.054445748303,False
integrated_route,92,19,4344.054445748303,False
integrated_route,92,6,4726.054445748303,False
integrated_route,92,20,5271.484634578812,False
integrated_route,92,9,6120.172519472722,True
integrated_route,93,2,11.0,True
integrated_route,93,5,29.0,False
integrated_route,93,6,35.0,False
integrated_route,93,10,59.0,False
integrated_route,93,13,77.0,False
integrated_route,93,14,83.0,False
integrated_route,93,15,89.0,False
integrated_route,93,20,119.0,True
integrated_route,93,1,265.0,False
integrated_route,93,3,277.0,True
integrated_route,93,4,283.0,False
integrated_route,93,7,1212.2448172122747,True
integrated_route,93,19,1496.2448172122747,True
integrated_route,93,11,3148.749715915674,True
integrated_route,93,12,3154.749715915674,True
integrated_route,93,16,5569.641804927815,True
integrated_route,94,6,35.0,True
integrated_route,94,9,53.0,False
integrated_route,94,14,83.0,False
integrated_route,94,5,289.0,True
integrated_route,94,4,803.0,True
integrated_route,94,20,899.0,True
integrated_route,94,10,3489.0592678487037,True
integrated_route,94,12,3501.0592678487037,True
integrated_route,94,1,3919.0592678487037,False
integrated_route,94,7,3937.0592678487037,True
integrated_route,94,8,3943.0592678487037,False
integrated_route,94,17,3991.0592678487037,False
integrated_route,94,11,4195.724210489725,True
integrated_route,94,16,7297.6725467067945,True
integrated_route,95,5,29.0,False
integrated_route,95,10,59.0,True
integrated_route,95,16,95.0,False
integrated_route,95,19,113.0,True
integrated_route,95,6,562.7379727327324,True
integrated_route,95,15,610.7379727327324,False
integrated_route,95,18,1112.7379727327325,True
integrated_route,95,3,1766.7379727327325,True
integrated_route,95,12,2044.7379727327325,True
integrated_route,95,4,2474.7379727327325,True
integrated_route,95,2,4801.418360354001,True
integrated_route,95,13,5399.905473413644,True
integrated_route,95,20,5641.905473413644,False
integrated_route,95,1,5808.446072404459,False
integrated_route,95,9,6315.284854661428,True
integrated_route,95,17,9107.077923795443,True
integrated_route,96,1,5.0,False
integrated_route,96,6,35.0,True
integrated_route,96,7,41.0,False
integrated_route,96,11,325.0,True
integrated_route,96,14,343.0,False
integrated_route,96,19,1153.0,False
integrated_route,96,18,2175.0,False
integrated_route,96,4,3244.8591256260206,True
integrated_route,96,3,4065.7769275492055,False
integrated_route,96,20,4389.75395151665,True
integrated_route,96,12,6728.24433838196,False
integrated_route,96,13,7134.24433838196,False
integrated_route,97,2,11.0,True
integrated_route,97,6,35.0,False
integrated_route,97,12,71.0,False
integrated_route,97,18,107.0,False
integrated_route,97,1,265.0,True
integrated_route,97,16,615.0,False
integrated_route,97,5,2923.0228006882294,False
integrated_route,97,14,2965.0228006882294,True
integrated_route,97,15,5529.346955506363,False
integrated_route,97,17,5535.346955506363,False
integrated_route,97,19,6196.32213350099,True
integrated_route,98,8,47.0,False
integrated_route,98,15,89.0,True
integrated_route,98,18,107.0,False
integrated_route,98,20,119.0,True
integrated_route,98,9,313.0,False
integrated_route,98,12,851.0,True
integrated_route,98,5,1445.2085820474201,True
integrated_route,98,19,2533.2085820474204,False
integrated_route,98,2,5146.58366915144,False
integrated_route,98,11,9090.835883427819,True
integrated_route,98,14,9314.725616788288,False
integrated_route,98,16,9748.102117563145,True
integrated_route,99,5,29.0,False
integrated_route,99,6,35.0,True
integrated_route,99,17,101.0,False
integrated_route,99,20,119.0,True
integrated_route,99,3,277.0,False
integrated_route,99,8,643.7747025002643,True
integrated_route,99,13,673.7747025002643,True
integrated_route,99,14,2707.7988960407893,True
integrated_route,99,2,3149.6937255615503,False
integrated_route,99,9,5048.0477704162595,False
integrated_route,99,19,5314.0477704162595,True
integrated_route,99,10,6028.5348834759025,True
integrated_route,99,7,6440.5348834759025,True
